year,marital_status,age,education_years,children,happiness,employment_status,party_id,weight
2024,Never married,33,16,2,Not too happy,Working full time,Not very strong democrat,2.3694902976256658
2024,Never married,64,16,0,Pretty happy,Retired,Strong democrat,1.3911603691869314
2024,Married,69,14,0,Pretty happy,Retired,Strong democrat,1.171199350819168
2024,Never married,19,12,0,Pretty happy,Working part time,"Independent (neither, no response)",2.735829593562734
2024,Divorced,70,13,3,Not too happy,Retired,"Independent (neither, no response)",1.2729149400866704
2024,Married,53,14,2,Pretty happy,"Unemployed, laid off, looking for work","Independent (neither, no response)",1.3393593694342565
2024,Married,48,13,6,Pretty happy,Working full time,Strong democrat,4.070602748559611
2024,Divorced,30,14,1,Not too happy,In school,Other party,0.5329168352554281
2024,Married,60,14,2,Very happy,Working full time,Not very strong democrat,2.7525815416496706
2024,Never married,25,12,0,Pretty happy,"Unemployed, laid off, looking for work","Independent (neither, no response)",2.9400027085641187
2024,Never married,23,18,0,Pretty happy,Working full time,Strong democrat,7.140647465190739
2024,Widowed,68,5,1,Very happy,Retired,"Independent, close to democrat",1.390744696608036
2024,Divorced,43,14,2,Pretty happy,Working full time,Other party,0.9890053603959718
2024,Divorced,37,12,1,Not too happy,Working full time,"Independent (neither, no response)",1.5987505057662863
2024,Divorced,63,12,3,Very happy,Working full time,"Independent (neither, no response)",1.382596636176642
2024,Married,31,19,1,Very happy,Working full time,Strong democrat,2.5869502868223826
2024,Married,64,16,2,Pretty happy,Working full time,"Independent, close to republican",1.2799960704099735
2024,Married,NA,13,NA,Very happy,Retired,"Independent (neither, no response)",1.1111783618588644
2024,Married,63,11,1,Very happy,Working part time,Strong republican,1.2930540981673777
2024,Divorced,41,8,2,Pretty happy,Working part time,Not very strong democrat,2.272429434968744
2024,Divorced,75,13,2,Pretty happy,Retired,"Independent (neither, no response)",0.37076038378035814
2024,Married,51,16,2,Pretty happy,Working full time,Strong democrat,3.6675367522511695
2024,Divorced,69,14,0,Pretty happy,Working full time,Not very strong republican,0.8434807776044381
2024,Married,48,12,1,Not too happy,"With a job, but not at work because of temporary illness, vacation, strike",Strong republican,2.0658797247846747
2024,Married,58,14,2,Pretty happy,Working full time,Not very strong democrat,0.952740761212424
2024,Married,71,18,3,Very happy,Working part time,Not very strong republican,3.070895909828657
2024,Married,73,16,2,Pretty happy,Retired,Strong democrat,1.7997905446227038
2024,Married,74,14,3,Pretty happy,Retired,Strong democrat,0.4165608523358017
2024,Married,56,14,2,Very happy,"With a job, but not at work because of temporary illness, vacation, strike",Strong republican,0.9049082779453276
2024,Married,40,14,3,Not too happy,Working full time,Not very strong democrat,0.9947369274110124
2024,Married,55,13,1,Not too happy,"Unemployed, laid off, looking for work",Not very strong republican,3.314969270312748
2024,Married,55,18,2,Pretty happy,"With a job, but not at work because of temporary illness, vacation, strike","Independent (neither, no response)",2.9323063243901153
2024,Never married,31,12,0,Pretty happy,Working full time,Not very strong democrat,2.720532533554215
2024,Never married,61,18,0,Not too happy,Working full time,Other party,0.9606057190626742
2024,Never married,71,12,0,Pretty happy,Working part time,"Independent, close to republican",0.37076038378035814
2024,Married,70,16,NA,Very happy,Retired,Other party,0.7369504343443701
2024,Married,60,16,1,Very happy,Keeping house,Other party,1.200675504072643
2024,Never married,57,11,5,Not too happy,"Unemployed, laid off, looking for work",Not very strong democrat,0.953600370282159
2024,Married,37,16,3,Pretty happy,Working part time,Strong republican,1.5846222664333538
2024,Never married,26,12,0,Not too happy,Working full time,"Independent (neither, no response)",1.9906059173241903
2024,Divorced,59,12,4,Pretty happy,Working full time,"Independent, close to republican",2.2374584987038797
2024,Married,65,12,3,Pretty happy,Working part time,Not very strong democrat,3.4716446534720036
2024,Married,71,17,2,Pretty happy,Working full time,"Independent (neither, no response)",0.7921301577220545
2024,Married,41,18,1,Pretty happy,Keeping house,"Independent, close to democrat",0.6991835982774477
2024,Married,58,17,3,Pretty happy,Working full time,Not very strong republican,0.9105132336412678
2024,Married,79,17,2,Pretty happy,Retired,"Independent, close to democrat",0.8382820179959682
2024,Widowed,83,16,0,Very happy,Retired,Strong republican,0.8009526451019596
2024,Married,57,16,2,Very happy,Working full time,Not very strong democrat,1.8210264672825356
2024,Married,NA,16,2,Pretty happy,Retired,"Independent, close to democrat",2.0472639398857684
2024,Married,65,11,2,Pretty happy,Working full time,"Independent (neither, no response)",1.553100672533838
2024,Married,74,16,2,Pretty happy,Retired,Strong democrat,0.7369504343443701
2024,Married,61,18,0,Pretty happy,Working full time,Strong republican,0.8004503360484281
2024,Never married,24,16,0,Very happy,Working full time,Not very strong democrat,0.44941049828063634
2024,Never married,61,6,0,Not too happy,"Unemployed, laid off, looking for work",Strong democrat,0.4212415257132162
2024,Never married,56,16,0,Pretty happy,"With a job, but not at work because of temporary illness, vacation, strike","Independent, close to democrat",0.4455376428845989
2024,Never married,72,16,0,Pretty happy,Retired,Not very strong democrat,0.32796171835700993
2024,Married,NA,12,2,Very happy,Keeping house,"Independent (neither, no response)",0.972663972402068
2024,Divorced,49,18,0,Pretty happy,Working full time,Strong democrat,0.31115451413243456
2024,Married,78,13,2,Not too happy,Retired,"Independent (neither, no response)",0.9476769553025344
2024,Never married,63,13,1,Not too happy,"With a job, but not at work because of temporary illness, vacation, strike","Independent (neither, no response)",0.37274150045944937
2024,Never married,57,18,0,Pretty happy,Working full time,Strong democrat,0.8699673465843306
2024,Never married,26,16,0,Pretty happy,Working full time,"Independent, close to democrat",0.6393817293587869
2024,Married,89,12,2,Not too happy,Retired,Not very strong republican,0.8955023249430635
2024,Divorced,79,15,1,Very happy,Working full time,Strong republican,0.42174038880221904
2024,Never married,22,16,0,Very happy,Working full time,Strong democrat,0.8988209965612727
2024,Married,49,17,2,Very happy,"Unemployed, laid off, looking for work","Independent, close to democrat",0.7902476934537659
2024,Never married,52,16,NA,Pretty happy,Working full time,Strong democrat,0.3562207923840057
2024,Divorced,70,17,0,Not too happy,Retired,Not very strong democrat,0.3730568546775164
2024,Never married,23,15,0,Pretty happy,Working part time,Strong democrat,1.4929544379931428
2024,Never married,25,16,0,Pretty happy,Working part time,"Independent (neither, no response)",1.7735421184431612
2024,Married,41,17,2,Pretty happy,"Unemployed, laid off, looking for work",Not very strong republican,0.6471568401893939
2024,Never married,37,16,0,Not too happy,Working part time,Not very strong democrat,0.47707197463850415
2024,Married,32,16,0,Pretty happy,Working full time,"Independent (neither, no response)",2.366397783159091
2024,Never married,32,16,0,Very happy,Working full time,Strong democrat,0.8876783581486501
2024,Never married,54,12,4,Pretty happy,Working full time,Not very strong republican,2.0242078257023666
2024,Never married,56,13,1,Very happy,Working part time,"Independent, close to democrat",0.4144206782315749
2024,Never married,28,16,0,Pretty happy,Working full time,"Independent, close to republican",0.8988209965612727
2024,Never married,46,16,0,Pretty happy,"Unemployed, laid off, looking for work",Strong democrat,0.3517598567682546
2024,Never married,20,14,0,Not too happy,In school,"Independent (neither, no response)",1.31248601057394
2024,Never married,31,16,0,Pretty happy,Working part time,"Independent, close to democrat",0.7628668847356999
2024,Never married,49,12,0,Very happy,Working full time,Strong republican,0.3764490631888065
2024,Separated,59,16,2,Pretty happy,Working full time,Strong republican,1.610464892112807
2024,Married,65,NA,2,Pretty happy,"Unemployed, laid off, looking for work","Independent (neither, no response)",1.0354004483558907
2024,Married,74,3,5,Very happy,Keeping house,"Independent (neither, no response)",0.7838203286275283
2024,Separated,47,17,3,Pretty happy,Keeping house,"Independent (neither, no response)",0.5760025626250671
2024,Married,62,14,8,Pretty happy,Keeping house,Strong democrat,0.3543706295276866
2024,Separated,37,13,3,NA,Working part time,Not very strong democrat,0.8569176079287124
2024,Divorced,50,12,2,Pretty happy,Working full time,Not very strong democrat,0.37274150045944937
2024,Never married,34,14,3,Very happy,Working part time,"Independent (neither, no response)",0.7972247959558044
2024,Married,36,16,0,Pretty happy,Working part time,Strong democrat,1.3090394106975958
2024,Widowed,75,14,2,Pretty happy,Retired,Not very strong democrat,0.33542345958298897
2024,Divorced,41,13,3,Not too happy,Other,"Independent (neither, no response)",0.3029049154304451
2024,Married,36,7,3,Very happy,Keeping house,"Independent, close to democrat",1.0829467181355634
2024,Married,41,17,8,Very happy,Working full time,"Independent (neither, no response)",1.3731946455256958
2024,Married,79,12,2,Pretty happy,Retired,"Independent, close to democrat",0.4738384776512672
2024,Never married,26,13,0,Pretty happy,Working full time,"Independent (neither, no response)",0.5228358576584138
2024,Never married,55,12,1,Pretty happy,Retired,Strong democrat,0.3703218232932828
2024,Never married,34,12,0,Pretty happy,Working full time,Strong republican,0.9068441778514044
2024,Never married,54,12,0,Pretty happy,Working full time,Not very strong democrat,0.8288413564631498
2024,Never married,61,15,0,Very happy,Working full time,"Independent (neither, no response)",0.3643254802890409
2024,Never married,72,14,0,Pretty happy,Retired,Strong democrat,0.33542345958298897
2024,Never married,54,16,0,Pretty happy,Working full time,Not very strong democrat,0.7866679864631994
2024,Separated,57,20,1,Not too happy,"With a job, but not at work because of temporary illness, vacation, strike",Strong democrat,0.3067462841922028
2024,Married,60,18,0,Very happy,Working full time,Not very strong republican,1.2641419264244984
2024,Never married,86,16,0,Pretty happy,Retired,Strong democrat,1.032939113354483
2024,Married,66,12,2,Pretty happy,Retired,Strong republican,0.9476769553025344
2024,Widowed,55,12,3,Very happy,Working full time,Not very strong republican,0.37274150045944937
2024,Married,48,12,2,Very happy,Working full time,Strong democrat,0.4371612476737364
2024,Never married,34,14,2,Pretty happy,Working part time,Not very strong democrat,0.35087738695326304
2024,Divorced,32,16,0,Pretty happy,Working full time,Not very strong democrat,0.35087738695326304
2024,Divorced,68,15,0,Not too happy,Retired,Strong democrat,0.36213072079576875
2024,Never married,35,12,0,Very happy,Keeping house,"Independent (neither, no response)",0.8375695185321292
2024,Never married,44,12,5,Pretty happy,Working part time,"Independent (neither, no response)",0.7519340778745516
2024,Separated,48,12,2,Not too happy,Keeping house,"Independent (neither, no response)",0.38909578529178696
2024,Divorced,43,14,7,Not too happy,Other,"Independent (neither, no response)",0.8414762807305987
2024,Separated,43,13,4,Pretty happy,In school,Not very strong democrat,0.3029049154304451
2024,Separated,45,12,6,Very happy,"Unemployed, laid off, looking for work",Not very strong democrat,0.7397585743964772
2024,Never married,63,13,1,Pretty happy,Retired,Not very strong democrat,0.3467763573750317
2024,Never married,27,12,0,Not too happy,"Unemployed, laid off, looking for work","Independent (neither, no response)",1.2153713265863728
2024,Divorced,37,16,2,Not too happy,Working part time,Strong democrat,0.6207478241579366
2024,Married,60,12,1,Pretty happy,Retired,"Independent, close to democrat",0.8186620752165323
2024,Never married,44,10,0,Not too happy,"Unemployed, laid off, looking for work","Independent, close to democrat",0.36794933105534866
2024,Never married,24,12,0,Pretty happy,Working full time,"Independent, close to republican",1.4456407689702304
2024,Never married,51,13,6,Not too happy,"With a job, but not at work because of temporary illness, vacation, strike",Strong democrat,0.3944585295105384
2024,Never married,39,14,2,Pretty happy,Working part time,Strong republican,0.3429550301394953
2024,Never married,55,20,1,Pretty happy,Working full time,Strong democrat,0.9665556618666442
2024,Never married,48,11,4,Not too happy,Other,Not very strong republican,0.3078903525433007
2024,Married,60,16,0,Pretty happy,Working full time,"Independent, close to democrat",0.9105132336412678
2024,Divorced,60,16,2,Not too happy,Working full time,Not very strong republican,0.3562207923840057
2024,Widowed,70,17,1,Not too happy,Keeping house,"Independent, close to democrat",2.224059535532044
2024,Married,65,18,2,Pretty happy,Retired,Strong republican,2.0472639398857684
2024,Never married,54,13,0,Not too happy,Working full time,Not very strong democrat,1.0121039128511833
2024,Never married,45,11,4,Pretty happy,Keeping house,"Independent, close to democrat",1.5038681557491032
2024,Married,38,12,5,Not too happy,Working part time,"Independent, close to republican",1.100280703065053
2024,Never married,22,15,1,Pretty happy,Working full time,"Independent (neither, no response)",1.6311525629316768
2024,Widowed,76,16,1,Pretty happy,Retired,Not very strong republican,0.6559234367140199
2024,Married,42,20,3,Very happy,Working full time,Strong democrat,1.9423468681261535
2024,Widowed,89,16,2,Very happy,Keeping house,Not very strong republican,0.32796171835700993
2024,Widowed,89,12,5,Pretty happy,Retired,Strong democrat,1.4830415351214326
2024,Married,56,16,3,Not too happy,Keeping house,Not very strong republican,1.200675504072643
2024,Never married,55,14,1,Very happy,Working full time,"Independent (neither, no response)",0.3643254802890409
2024,Married,41,18,3,Very happy,Working full time,Not very strong democrat,0.7953221959020058
2024,Married,53,16,2,Not too happy,"Unemployed, laid off, looking for work",Not very strong democrat,0.9105132336412678
2024,Divorced,60,16,2,Pretty happy,Working full time,Strong democrat,0.3562207923840057
2024,Married,72,13,2,Pretty happy,Retired,Not very strong republican,0.7174117644216503
2024,Divorced,72,16,1,Pretty happy,Retired,"Independent, close to republican",0.9110846108023726
2024,Divorced,72,16,3,Pretty happy,Retired,Strong democrat,0.32796171835700993
2024,Widowed,89,16,3,Not too happy,Retired,"Independent, close to democrat",0.32796171835700993
2024,Married,71,12,3,Not too happy,Retired,Not very strong republican,2.034661351304971
2024,Widowed,74,17,3,Pretty happy,Retired,"Independent, close to democrat",0.32796171835700993
2024,Never married,30,16,0,Pretty happy,"With a job, but not at work because of temporary illness, vacation, strike",Strong republican,1.0059772307837125
2024,Widowed,77,16,0,Pretty happy,Retired,Strong democrat,0.8009526451019596
2024,Divorced,73,12,2,Pretty happy,Retired,Strong democrat,1.810952275622802
2024,Married,65,20,2,Pretty happy,Working part time,Strong democrat,0.7369504343443701
2024,Never married,59,16,3,Pretty happy,Working full time,"Independent, close to republican",1.2156047575605953
2024,Married,49,13,0,Not too happy,Working part time,"Independent, close to republican",2.1958211277485145
2024,Married,64,19,2,Pretty happy,Working full time,Not very strong republican,0.8004503360484281
2024,Married,70,18,1,Pretty happy,Retired,"Independent (neither, no response)",0.8382820179959682
2024,Married,68,14,0,Very happy,Retired,"Independent, close to democrat",2.3144297689813356
2024,Married,31,18,1,Very happy,Working full time,Strong democrat,0.9212811006631086
2024,Married,36,16,2,Very happy,Keeping house,Not very strong democrat,0.753497858307539
2024,Never married,36,16,2,Pretty happy,Working part time,Strong democrat,0.8624202250643234
2024,Married,45,16,2,Pretty happy,Working part time,Not very strong republican,0.6991835982774477
2024,Married,67,20,2,Pretty happy,Working part time,"Independent, close to republican",0.7461137093550327
2024,Married,52,16,4,Pretty happy,Working part time,"Independent, close to republican",1.6009006720968562
2024,Widowed,35,20,0,Pretty happy,Working full time,"Independent (neither, no response)",0.3103739120789683
2024,Never married,28,18,0,Pretty happy,Working full time,"Independent (neither, no response)",2.134593956280692
2024,Never married,41,16,0,Pretty happy,Working full time,Not very strong democrat,0.2814985855041995
2024,Never married,23,17,0,Pretty happy,Working full time,"Independent, close to democrat",0.44941049828063634
2024,Never married,27,17,0,Very happy,In school,"Independent (neither, no response)",0.4159695375174245
2024,Married,55,16,0,Pretty happy,Working part time,"Independent (neither, no response)",2.058203265971402
2024,Widowed,69,4,1,Pretty happy,Retired,"Independent, close to democrat",0.4050805134078993
2024,Never married,65,12,0,Pretty happy,Retired,Strong democrat,0.7415207675607163
2024,Married,38,14,3,Pretty happy,Working full time,"Independent, close to democrat",1.0114962169087842
2024,Never married,37,12,0,Pretty happy,Working full time,"Independent, close to republican",0.4312101125321617
2024,Separated,70,12,2,Pretty happy,Retired,Strong democrat,1.029980211256709
2024,Married,62,12,3,Pretty happy,Retired,Strong republican,1.2569271961890878
2024,Divorced,70,18,3,Pretty happy,Retired,Strong democrat,0.32796171835700993
2024,Divorced,64,15,2,Pretty happy,Retired,"Independent (neither, no response)",0.40270723777299744
2024,Widowed,60,16,0,Pretty happy,Retired,"Independent (neither, no response)",0.3067462841922028
2024,Never married,42,13,0,Pretty happy,Working full time,Not very strong republican,0.6364677201840516
2024,Married,27,16,0,Very happy,Working full time,Not very strong democrat,1.1170396528531288
2024,Never married,NA,20,0,Pretty happy,Working full time,Not very strong republican,0.3222696269179088
2024,Married,66,18,1,Pretty happy,Retired,Strong democrat,0.8382820179959682
2024,Divorced,58,16,1,Very happy,Working full time,Strong democrat,0.8459824074354294
2024,Married,69,16,1,Pretty happy,Retired,Strong democrat,0.8382820179959682
2024,Married,37,16,1,Pretty happy,Working full time,Not very strong democrat,0.8767764797690663
2024,Married,49,16,2,Pretty happy,In school,Strong democrat,1.0487753974161722
2024,Married,72,19,1,Pretty happy,Retired,Strong democrat,0.8382820179959682
2024,Never married,22,16,0,Pretty happy,In school,Other party,1.3482314948419103
2024,Married,80,20,1,Pretty happy,Retired,"Independent, close to democrat",0.8382820179959682
2024,Married,57,18,2,Pretty happy,Working full time,Not very strong democrat,0.4552566168206339
2024,Married,75,15,2,Pretty happy,Retired,Strong republican,0.8331217046716034
2024,Separated,32,16,2,Pretty happy,Working full time,Not very strong democrat,1.8630840582577108
2024,Married,34,14,0,Pretty happy,Keeping house,Not very strong republican,1.6703012050311898
2024,Never married,34,12,0,Not too happy,Working full time,"Independent (neither, no response)",0.42276745142796346
2024,Never married,34,12,0,Pretty happy,Other,Not very strong democrat,3.097465553424432
2024,Married,64,14,3,Not too happy,Working full time,"Independent (neither, no response)",1.1719497579449163
2024,Married,71,9,0,Pretty happy,Retired,Strong democrat,0.9986911365334448
2024,Never married,21,12,0,Pretty happy,Working full time,Strong republican,1.8270792459627772
2024,Married,29,20,2,Pretty happy,Working part time,NA,2.24601650065383
2024,Divorced,62,15,2,Pretty happy,Working part time,"Independent, close to republican",0.39482263434206327
2024,Married,73,13,0,Very happy,Retired,"Independent (neither, no response)",0.602956404185092
2024,Married,62,15,3,Very happy,"With a job, but not at work because of temporary illness, vacation, strike",Strong republican,0.5859748789724583
2024,Widowed,NA,1,3,Pretty happy,Retired,Not very strong democrat,0.4619017127192357
2024,Widowed,74,14,1,Very happy,Retired,Not very strong democrat,1.0309309341926742
2024,Never married,26,6,2,Very happy,Working full time,"Independent (neither, no response)",2.5315455974408856
2024,Never married,58,17,4,Not too happy,Keeping house,Strong democrat,2.3596560303242606
2024,Never married,18,12,0,Pretty happy,Working full time,"Independent, close to democrat",1.4943325091551316
2024,Never married,22,12,1,Not too happy,Working full time,Not very strong republican,5.5350498805509325
2024,Never married,30,12,0,Not too happy,"Unemployed, laid off, looking for work",Not very strong democrat,0.4441622143965593
2024,Never married,39,16,2,Pretty happy,Working full time,Strong republican,0.747930716987644
2024,Never married,19,13,0,Pretty happy,In school,"Independent (neither, no response)",2.266406735926524
2024,Never married,41,12,1,Pretty happy,Working part time,"Independent (neither, no response)",0.3623255400958419
2024,Widowed,38,11,2,Not too happy,Working part time,"Independent (neither, no response)",0.99170245484272
2024,Married,24,18,0,Pretty happy,Working full time,Other party,1.123008250326915
2024,Married,66,14,2,Very happy,Retired,Not very strong democrat,1.078978725164821
2024,Never married,33,12,1,Pretty happy,In school,"Independent, close to democrat",0.9819095734993356
2024,Widowed,48,16,5,Not too happy,Working full time,Strong democrat,0.8450538803057334
2024,Never married,21,15,0,Not too happy,Working part time,"Independent, close to democrat",1.4943325091551316
2024,Never married,28,11,0,Not too happy,Working part time,"Independent, close to republican",1.133203367963262
2024,Widowed,28,12,2,Not too happy,"Unemployed, laid off, looking for work","Independent (neither, no response)",0.566601683981631
2024,Never married,29,12,5,Not too happy,Keeping house,"Independent (neither, no response)",0.4981108363850434
2024,Never married,18,11,0,Not too happy,In school,Other party,2.303708964046714
2024,Married,40,14,1,Very happy,Working full time,"Independent (neither, no response)",2.1528291544894573
2024,Married,62,17,2,Pretty happy,Retired,Not very strong republican,2.343899515889833
2024,Married,39,12,2,Not too happy,Keeping house,Not very strong republican,1.1032060240175938
2024,Separated,NA,12,3,Pretty happy,Working full time,Not very strong democrat,0.4981108363850434
2024,Never married,53,18,0,Pretty happy,Working full time,Not very strong democrat,0.39482263434206327
2024,Married,41,18,0,Very happy,Working full time,Not very strong democrat,0.7368211904934758
2024,Married,72,14,3,Very happy,Retired,Strong democrat,1.1937347850786424
2024,Never married,34,14,1,Pretty happy,Working full time,Not very strong democrat,1.1149898850317408
2024,Married,35,16,0,Very happy,Working full time,Not very strong republican,1.0729999983708267
2024,Married,46,14,2,Very happy,Working full time,Strong democrat,0.8329755946316905
2024,Never married,80,18,0,Very happy,Retired,Not very strong republican,0.3734012046992785
2024,Divorced,34,17,1,Not too happy,Working full time,Not very strong democrat,0.9324018887292904
2024,Never married,35,12,3,Very happy,"Unemployed, laid off, looking for work","Independent (neither, no response)",0.9756445622116512
2024,Divorced,54,12,2,Very happy,"Unemployed, laid off, looking for work","Independent (neither, no response)",1.0968256537609926
2024,Married,73,17,4,Very happy,Retired,"Independent, close to democrat",2.3309147949352327
2024,Married,49,12,2,Pretty happy,Working full time,Strong democrat,0.8999408448830404
2024,Never married,55,12,2,Pretty happy,Working full time,Not very strong democrat,0.7182161177143538
2024,Married,37,12,3,Pretty happy,Working part time,"Independent (neither, no response)",0.9124578828798132
2024,Married,47,11,6,Pretty happy,Working full time,"Independent (neither, no response)",1.7920314823847003
2024,Never married,37,13,3,Pretty happy,Working full time,"Independent (neither, no response)",0.8455349028559269
2024,Never married,NA,17,0,Not too happy,"With a job, but not at work because of temporary illness, vacation, strike",Strong democrat,2.261046886463016
2024,Married,48,10,2,Not too happy,Working part time,"Independent (neither, no response)",0.9631056002071308
2024,Married,54,13,1,Not too happy,Keeping house,"Independent (neither, no response)",1.4304302824445636
2024,Never married,28,14,0,Pretty happy,Working part time,"Independent, close to democrat",4.151287410413201
2024,Never married,42,13,3,Not too happy,Working full time,"Independent (neither, no response)",0.8422530051680365
2024,Separated,64,16,2,Pretty happy,Retired,Strong democrat,0.7896452686841265
2024,Never married,89,0,8,Not too happy,Retired,"Independent (neither, no response)",0.969923864784804
2024,Never married,82,6,2,Very happy,Other,Strong republican,0.7942988872452094
2024,Married,37,16,0,Very happy,Working full time,Not very strong democrat,2.9088936494097246
2024,Never married,80,6,0,Very happy,Retired,Not very strong democrat,0.3971494436226047
2024,Never married,19,13,0,Pretty happy,In school,"Independent (neither, no response)",4.151287410413201
2024,Married,69,14,2,Pretty happy,Working full time,Not very strong democrat,0.8168100180792128
2024,Never married,51,12,4,Not too happy,Working part time,"Independent (neither, no response)",0.39482263434206327
2024,Widowed,68,12,4,Pretty happy,Working full time,Not very strong democrat,0.36350126767860846
2024,Married,58,14,0,Not too happy,Working full time,"Independent, close to democrat",1.6271161911139378
2024,Widowed,59,16,4,Pretty happy,"Unemployed, laid off, looking for work",Not very strong democrat,1.036439598435317
2024,Divorced,66,16,1,Pretty happy,Retired,Strong republican,0.4247443258187535
2024,Never married,22,10,0,Pretty happy,Working full time,"Independent (neither, no response)",1.3291001448306778
2024,Never married,34,16,0,Not too happy,Working part time,"Independent (neither, no response)",0.34013747512812637
2024,Married,82,16,3,Very happy,Retired,"Independent (neither, no response)",2.3309147949352327
2024,Divorced,74,16,4,Pretty happy,Retired,Strong democrat,0.5161263411364367
2024,Divorced,61,14,1,Pretty happy,Working full time,"Independent (neither, no response)",0.9426861074898772
2024,Married,64,17,1,Pretty happy,Working part time,"Independent (neither, no response)",1.0091809383266532
2024,Never married,42,14,0,Pretty happy,Other,"Independent (neither, no response)",1.9161276415111048
2024,Never married,37,NA,0,Not too happy,"Unemployed, laid off, looking for work","Independent, close to republican",0.8402386945916713
2024,Never married,19,10,0,Not too happy,Working part time,"Independent, close to democrat",2.4730302702698457
2024,Never married,37,17,0,Pretty happy,Working full time,Not very strong democrat,0.3817855243964556
2024,Divorced,70,18,1,Pretty happy,Working full time,Strong democrat,0.9119255871887408
2024,Married,50,12,3,Pretty happy,Keeping house,Strong democrat,1.7743821646320035
2024,Married,39,10,3,Very happy,Other,"Independent (neither, no response)",1.8249157657596269
2024,Married,66,2,2,Very happy,Working full time,Not very strong democrat,1.3386293518198082
2024,Never married,46,10,4,Pretty happy,Keeping house,"Independent (neither, no response)",3.680870930966909
2024,Never married,41,6,3,Pretty happy,Working full time,"Independent (neither, no response)",1.5071861775506137
2024,Married,48,18,7,Pretty happy,Working full time,"Independent, close to democrat",1.6988383686131758
2024,Widowed,82,15,2,Not too happy,Retired,"Independent, close to democrat",0.45373695619329935
2024,Married,68,14,2,Pretty happy,Keeping house,"Independent, close to democrat",0.9485517082419064
2024,Divorced,69,18,0,Not too happy,Retired,"Independent, close to democrat",0.9340515553771792
2024,Divorced,89,16,2,Very happy,Working part time,Strong democrat,0.4221296761460683
2024,Married,62,16,2,Pretty happy,Working full time,Other party,1.0366659256437487
2024,Divorced,82,18,2,Not too happy,Retired,"Independent (neither, no response)",0.7107507124204276
2024,Married,60,16,1,Pretty happy,Retired,"Independent, close to democrat",1.0366659256437487
2024,Never married,18,13,0,Very happy,"Unemployed, laid off, looking for work",Strong democrat,3.649479524213095
2024,Married,64,18,0,NA,Retired,Strong republican,2.5317598632885816
2024,Widowed,79,20,6,Pretty happy,Retired,Strong republican,2.0746329355808917
2024,Never married,60,18,0,Pretty happy,Working full time,"Independent (neither, no response)",0.9905023576867716
2024,Never married,38,18,0,Pretty happy,Working full time,Other party,2.1212165715394673
2024,Married,39,16,1,Pretty happy,Working full time,Strong democrat,0.9758576136142798
2024,Never married,NA,14,0,Pretty happy,Working full time,"Independent (neither, no response)",0.39482263434206327
2024,Never married,35,15,0,Pretty happy,In school,"Independent, close to democrat",0.410372005445948
2024,Divorced,61,16,3,Pretty happy,Working full time,Not very strong democrat,0.4613427477504032
2024,Married,36,16,0,Not too happy,Working full time,"Independent, close to democrat",1.0489256934548836
2024,Never married,22,16,0,Pretty happy,In school,"Independent (neither, no response)",2.4992485988088773
2024,Married,33,12,2,Pretty happy,Working part time,Strong republican,2.368582085948101
2024,Never married,47,17,0,Pretty happy,Working full time,Strong democrat,0.4029772590311161
2024,Divorced,60,15,3,Very happy,Working full time,"Independent (neither, no response)",1.0430949994232368
2024,Never married,54,16,0,Not too happy,Working full time,Strong democrat,0.4491112281671967
2024,Divorced,63,17,0,Pretty happy,Working part time,Not very strong democrat,0.4613427477504032
2024,Married,54,16,2,Pretty happy,Working full time,Strong democrat,0.4556768413090561
2024,Married,65,16,1,Pretty happy,Working full time,Not very strong republican,1.57415407250198
2024,Never married,51,14,0,Pretty happy,Working full time,"Independent, close to democrat",0.5215474997116184
2024,Married,69,4,NA,Not too happy,Other,"Independent (neither, no response)",0.4151268461093315
2024,Divorced,36,15,0,Not too happy,"Unemployed, laid off, looking for work",Not very strong democrat,0.42276745142796346
2024,Never married,27,13,0,Not too happy,Working full time,"Independent, close to democrat",1.2164931747376986
2024,Never married,61,16,0,Not too happy,"Unemployed, laid off, looking for work","Independent, close to democrat",0.9702137603746922
2024,Never married,31,16,0,Pretty happy,"Unemployed, laid off, looking for work",Not very strong democrat,0.747930716987644
2024,Never married,35,12,3,Not too happy,Keeping house,"Independent, close to democrat",0.9756445622116512
2024,Married,50,16,3,Pretty happy,Working full time,Not very strong republican,1.060458851821115
2024,Married,66,15,0,Pretty happy,Retired,Strong democrat,1.8582447838135192
2024,Never married,31,12,1,Pretty happy,Working full time,"Independent, close to democrat",2.06497703561629
2024,Never married,29,12,0,Pretty happy,Working full time,Not very strong democrat,1.5434681075146188
2024,Never married,35,13,1,Pretty happy,Keeping house,Strong democrat,0.3904718576707859
2024,Never married,27,15,0,Pretty happy,Working full time,"Independent, close to democrat",1.307579024944958
2024,Never married,33,16,0,Pretty happy,Working full time,Not very strong democrat,0.39289042043134015
2024,Never married,69,12,2,Pretty happy,Retired,Not very strong republican,1.2369130892578268
2024,Never married,36,14,0,Not too happy,Working full time,Other party,0.49095478674966786
2024,Separated,38,12,1,Not too happy,Working full time,"Independent (neither, no response)",0.8455349028559269
2024,Divorced,50,12,1,Pretty happy,Working full time,Not very strong republican,1.9284825979485511
2024,Never married,33,16,0,Not too happy,Working full time,Not very strong democrat,0.32876040217421815
2024,Never married,39,16,0,Not too happy,Working full time,"Independent, close to democrat",0.3817855243964556
2024,Never married,69,18,0,Pretty happy,Working full time,Strong democrat,0.9119255871887408
2024,Divorced,NA,18,1,Not too happy,Working full time,Strong democrat,0.3734012046992785
2024,Separated,32,12,5,Not too happy,"Unemployed, laid off, looking for work",Not very strong democrat,0.21968981126778592
2024,Divorced,57,12,3,Not too happy,Keeping house,Not very strong democrat,1.7573421865420118
2024,Never married,40,12,2,Pretty happy,NA,Strong republican,0.23188411378799084
2024,Never married,27,12,0,Not too happy,Working part time,"Independent (neither, no response)",3.2316145874064657
2024,Married,54,12,2,Pretty happy,Working full time,"Independent, close to republican",0.6593699803977168
2024,Never married,44,18,1,Not too happy,Working full time,Other party,0.3606441993074846
2024,Married,32,12,2,Very happy,Working full time,Strong democrat,1.5300562571243317
2024,Divorced,70,18,0,Not too happy,Working full time,"Independent, close to democrat",0.21008540968069303
2024,Divorced,73,15,4,Pretty happy,Retired,Not very strong democrat,0.47500267720318007
2024,Married,32,14,1,Pretty happy,Working full time,"Independent (neither, no response)",0.5344866312559928
2024,Never married,61,16,8,Very happy,Working full time,"Independent, close to democrat",0.2348248134784766
2024,Married,NA,12,2,Very happy,Retired,Not very strong democrat,1.4916147684796652
2024,Widowed,67,12,0,Pretty happy,Working full time,"Independent (neither, no response)",0.23750133860159003
2024,Never married,55,12,1,Not too happy,Working full time,"Independent (neither, no response)",2.8665381294737635
2024,Never married,33,16,0,Pretty happy,Working full time,Strong democrat,0.4886765529050897
2024,Married,NA,19,3,Pretty happy,Working full time,Other party,1.1597042523008547
2024,Never married,31,0,2,Very happy,Working full time,"Independent (neither, no response)",1.487888193774048
2024,Never married,31,12,0,Not too happy,Working full time,"Independent (neither, no response)",0.5524483382000214
2024,Never married,38,20,1,Not too happy,Working full time,Strong republican,0.24433827645254488
2024,Never married,38,15,2,Very happy,Working part time,"Independent (neither, no response)",0.2247647071586684
2024,Married,67,12,2,Pretty happy,Working part time,Strong republican,1.9767669983949303
2024,Married,31,20,2,Pretty happy,Working full time,"Independent (neither, no response)",1.5717272550835646
2024,Married,39,16,2,Pretty happy,Working full time,"Independent (neither, no response)",0.5490433452438601
2024,Married,38,16,3,Pretty happy,Working full time,"Independent, close to democrat",1.4219269816413758
2024,Widowed,81,9,3,Pretty happy,Retired,"Independent, close to democrat",1.0806322494500382
2024,Divorced,47,15,1,Pretty happy,Working full time,Not very strong republican,0.45065999768872633
2024,Married,55,20,1,Pretty happy,Working part time,"Independent, close to republican",0.769127587299952
2024,Married,66,18,2,Very happy,Retired,Not very strong republican,0.47207501744171826
2024,Married,44,18,3,Pretty happy,Working full time,Strong democrat,0.4478823730464785
2024,Never married,18,11,0,Pretty happy,In school,"Independent, close to republican",1.3232316287925958
2024,Widowed,71,16,3,Pretty happy,Retired,"Independent, close to republican",0.47794481954629325
2024,Married,54,16,2,Very happy,Working full time,Strong republican,0.5832557124883395
2024,Never married,19,14,0,Not too happy,Working part time,"Independent, close to republican",1.480805382153792
2024,Widowed,58,13,0,Pretty happy,Working full time,Strong democrat,0.8400102726886627
2024,Widowed,58,12,3,Not too happy,Working full time,Strong democrat,0.7738974730290704
2024,Married,71,12,2,Not too happy,Retired,Strong republican,0.5336803195099793
2024,Married,60,16,2,Pretty happy,Working full time,Strong democrat,1.899246891879228
2024,Divorced,69,17,1,Very happy,Retired,Strong democrat,0.5403161247250191
2024,Married,55,15,2,Pretty happy,Working part time,Not very strong republican,0.9346022615723268
2024,Widowed,89,12,4,Not too happy,Retired,Not very strong republican,0.7658532950308187
2024,Married,42,16,4,Pretty happy,Working full time,Strong democrat,0.5094667456655304
2024,Never married,50,12,0,Pretty happy,Other,"Independent (neither, no response)",0.9555127098245884
2024,Never married,32,16,0,Very happy,Working full time,"Independent (neither, no response)",0.7773198125891801
2024,Married,69,13,3,Pretty happy,Retired,"Independent (neither, no response)",0.6070620144237612
2024,Never married,28,12,0,Pretty happy,Working full time,"Independent (neither, no response)",0.7404026910768959
2024,Married,58,16,0,Very happy,Working full time,Strong democrat,1.899246891879228
2024,Divorced,76,14,0,Very happy,Retired,"Independent (neither, no response)",0.23750133860159003
2024,Widowed,NA,14,2,Not too happy,Working part time,"Independent, close to republican",0.23750133860159003
2024,Divorced,60,14,3,Not too happy,Working full time,Strong democrat,0.7738974730290704
2024,Never married,26,16,0,Pretty happy,Working full time,"Independent, close to democrat",0.3274672126048723
2024,Married,47,12,2,Pretty happy,Working full time,"Independent, close to republican",0.47636759877899904
2024,Married,52,14,0,Pretty happy,Working full time,Strong democrat,0.5244177836472032
2024,Never married,46,12,6,Pretty happy,Working full time,Strong democrat,0.20385394736505105
2024,Widowed,80,13,0,Pretty happy,Retired,"Independent (neither, no response)",0.6996624975220971
2024,Divorced,45,14,0,Pretty happy,Working part time,Not very strong republican,0.7550807869658293
2024,Never married,35,13,0,Very happy,Working full time,"Independent, close to republican",4.162674163468468
2024,Never married,35,16,0,Pretty happy,Working part time,"Independent (neither, no response)",0.4997948565877523
2024,Married,66,13,3,Very happy,Working full time,Strong democrat,1.788362657926005
2024,Separated,46,16,6,Not too happy,Working full time,Strong democrat,0.1803220996537423
2024,Widowed,78,11,1,Very happy,Retired,Strong democrat,0.2184016588127824
2024,Married,74,12,5,Very happy,Keeping house,Strong democrat,1.6899038317364574
2024,Never married,51,12,3,Not too happy,"Unemployed, laid off, looking for work",Not very strong republican,1.728886865079672
2024,Divorced,59,12,0,Not too happy,"Unemployed, laid off, looking for work","Independent (neither, no response)",0.864443432539836
2024,Never married,36,13,4,Not too happy,Keeping house,"Independent, close to republican",0.21968981126778592
2024,Never married,52,17,0,Pretty happy,Working full time,Not very strong democrat,0.6722248119592587
2024,Divorced,63,16,3,Very happy,Retired,"Independent (neither, no response)",0.6722248119592587
2024,Divorced,78,14,0,Pretty happy,Retired,"Independent, close to democrat",0.244409478132249
2024,Married,42,13,0,Very happy,"Unemployed, laid off, looking for work",Strong democrat,0.4580725329959151
2024,Married,77,19,1,Pretty happy,Retired,Strong democrat,0.485806140426656
2024,Married,39,13,2,Very happy,Working full time,"Independent (neither, no response)",1.6074869837311756
2024,Divorced,83,9,5,Pretty happy,Retired,Strong democrat,0.4828206288276017
2024,Never married,60,16,0,Not too happy,Retired,Not very strong democrat,0.25956365149495536
2024,Never married,26,16,0,Pretty happy,Working full time,Strong democrat,0.7620872355294799
2024,Never married,45,16,0,Pretty happy,Working full time,"Independent (neither, no response)",1.4765669205102665
2024,Never married,23,14,0,Not too happy,Working full time,"Independent (neither, no response)",0.2802503521985733
2024,Never married,56,12,0,Very happy,Other,Strong democrat,0.23337927416369836
2024,Divorced,54,20,0,Pretty happy,Working part time,Not very strong democrat,0.22818758079352924
2024,Never married,85,8,8,Not too happy,Retired,Not very strong democrat,0.2184016588127824
2024,Divorced,NA,17,1,Very happy,Retired,Not very strong democrat,0.21480265005460628
2024,Never married,69,16,1,Very happy,Retired,Strong democrat,2.0522939740939488
2024,Never married,30,17,0,Very happy,Working full time,"Independent, close to democrat",2.3869052742225847
2024,Married,37,19,1,Very happy,Working full time,"Independent (neither, no response)",1.9217076724783375
2024,Married,37,16,2,Pretty happy,Working full time,Strong democrat,0.5188156042091719
2024,Never married,30,16,0,Pretty happy,Working full time,Strong democrat,0.6994586709543614
2024,Never married,26,16,0,Pretty happy,Working full time,"Independent, close to democrat",0.6549344252097447
2024,Never married,71,18,0,Very happy,Retired,Strong democrat,0.23897240977314663
2024,Never married,60,14,0,Pretty happy,Working full time,Strong democrat,0.9555127098245884
2024,Married,74,16,3,Very happy,Retired,"Independent (neither, no response)",0.6716268137787963
2024,Never married,61,12,NA,Not too happy,Keeping house,"Independent (neither, no response)",0.29343643985588924
2024,Married,43,17,3,Pretty happy,Working part time,Strong republican,0.4478823730464785
2024,Married,59,16,5,Pretty happy,Working full time,Not very strong democrat,1.0797104647371494
2024,Never married,53,16,0,Pretty happy,Retired,"Independent (neither, no response)",0.22818758079352924
2024,Never married,49,12,5,Not too happy,Keeping house,"Independent (neither, no response)",0.663806573412901
2024,Married,40,16,1,Pretty happy,Working full time,Not very strong republican,0.4478823730464785
2024,Married,39,17,3,Pretty happy,Working full time,Not very strong republican,0.5901533826371718
2024,Married,60,12,3,Pretty happy,Retired,Other party,0.5796652952301218
2024,Married,77,12,0,Not too happy,Retired,"Independent, close to democrat",0.6070620144237612
2024,Married,67,13,3,Not too happy,Retired,"Independent, close to republican",0.6070620144237612
2024,Married,45,17,4,Very happy,Working full time,Strong republican,0.5094667456655304
2024,Married,47,12,2,Pretty happy,Working full time,"Independent (neither, no response)",0.5330946516138535
2024,Married,43,9,2,Not too happy,Working full time,"Independent (neither, no response)",1.7644790597404716
2024,Married,46,17,2,Pretty happy,Working full time,"Independent (neither, no response)",0.6718235595697177
2024,Widowed,53,14,3,Pretty happy,Retired,Not very strong republican,0.5159316486860465
2024,Widowed,65,16,0,Pretty happy,Working full time,"Independent (neither, no response)",1.552324177969836
2024,Divorced,58,13,2,Pretty happy,Other,"Independent (neither, no response)",0.39024290990317817
2024,Married,47,16,4,Pretty happy,Working full time,"Independent, close to republican",5.646685900536099
2024,Married,45,14,2,Pretty happy,Working full time,"Independent, close to republican",0.788240907673635
2024,Married,67,17,2,Pretty happy,Retired,"Independent, close to republican",0.8123360678375912
2024,Married,37,13,2,Very happy,Working full time,Not very strong republican,0.7640399934673037
2024,Married,60,17,4,Pretty happy,Retired,"Independent (neither, no response)",0.7597870616510027
2024,Married,74,16,1,Pretty happy,Retired,Strong democrat,0.6460765472142338
2024,Married,70,12,3,Very happy,Retired,"Independent, close to democrat",0.7850772903556984
2024,Divorced,66,16,0,Pretty happy,Working full time,Strong democrat,1.404373198829732
2024,Widowed,65,14,0,Pretty happy,Retired,Strong democrat,0.685444717962202
2024,Married,47,18,5,Pretty happy,Working full time,Not very strong democrat,0.6617727256376043
2024,Never married,32,14,0,Pretty happy,Working full time,Strong democrat,0.7560745679632923
2024,Married,49,13,3,Pretty happy,Working full time,"Independent, close to republican",1.148942374147964
2024,Divorced,58,18,0,Not too happy,Working full time,"Independent (neither, no response)",0.37104204108254074
2024,Widowed,66,16,6,Pretty happy,Other,"Independent (neither, no response)",0.2875205234162745
2024,Divorced,52,19,2,Pretty happy,Working full time,Not very strong democrat,0.2972520762406293
2024,Never married,34,15,0,Pretty happy,Working full time,Strong democrat,0.7176037408820597
2024,Married,46,20,2,Pretty happy,Working full time,"Independent, close to republican",0.7494576014732575
2024,Married,59,17,2,Very happy,Working full time,"Independent (neither, no response)",0.7756753270687313
2024,Never married,66,12,0,Pretty happy,Working full time,"Independent (neither, no response)",0.3592848537895528
2024,Never married,35,16,0,Pretty happy,Working full time,"Independent (neither, no response)",0.3696275669321894
2024,Never married,23,16,0,Pretty happy,Working full time,Strong democrat,0.990765023004601
2024,Never married,22,16,0,Pretty happy,In school,"Independent, close to democrat",0.4355006420046826
2024,Never married,25,16,0,Pretty happy,Working full time,"Independent, close to democrat",3.026352351146582
2024,Never married,32,18,0,Pretty happy,"Unemployed, laid off, looking for work",Not very strong democrat,0.318291029371548
2024,Divorced,55,20,1,Not too happy,Working full time,"Independent, close to republican",0.31950905116865463
2024,Never married,45,17,0,Pretty happy,Working full time,Strong democrat,0.3429837648784733
2024,Married,59,18,3,Pretty happy,Working full time,Strong republican,0.7756753270687313
2024,Divorced,52,16,5,Pretty happy,Retired,Strong republican,0.33812459931063177
2024,Married,33,17,1,Pretty happy,Working full time,"Independent, close to democrat",0.7687724181977239
2024,Separated,20,10,0,Pretty happy,Working full time,Strong republican,0.5600294174661412
2024,Never married,28,17,0,Pretty happy,Working full time,"Independent, close to democrat",2.1890438635254963
2024,Married,43,0,4,Pretty happy,Keeping house,"Independent (neither, no response)",7.1345539574406756
2024,Never married,42,20,0,Not too happy,Working part time,"Independent (neither, no response)",0.33352772637085615
2024,Widowed,66,16,2,Pretty happy,Retired,Not very strong democrat,0.3178108643297584
2024,Married,52,16,2,Pretty happy,Keeping house,"Independent, close to republican",4.072414064320269
2024,Married,49,16,1,Not too happy,Working full time,"Independent (neither, no response)",0.96394848845463
2024,Never married,40,18,0,Not too happy,Working full time,"Independent (neither, no response)",0.2953477103641624
2024,Married,53,19,0,Pretty happy,Working full time,Strong democrat,0.7017462304513433
2024,Married,31,16,0,Very happy,Keeping house,Not very strong democrat,0.6287639790080941
2024,Divorced,36,12,1,Pretty happy,Working full time,Strong republican,1.6714543301959055
2024,Never married,20,12,0,Pretty happy,Working full time,Strong republican,4.809530103846109
2024,Divorced,34,14,0,Pretty happy,Working full time,Strong democrat,4.082048885596464
2024,Divorced,58,16,5,Pretty happy,Working full time,"Independent, close to republican",0.44390178603163527
2024,Widowed,NA,12,1,Not too happy,Working part time,Strong democrat,2.4232800180928216
2024,Widowed,68,20,3,Pretty happy,Working full time,Not very strong democrat,0.36151024583954544
2024,Never married,36,15,2,Pretty happy,Working full time,"Independent, close to republican",0.37803728398164615
2024,Never married,29,16,0,Pretty happy,Working full time,Strong democrat,0.4355006420046826
2024,Married,35,16,2,Pretty happy,Working full time,Not very strong democrat,4.056889342629162
2024,Separated,61,12,1,Not too happy,Working full time,Strong republican,0.44390178603163527
2024,Widowed,89,17,1,Pretty happy,Retired,"Independent, close to democrat",0.3178108643297584
2024,Married,47,16,3,Very happy,Working full time,"Independent, close to democrat",0.770705909721781
2024,Divorced,23,12,0,Very happy,Working full time,"Independent (neither, no response)",1.1200588349322824
2024,Married,38,17,2,Pretty happy,In school,"Independent, close to republican",0.9132564453901488
2024,Never married,41,16,0,Pretty happy,Working full time,Strong democrat,0.6859675297569466
2024,Divorced,30,16,0,Not too happy,Working full time,"Independent, close to democrat",0.32494696313244736
2024,Married,34,18,2,Pretty happy,Working part time,Not very strong democrat,0.7301760913408214
2024,Divorced,55,18,1,Very happy,Working full time,Strong democrat,0.6903905644045574
2024,Divorced,53,12,2,Not too happy,Retired,Strong democrat,0.40159380370586095
2024,Never married,36,14,0,Very happy,"With a job, but not at work because of temporary illness, vacation, strike","Independent (neither, no response)",0.7560745679632923
2024,Married,67,16,2,Pretty happy,Working full time,"Independent (neither, no response)",3.2286120378667493
2024,Never married,25,12,0,Not too happy,Working full time,"Independent, close to republican",0.984666051727908
2024,Married,66,17,2,Very happy,Working full time,"Independent (neither, no response)",0.8123360678375912
2024,Married,45,18,0,Very happy,Working full time,"Independent, close to democrat",0.6775429303363283
2024,Never married,19,12,0,Not too happy,"Unemployed, laid off, looking for work",NA,4.949423652362103
2024,Divorced,55,14,2,Very happy,Working full time,Other party,0.4096994077719979
2024,Divorced,44,16,3,Pretty happy,Working full time,Strong democrat,0.29321087359418274
2024,Never married,32,11,2,Pretty happy,Keeping house,Not very strong republican,0.7347044122271605
2024,Divorced,74,16,1,Not too happy,Retired,Strong democrat,0.36151024583954544
2024,Separated,30,10,5,Very happy,Keeping house,"Independent (neither, no response)",0.3733983652498405
2024,Divorced,43,13,1,Pretty happy,Working part time,Strong democrat,0.3083840962948793
2024,Never married,66,13,0,Very happy,Retired,Strong democrat,0.7185697075791057
2024,Never married,27,13,0,Pretty happy,Working full time,Strong democrat,1.013306776519149
2024,Married,68,13,3,Not too happy,Keeping house,Strong democrat,1.9716858599108684
2024,Never married,26,15,2,Not too happy,In school,Not very strong democrat,0.8479085415433618
2024,Never married,NA,13,0,Pretty happy,Retired,Not very strong republican,0.40868695943987104
2024,Married,50,16,1,Pretty happy,Working full time,Strong democrat,0.8823316307064016
2024,Never married,59,12,NA,NA,Working part time,Strong democrat,2.167848572427242
2024,Divorced,NA,18,NA,Very happy,Working full time,"Independent (neither, no response)",1.312110467930825
2024,Married,49,16,0,Very happy,Working full time,Not very strong democrat,0.78839468328023
2024,Separated,67,16,1,Pretty happy,Retired,Strong democrat,0.9406360208815184
2024,Never married,52,13,2,Very happy,"Unemployed, laid off, looking for work",Strong republican,0.429961495034224
2024,Never married,33,16,0,Not too happy,Working full time,Not very strong democrat,3.398589580007061
2024,Never married,71,16,0,Pretty happy,Retired,Strong democrat,0.3870465239678018
2024,Never married,47,20,3,Pretty happy,Working part time,"Independent, close to republican",0.7894132082521625
2024,Never married,41,16,1,Pretty happy,Working full time,Not very strong democrat,3.669566817243935
2024,Married,33,16,1,Not too happy,Working full time,"Independent (neither, no response)",1.1122109793977544
2024,Never married,33,18,0,Pretty happy,Working full time,Not very strong democrat,0.8702623130359796
2024,Married,NA,18,3,Pretty happy,Working full time,Not very strong democrat,5.266379491358012
2024,Married,NA,NA,1,NA,Working full time,NA,1.123557328169287
2024,Never married,42,17,0,Pretty happy,Working full time,Not very strong democrat,0.36721137367853074
2024,Married,40,12,2,Very happy,Working full time,"Independent (neither, no response)",3.5686031702841556
2024,Married,NA,20,1,Very happy,Working full time,Not very strong democrat,0.7637470821659309
2024,Divorced,60,16,1,Pretty happy,Working full time,Not very strong republican,0.3182493004699296
2024,Married,56,16,1,Pretty happy,Working full time,Not very strong republican,1.1815158363095457
2024,Married,53,14,2,Pretty happy,Working full time,"Independent, close to democrat",5.735503223225198
2024,Married,52,12,3,Pretty happy,Working full time,"Independent (neither, no response)",2.172456208532925
2024,Married,75,12,4,Very happy,Retired,Not very strong democrat,0.9832149357269072
2024,Married,32,17,0,Pretty happy,Working full time,Not very strong republican,0.7657413253775255
2024,Divorced,44,16,1,Pretty happy,Working full time,"Independent (neither, no response)",0.40376567017752774
2024,Never married,33,15,0,Pretty happy,Working full time,"Independent (neither, no response)",0.4351311565179898
2024,Never married,37,12,0,Pretty happy,"Unemployed, laid off, looking for work",Strong democrat,0.3558158780047322
2024,Never married,24,16,0,Not too happy,Working full time,Strong democrat,6.692343343563347
2024,Married,NA,12,2,Pretty happy,Keeping house,"Independent (neither, no response)",0.43449124170658454
2024,Married,30,16,0,Pretty happy,Working full time,Strong democrat,0.6731784652633629
2024,Married,63,13,1,Very happy,Retired,Strong republican,1.863986261689764
2024,Married,42,16,2,Pretty happy,Working full time,"Independent (neither, no response)",1.03203966148715
2024,Married,28,16,0,Very happy,Working full time,"Independent, close to democrat",1.0781978672946555
2024,Married,37,16,2,Very happy,Working full time,Not very strong democrat,4.77583142993116
2024,Married,47,18,1,Pretty happy,Working full time,"Independent (neither, no response)",0.8869303551845138
2024,Married,NA,19,1,Pretty happy,Working full time,Not very strong democrat,2.0640793229743
2024,Never married,60,16,0,Pretty happy,Keeping house,Strong democrat,0.369579107657649
2024,Married,36,16,2,Pretty happy,Working full time,"Independent (neither, no response)",0.977766845469532
2024,Married,29,16,1,Very happy,Working full time,"Independent (neither, no response)",6.400668077619202
2024,Divorced,43,19,4,Pretty happy,Working full time,Not very strong democrat,1.793617392498071
2024,Married,56,16,1,Pretty happy,"Unemployed, laid off, looking for work","Independent (neither, no response)",1.772273754464316
2024,Married,66,14,4,Pretty happy,Retired,Strong republican,4.221922710172261
2024,Divorced,66,12,4,Pretty happy,Retired,"Independent, close to democrat",1.153991805548276
2024,Married,NA,16,1,Pretty happy,Working full time,"Independent (neither, no response)",1.772273754464316
2024,Divorced,59,16,0,Pretty happy,Working full time,Strong republican,1.5468773757403096
2024,Separated,42,16,0,Pretty happy,"With a job, but not at work because of temporary illness, vacation, strike","Independent (neither, no response)",2.2433391940494993
2024,Never married,45,16,1,Pretty happy,Working part time,Not very strong democrat,0.5559737588476277
2024,Divorced,77,16,2,Pretty happy,Retired,Strong democrat,0.34026031553371777
2024,Married,67,16,2,Very happy,Working full time,Strong democrat,0.7868254672279735
2024,Never married,64,16,0,Not too happy,Retired,"Independent (neither, no response)",0.42039668577172074
2024,Widowed,70,17,2,Pretty happy,Retired,Strong democrat,0.34026031553371777
2024,Never married,26,14,0,Not too happy,Working full time,"Independent, close to republican",0.5995886474713882
2024,Married,62,16,0,Pretty happy,Retired,"Independent (neither, no response)",0.9446575707935246
2024,Married,55,16,1,Pretty happy,Working part time,"Independent (neither, no response)",1.558041190304868
2024,Married,41,12,1,Very happy,Working full time,"Independent (neither, no response)",1.1859225233479966
2024,Widowed,74,17,1,Pretty happy,Retired,Strong democrat,0.34026031553371777
2024,Married,59,16,1,Very happy,Keeping house,Strong democrat,3.177015806137901
2024,Never married,21,13,1,Pretty happy,Working full time,"Independent (neither, no response)",0.9537436005725064
2024,Never married,25,13,2,Pretty happy,"With a job, but not at work because of temporary illness, vacation, strike","Independent (neither, no response)",0.4539014556625146
2024,Never married,39,12,6,Pretty happy,In school,"Independent (neither, no response)",0.3640353239898545
2024,Never married,18,12,0,Pretty happy,In school,Not very strong democrat,0.5163134594833252
2024,Never married,30,7,4,Pretty happy,Keeping house,"Independent (neither, no response)",1.6814683644489803
2024,Never married,58,9,2,Not too happy,"Unemployed, laid off, looking for work",Not very strong republican,1.0971061313375678
2024,Never married,21,12,0,Pretty happy,Working part time,Strong democrat,2.581567297416622
2024,Separated,41,16,2,Very happy,Working full time,Not very strong democrat,0.3649508865110002
2024,Married,38,13,2,Very happy,Working part time,Not very strong republican,3.717184065494739
2024,Married,52,17,0,Pretty happy,Working full time,"Independent (neither, no response)",0.9446575707935246
2024,Separated,33,14,2,Not too happy,Working full time,"Independent (neither, no response)",0.6773533049227758
2024,Widowed,64,12,1,Pretty happy,Retired,Strong republican,0.8161681144836015
2024,Married,42,15,3,Pretty happy,Working part time,Strong republican,0.8462529260550207
2024,Widowed,61,12,3,Not too happy,Other,"Independent (neither, no response)",2.105920145818896
2024,Divorced,39,13,1,Pretty happy,Working full time,"Independent, close to republican",0.46166581638109894
2024,Never married,49,13,1,Pretty happy,Working full time,Strong republican,0.3766041118363206
2024,Never married,24,12,0,Not too happy,Keeping house,"Independent, close to democrat",0.6187340773627565
2024,Never married,59,9,1,Not too happy,"Unemployed, laid off, looking for work","Independent, close to republican",7.304740375703313
2024,Never married,37,13,2,Pretty happy,Working part time,Other party,1.7070631024996694
2024,Married,45,16,2,Pretty happy,Working full time,"Independent, close to democrat",0.7485658552939362
2024,Married,42,14,1,Pretty happy,Working full time,Not very strong democrat,0.9626137356435848
2024,Divorced,64,5,3,Not too happy,Keeping house,"Independent (neither, no response)",2.0281790624523515
2024,Married,76,14,2,Very happy,Retired,Strong democrat,5.32685717823976
2024,Married,32,13,0,NA,Working full time,"Independent (neither, no response)",0.8907647443559951
2024,Divorced,45,14,2,Very happy,Other,Strong republican,0.3766041118363206
2024,Never married,32,12,3,Pretty happy,"Unemployed, laid off, looking for work","Independent (neither, no response)",1.2175788694025251
2024,Married,43,12,3,Pretty happy,Other,Not very strong republican,0.7961744879326059
2024,Married,42,9,2,Pretty happy,Working full time,"Independent, close to democrat",5.738831041297762
2024,Never married,59,16,0,Not too happy,Working full time,Strong republican,0.4338203476571629
2024,Divorced,77,8,6,Pretty happy,Retired,"Independent, close to republican",0.4589588362470152
2024,Widowed,74,10,0,NA,Retired,NA,3.9415364095398746
2024,Divorced,68,16,3,Pretty happy,Retired,Strong democrat,1.198215851385547
2024,Divorced,68,10,4,Pretty happy,Retired,Not very strong democrat,0.34181581283568674
2024,Separated,64,20,3,Pretty happy,Retired,Not very strong republican,0.3735682545654214
2024,Widowed,73,9,3,Not too happy,Retired,"Independent (neither, no response)",0.3734566340195748
2024,Never married,56,11,0,Pretty happy,Keeping house,"Independent, close to democrat",0.4985053778184609
2024,Never married,42,14,3,Not too happy,Keeping house,Not very strong democrat,0.7532082236726411
2024,Never married,56,14,0,Not too happy,Other,Strong democrat,2.105920145818896
2024,Married,53,12,1,Very happy,Working full time,"Independent, close to republican",5.382808086319742
2024,Married,65,16,3,Not too happy,Working full time,Strong democrat,0.897488581432188
2024,Married,74,8,2,Pretty happy,Retired,"Independent, close to republican",1.1339714698504693
2024,Married,28,16,1,Very happy,Working full time,Not very strong republican,6.007069745256507
2024,Divorced,35,14,0,Pretty happy,Working full time,"Independent, close to democrat",0.46166581638109894
2024,Divorced,54,14,3,Very happy,Working full time,"Independent (neither, no response)",0.8622996552530171
2024,Widowed,78,10,4,Pretty happy,Retired,"Independent (neither, no response)",1.2104395887926025
2024,Married,31,14,0,Pretty happy,Working full time,Strong democrat,1.1150673858427291
2024,Never married,36,12,3,Pretty happy,Working full time,Not very strong democrat,1.1015322417296898
2024,Never married,65,15,0,Very happy,Working full time,"Independent (neither, no response)",3.877714072349138
2024,Never married,36,16,0,Pretty happy,In school,"Independent, close to democrat",1.0215336618646724
2024,Divorced,64,18,1,Pretty happy,Working full time,Strong democrat,0.4338203476571629
2024,Married,67,12,2,Very happy,Retired,"Independent (neither, no response)",5.32685717823976
2024,Never married,33,16,0,Pretty happy,Working full time,"Independent, close to democrat",0.350653133357014
2024,Never married,69,13,0,Pretty happy,Retired,"Independent, close to democrat",1.8566886456560137
2024,Never married,24,16,0,Pretty happy,Working full time,"Independent, close to democrat",0.96230333449562655
2024,Married,64,16,2,Pretty happy,Working full time,Strong democrat,7.142166747599065
2024,Married,60,14,3,Pretty happy,Working part time,"Independent, close to republican",2.2040691174079403
2024,Married,74,16,2,Pretty happy,Retired,Not very strong democrat,0.897488581432188
2024,Divorced,74,17,3,Pretty happy,Retired,"Independent, close to democrat",1.198215851385547
2024,Married,49,16,4,Pretty happy,Keeping house,Strong democrat,0.7485658552939362
2024,Separated,64,16,1,Pretty happy,Working full time,Strong democrat,1.8628235916234344
2024,Never married,30,12,0,Pretty happy,Working full time,Strong democrat,0.811719246268349
2024,Married,43,12,1,Pretty happy,"With a job, but not at work because of temporary illness, vacation, strike",Strong democrat,0.9626137356435848
2024,Never married,27,16,0,Not too happy,"Unemployed, laid off, looking for work","Independent, close to democrat",0.6845402727923445
2024,Divorced,86,16,0,Pretty happy,Working full time,"Independent, close to republican",0.35112514768712516
2024,Never married,31,16,0,Not too happy,Working full time,Strong democrat,0.408373496928768
2024,Married,41,16,2,Pretty happy,Working full time,Not very strong democrat,0.7485658552939362
2024,Married,30,19,1,Pretty happy,Working full time,"Independent, close to democrat",0.8067162475718015
2024,Married,73,18,2,Pretty happy,Retired,"Independent, close to democrat",0.897488581432188
2024,Married,55,13,3,Pretty happy,Working part time,Not very strong republican,1.937641102312902
2024,Never married,26,16,0,Not too happy,Working full time,Strong democrat,0.8286517194765334
2024,Separated,64,18,1,Not too happy,Working part time,"Independent, close to democrat",1.8628235916234344
2024,Married,47,18,3,Very happy,Working full time,Not very strong democrat,1.1228487829409055
2024,Married,71,13,3,Very happy,Retired,"Independent (neither, no response)",0.8919638031525571
2024,Married,39,16,1,Pretty happy,Working full time,"Independent, close to democrat",3.9403471574447018
2024,Married,55,12,2,Pretty happy,Working full time,"Independent, close to democrat",1.6530518380559551
2024,Married,65,18,3,Very happy,Retired,Strong democrat,0.7890001046267757
2024,Widowed,80,14,3,Pretty happy,Retired,Not very strong democrat,2.205452243658777
2024,Divorced,39,17,0,Not too happy,Working part time,Not very strong democrat,0.436248670607413
2024,Divorced,49,16,3,Pretty happy,Working full time,Other party,0.7670218819673585
2024,Married,44,16,2,Very happy,Working full time,"Independent (neither, no response)",0.5344946423753565
2024,Never married,33,10,4,Very happy,Keeping house,"Independent (neither, no response)",0.2682300956704705
2024,Married,NA,NA,3,Pretty happy,Other,Not very strong democrat,1.4787344044817816
2024,Married,46,12,2,Pretty happy,Working full time,"Independent (neither, no response)",1.4756970627043884
2024,Divorced,37,12,3,Pretty happy,Working full time,"Independent, close to democrat",0.29456351289605526
2024,Married,24,12,4,Pretty happy,Keeping house,Not very strong republican,2.131396853137024
2024,Separated,49,12,3,Very happy,Working full time,"Independent (neither, no response)",0.5059836338993124
2024,Married,75,2,6,Very happy,Retired,Not very strong democrat,1.02237866341267
2024,Never married,NA,12,0,Pretty happy,Working full time,Strong democrat,0.3296408775239276
2024,Separated,36,16,2,Not too happy,Working full time,"Independent (neither, no response)",0.6260409005084386
2024,Married,56,14,0,Pretty happy,Working full time,"Independent (neither, no response)",0.611908541847211
2024,Married,60,16,3,Pretty happy,Working part time,"Independent, close to democrat",1.4944115051241618
2024,Married,53,16,2,Pretty happy,Working full time,Not very strong democrat,1.3519801440984551
2024,Married,36,18,1,Pretty happy,Working full time,Other party,1.3779382303143015
2024,Married,53,18,2,Pretty happy,Working full time,Not very strong republican,1.4944115051241618
2024,Widowed,35,18,4,Not too happy,"Unemployed, laid off, looking for work","Independent, close to republican",1.932751167007777
2024,Married,66,12,1,Not too happy,Retired,Strong democrat,1.3108184666094065
2024,Never married,30,13,0,Pretty happy,Working full time,"Independent (neither, no response)",0.2897938672830815
2024,Married,50,16,2,Not too happy,Retired,Strong republican,1.699894909956024
2024,Divorced,66,14,2,Very happy,Working part time,Strong republican,0.283429758970112
2024,Married,42,18,2,Pretty happy,Working full time,"Independent (neither, no response)",1.3053502090062357
2024,Married,57,18,1,Very happy,Working full time,Strong republican,0.917862812770816
2024,Married,59,16,0,Very happy,Working part time,Strong democrat,0.611908541847211
2024,Married,58,12,1,Pretty happy,Working full time,"Independent, close to republican",1.921729439517992
2024,Married,54,18,3,Pretty happy,Keeping house,Strong republican,1.223817083694422
2024,Married,60,16,2,Pretty happy,Retired,"Independent, close to republican",1.122245608377164
2024,Married,56,15,3,Pretty happy,Working full time,NA,1.3835239487724942
2024,Widowed,46,15,2,Very happy,Working full time,"Independent (neither, no response)",0.8213858640809683
2024,Married,75,14,4,Pretty happy,Retired,Not very strong republican,1.2737686887697668
2024,Married,67,16,2,Pretty happy,Retired,Strong democrat,0.6408291735136656
2024,Divorced,40,20,2,Pretty happy,"With a job, but not at work because of temporary illness, vacation, strike",Not very strong republican,0.23786373302295147
2024,Never married,39,13,4,Pretty happy,"With a job, but not at work because of temporary illness, vacation, strike",Not very strong democrat,0.6402844994866208
2024,Divorced,58,16,1,Pretty happy,Working full time,Strong republican,0.544629781079052
2024,Married,72,12,5,Pretty happy,Retired,Strong republican,0.9553265165773244
2024,Never married,44,16,1,Not too happy,Working full time,"Independent, close to democrat",0.5002325667809487
2024,Divorced,39,16,0,Not too happy,Working part time,"Independent (neither, no response)",0.6924891260931737
2024,Never married,41,17,0,Very happy,"Unemployed, laid off, looking for work",Strong republican,0.2447824134256859
2024,Never married,32,10,NA,Not too happy,"Unemployed, laid off, looking for work","Independent (neither, no response)",0.7574131173104919
2024,Never married,30,16,0,Pretty happy,Working full time,"Independent (neither, no response)",0.5831776714175854
2024,Never married,25,14,0,Very happy,Working full time,Other party,0.8835830463455846
2024,Never married,30,10,0,Pretty happy,"Unemployed, laid off, looking for work","Independent (neither, no response)",0.29456351289605526
2024,Never married,34,14,2,Not too happy,Working full time,Not very strong republican,0.6932418834266236
2024,Never married,NA,17,0,Pretty happy,Working full time,"Independent (neither, no response)",0.2908294421160514
2024,Never married,37,18,0,Pretty happy,Working full time,"Independent (neither, no response)",0.6924891260931737
2024,Never married,24,16,0,Very happy,Working full time,"Independent, close to republican",0.5916779416574088
2024,Never married,25,13,0,Pretty happy,Working full time,"Independent (neither, no response)",0.7189750459175963
2024,Widowed,70,14,2,Pretty happy,Retired,"Independent, close to democrat",0.283429758970112
2024,Married,37,12,3,Pretty happy,Working part time,"Independent (neither, no response)",0.34280291463945484
2024,Never married,24,14,0,Not too happy,"Unemployed, laid off, looking for work",Not very strong republican,0.817834991734205
2024,Divorced,43,10,1,Pretty happy,Working full time,"Independent, close to republican",0.6869479452608847
2024,Never married,33,18,0,Pretty happy,Working full time,"Independent (neither, no response)",0.26217380761912473
2024,Married,64,12,3,Pretty happy,Working full time,Strong democrat,1.0924916581894404
2024,Never married,72,15,0,Pretty happy,Retired,"Independent (neither, no response)",0.2564162582128712
2024,Never married,NA,12,1,Pretty happy,"With a job, but not at work because of temporary illness, vacation, strike",Strong democrat,2.450363384440557
2024,Married,32,17,2,Pretty happy,Keeping house,Not very strong democrat,0.7440214406744962
2024,Divorced,51,11,6,Not too happy,Working full time,"Independent (neither, no response)",1.6092191307363266
2024,Never married,38,15,0,Pretty happy,Working full time,"Independent, close to democrat",0.26217380761912473
2024,Never married,23,12,0,Pretty happy,Working full time,"Independent (neither, no response)",1.0033369526583231
2024,Married,24,NA,1,Pretty happy,Working full time,"Independent (neither, no response)",0.8689250342546303
2024,Married,34,16,2,Pretty happy,Working full time,"Independent, close to democrat",0.5642168642144496
2024,Never married,37,14,0,Not too happy,"Unemployed, laid off, looking for work",Strong republican,0.24954520867761895
2024,Divorced,77,14,2,Very happy,Retired,"Independent (neither, no response)",0.24406499354437233
2024,Never married,36,18,0,Pretty happy,Keeping house,Other party,0.28480193642743284
2024,Never married,44,12,0,Pretty happy,Working full time,Strong democrat,0.2633966920464739
2024,Never married,29,13,0,Pretty happy,Working full time,Not very strong democrat,0.9761154262653986
2024,Divorced,55,12,8,Pretty happy,Other,"Independent (neither, no response)",0.31680610464841225
2024,Married,23,15,1,Very happy,Working full time,"Independent (neither, no response)",0.7895520117752944
2024,Divorced,NA,16,0,Pretty happy,Retired,"Independent (neither, no response)",0.2915888357087927
2024,Never married,33,13,0,Pretty happy,Working full time,Strong democrat,0.6402844994866208
2024,Never married,37,16,0,Not too happy,Working full time,"Independent (neither, no response)",0.7121222879705835
2024,Married,45,14,0,Very happy,Working full time,Strong democrat,1.4756970627043884
2024,Never married,33,12,4,Pretty happy,"Unemployed, laid off, looking for work",Strong republican,0.26217380761912473
2024,Separated,28,13,2,Not too happy,Other,"Independent, close to republican",1.0492028100240272
2024,Married,57,15,2,Pretty happy,Working full time,Strong democrat,0.7653351382747609
2024,Never married,30,13,0,Not too happy,Working full time,Strong democrat,0.5677159585301174
2024,Married,40,12,2,Pretty happy,Working part time,Strong republican,0.7557508836514782
2024,Never married,23,14,0,Not too happy,Working full time,"Independent (neither, no response)",0.9223751076171344
2024,Never married,20,14,0,Pretty happy,In school,Strong democrat,2.372708179963503
2024,Divorced,49,19,3,Pretty happy,Working full time,"Independent (neither, no response)",1.6130635802165922
2024,Separated,62,15,4,Not too happy,Other,"Independent, close to republican",0.7915811273043856
2024,Married,45,10,4,NA,Working full time,Strong republican,0.7804854843492218
2024,Married,30,17,2,Pretty happy,Keeping house,Not very strong republican,0.5331537406803638
2024,Married,48,15,3,Pretty happy,Working full time,Not very strong republican,2.6700987253373474
2024,Never married,41,13,4,Pretty happy,Working full time,Strong democrat,0.24327557691666651
2024,Divorced,81,13,2,Not too happy,Retired,Strong democrat,0.6262233326853652
2024,Widowed,59,16,3,Very happy,Other,"Independent (neither, no response)",0.272314890539526
2024,Married,NA,14,1,Pretty happy,Keeping house,NA,1.9454021773926644
2024,Married,86,10,3,Pretty happy,Retired,Strong republican,1.7692782192291605
2024,Never married,24,14,0,Pretty happy,Working full time,Not very strong republican,1.3253745695183772
2024,Married,52,16,3,Pretty happy,Working full time,Strong republican,0.917862812770816
2024,Never married,18,12,0,Not too happy,In school,"Independent (neither, no response)",0.7767754715058576
2024,Married,82,16,2,NA,Retired,Strong republican,1.5650418718246164
2024,Divorced,66,16,3,Very happy,Retired,Strong republican,0.2851853084336945
2024,Married,81,13,4,Pretty happy,Retired,Strong republican,0.3184421721924417
2024,Married,71,8,3,Not too happy,Retired,Not very strong republican,0.7363803726236933
2024,Married,62,11,3,Pretty happy,Working full time,Strong republican,0.7998311545205824
2024,Married,34,16,8,Pretty happy,In school,Strong republican,0.6360281865757573
2024,Widowed,74,18,1,Not too happy,Retired,Strong republican,0.28234107098637423
2024,Never married,22,16,0,Pretty happy,Working part time,Strong republican,1.1606876744585422
2024,Married,42,16,2,Pretty happy,Working full time,"Independent, close to democrat",0.6019246604229228
2024,Never married,45,12,2,Pretty happy,Working part time,Strong republican,0.9084864098240552
2024,Married,42,14,3,Pretty happy,Working part time,Strong republican,0.6444060694381906
2024,Separated,64,18,5,Pretty happy,Working full time,Not very strong republican,1.418505971176687
2024,Divorced,62,16,1,Not too happy,Keeping house,Strong democrat,1.418505971176687
2024,Divorced,67,18,2,NA,Retired,"Independent (neither, no response)",0.2673753547379205
2024,Married,47,16,2,Very happy,Keeping house,Strong democrat,0.8550287372848143
2024,Divorced,55,16,3,Pretty happy,Working full time,"Independent, close to republican",1.16165583234341
2024,Never married,34,16,0,Pretty happy,Working full time,Not very strong democrat,0.3109689218391985
2024,Never married,47,12,2,Not too happy,Working full time,"Independent, close to democrat",2.5344765966637857
2024,Married,55,12,3,Pretty happy,Keeping house,Not very strong democrat,1.384073578549246
2024,Never married,65,13,0,Not too happy,Working full time,"Independent (neither, no response)",0.6221190801992739
2024,Married,33,20,3,Pretty happy,Keeping house,"Independent (neither, no response)",0.5557511291173047
2024,Never married,29,16,0,Pretty happy,Working full time,Strong democrat,0.4167669819067517
2024,Married,47,12,1,Pretty happy,Working full time,Not very strong republican,0.9666091041572852
2024,Married,62,12,0,Very happy,Working full time,"Independent (neither, no response)",0.7226278543936301
2024,Never married,40,11,3,Very happy,"Unemployed, laid off, looking for work",Strong democrat,0.8999274373487409
2024,Never married,19,13,0,Pretty happy,Working part time,"Independent (neither, no response)",0.942309284954546
2024,Married,60,20,0,Not too happy,Keeping house,Strong democrat,3.1874713817689626
2024,Widowed,89,12,1,Pretty happy,Retired,Strong democrat,0.8203759293253367
2024,Married,55,18,3,Very happy,Working full time,Strong republican,1.5937356908844813
2024,Married,67,14,0,Pretty happy,Working part time,Not very strong democrat,0.6792140632826696
2024,Married,58,20,1,Pretty happy,Working full time,Strong democrat,0.6525782753646248
2024,Never married,44,12,1,Not too happy,Working part time,"Independent (neither, no response)",0.5188891658330619
2024,Never married,55,14,1,Pretty happy,Working full time,"Independent, close to democrat",0.32831267958497723
2024,Divorced,59,11,2,Not too happy,"Unemployed, laid off, looking for work",Not very strong democrat,0.3378622249206445
2024,Never married,31,12,1,Not too happy,Keeping house,"Independent, close to democrat",1.36568041085464
2024,Never married,21,12,1,Pretty happy,Working part time,"Independent (neither, no response)",0.3747241771819636
2024,Never married,50,12,0,Not too happy,Other,Strong democrat,0.29702141768359064
2024,Separated,42,15,2,Not too happy,Working part time,Strong democrat,0.5902370590740765
2024,Never married,19,13,0,Not too happy,In school,"Independent, close to democrat",0.8524984172631287
2024,Never married,41,12,2,Pretty happy,Keeping house,"Independent, close to republican",1.2672382983318928
2024,Married,32,14,3,Pretty happy,"Unemployed, laid off, looking for work","Independent (neither, no response)",0.31413803865608275
2024,Married,37,16,3,Pretty happy,Working full time,Not very strong democrat,0.27787556455865237
2024,Never married,44,12,2,Not too happy,Keeping house,"Independent (neither, no response)",0.25944458291653094
2024,Divorced,52,13,5,Very happy,Working full time,Strong democrat,0.29702141768359064
2024,Never married,31,12,2,Pretty happy,Working full time,"Independent (neither, no response)",0.6054484874425307
2024,Widowed,NA,16,2,Pretty happy,Retired,Strong democrat,0.29702141768359064
2024,Never married,23,16,0,Not too happy,Working full time,Not very strong democrat,0.7327763252534659
2024,Never married,20,14,0,Pretty happy,In school,"Independent (neither, no response)",0.414201439328336
2024,Never married,63,10,0,Pretty happy,Retired,"Independent, close to republican",1.854141903617823
2024,Widowed,84,12,1,Pretty happy,Retired,Strong democrat,0.34382972082293844
2024,Never married,66,18,0,Not too happy,Working full time,Not very strong democrat,1.3059755796210897
2024,Divorced,56,14,5,Pretty happy,Working full time,"Independent (neither, no response)",0.3215878053866913
2024,Married,51,16,1,Very happy,Working full time,Strong republican,0.6525782753646248
2024,Married,38,18,0,Pretty happy,Working full time,"Independent (neither, no response)",0.8739714612132483
2024,Never married,47,12,0,Very happy,Working full time,"Independent (neither, no response)",1.4414851101248285
2024,Never married,32,12,3,Pretty happy,Keeping house,"Independent, close to republican",0.2860576724507153
2024,Married,66,12,NA,Not too happy,Working part time,Not very strong republican,3.492935265024409
2024,Never married,32,16,0,Pretty happy,Working full time,"Independent (neither, no response)",1.33529984702689
2024,Never married,31,12,0,Pretty happy,Working full time,Strong democrat,0.3180440452277143
2024,Married,69,14,3,Pretty happy,Working part time,Strong democrat,0.7726068254866856
2024,Married,57,11,1,Pretty happy,Keeping house,Strong democrat,1.884639157413566
2024,Never married,30,16,0,Pretty happy,Working full time,"Independent (neither, no response)",0.29384843741730554
2024,Married,72,17,2,Not too happy,Working part time,"Independent (neither, no response)",0.6834210805302102
2024,Married,60,12,2,Not too happy,Retired,Strong democrat,0.7377390661111632
2024,Married,69,18,2,Pretty happy,Retired,Strong democrat,0.6008090968489066
2024,Divorced,45,17,2,Very happy,Working full time,Other party,0.27266700967553553
2024,Married,67,18,1,Pretty happy,Retired,Strong democrat,0.6008090968489066
2024,Married,34,16,1,Pretty happy,Working full time,"Independent, close to democrat",0.6000014346656596
2024,Widowed,78,14,2,Not too happy,Retired,Strong republican,0.6045351246033441
2024,Separated,37,14,4,Not too happy,"Unemployed, laid off, looking for work","Independent (neither, no response)",1.8227044684406577
2024,Married,70,0,5,Very happy,Keeping house,"Independent (neither, no response)",0.8948815179804389
2024,Separated,32,13,3,Pretty happy,Working full time,"Independent, close to democrat",0.39154906649033794
2024,Married,37,13,1,Pretty happy,Working full time,"Independent (neither, no response)",1.0008135804577591
2024,Married,61,18,6,Very happy,Working full time,Strong republican,1.0395258133823797
2024,Married,51,12,4,Pretty happy,Keeping house,NA,1.5569129052503747
2024,Married,65,3,4,Pretty happy,Working part time,Not very strong republican,1.017928818275714
2024,Never married,NA,16,0,Pretty happy,Working full time,Strong republican,3.149748605227761
2024,Married,64,16,3,Not too happy,Retired,Strong republican,3.384992427543829
2024,Divorced,59,12,7,Pretty happy,Retired,"Independent, close to republican",1.2478426251493848
2024,Never married,22,12,0,Pretty happy,Keeping house,"Independent (neither, no response)",0.998969985487266
2024,Never married,19,12,0,Not too happy,Working part time,"Independent, close to democrat",5.66638497266037
2024,Divorced,55,13,3,Pretty happy,Working full time,Not very strong republican,1.0459726232799529
2024,Never married,18,12,0,Not too happy,"Unemployed, laid off, looking for work","Independent (neither, no response)",1.6001972679505303
2024,Married,41,16,0,Very happy,Working full time,Strong democrat,3.808254607020423
2024,Never married,58,16,0,Very happy,Working full time,Not very strong republican,0.4066944831387196
2024,Married,79,13,1,Very happy,Retired,Strong republican,1.62293301412806
2024,Married,21,9,0,Very happy,Keeping house,"Independent (neither, no response)",3.9930801003376826
2024,Married,76,9,2,Pretty happy,Retired,"Independent (neither, no response)",1.099762978235747
2024,Never married,32,12,0,Pretty happy,Working full time,"Independent (neither, no response)",2.760898349788046
2024,Never married,29,13,0,Not too happy,"Unemployed, laid off, looking for work",Strong republican,2.3201838009886986
2024,Married,28,13,0,Not too happy,Working full time,"Independent, close to democrat",1.1791732971483675
2024,Married,26,15,0,Very happy,Working full time,"Independent (neither, no response)",5.21241938732574
2024,Married,59,3,3,Pretty happy,Keeping house,"Independent (neither, no response)",2.429974182823558
2024,Never married,18,14,0,Pretty happy,In school,"Independent (neither, no response)",1.4984549782308976
2024,Married,52,12,3,Very happy,Working full time,"Independent (neither, no response)",0.9562509747593596
2024,Never married,28,15,2,Very happy,"Unemployed, laid off, looking for work",Other party,0.5247621586891793
2024,Never married,50,10,1,Pretty happy,Working full time,Strong democrat,1.3767362420301397
2024,Never married,42,17,4,Pretty happy,Keeping house,"Independent (neither, no response)",0.32138472594406464
2024,Divorced,54,12,3,Pretty happy,Working full time,"Independent, close to democrat",1.6637901668658464
2024,Married,64,12,3,Pretty happy,Other,Strong republican,0.5315884829444834
2024,Never married,20,14,0,Not too happy,Working full time,"Independent, close to republican",3.7002130817030543
2024,Never married,20,13,0,Not too happy,In school,"Independent (neither, no response)",2.4428262339758025
2024,Separated,60,14,2,Not too happy,Working full time,"Independent (neither, no response)",1.3793030790781926
2024,Married,45,12,2,Not too happy,Working part time,"Independent (neither, no response)",0.9657625544186116
2024,Divorced,61,13,3,Pretty happy,Working full time,"Independent (neither, no response)",0.4159475417164616
2024,Never married,22,14,0,Pretty happy,Working part time,Strong democrat,0.998969985487266
2024,Never married,39,14,6,Very happy,Working full time,Not very strong republican,3.1315721205705684
2024,Widowed,77,20,4,Pretty happy,Retired,"Independent (neither, no response)",0.8518321666685573
2024,Married,32,17,0,Pretty happy,Working full time,Strong republican,1.0010088262435644
2024,Married,35,12,1,Not too happy,Working full time,"Independent (neither, no response)",1.0008135804577591
2024,Divorced,66,16,0,Not too happy,Retired,Not very strong democrat,2.438510264640766
2024,Married,36,13,2,Very happy,Keeping house,Strong republican,3.403940028417369
2024,Married,54,20,4,Very happy,Working part time,Not very strong democrat,0.8458662968922602
2024,Divorced,48,13,3,Very happy,Working full time,"Independent (neither, no response)",1.573501637314843
2024,Married,40,16,0,Pretty happy,Working full time,Strong republican,1.5848575991845435
2024,Married,46,12,3,Pretty happy,Keeping house,"Independent, close to republican",5.439777676508789
2024,Divorced,59,12,2,Not too happy,Working full time,Strong republican,1.497134692844854
2024,Never married,24,12,0,Pretty happy,Working full time,"Independent, close to democrat",1.7044943655471485
2024,Widowed,70,6,3,Not too happy,Retired,Not very strong democrat,1.4820134166171937
2024,Never married,27,18,0,Pretty happy,Working full time,Strong democrat,0.5402097448853226
2024,Married,55,16,2,Pretty happy,Working full time,"Independent, close to republican",0.9346600666323394
2024,Married,69,12,2,Very happy,Working part time,Not very strong republican,3.0972758630402093
2024,Married,77,20,4,Pretty happy,Retired,Strong democrat,1.435590001997289
2024,Married,41,20,1,Not too happy,Working full time,"Independent (neither, no response)",1.1356833435941371
2024,Married,83,16,2,Pretty happy,Retired,NA,0.9570600013315244
2024,Married,49,17,2,Pretty happy,Keeping house,Not very strong democrat,0.6873853831939699
2024,Divorced,71,18,2,Very happy,Retired,Strong democrat,0.3744313200918005
2024,Married,24,14,2,Pretty happy,Working full time,Strong republican,1.2767017131555551
2024,Married,45,16,5,Not too happy,Other,"Independent (neither, no response)",0.9080131095841132
2024,Married,74,17,1,Very happy,Retired,Strong republican,0.824136618170668
2024,Married,43,16,3,Very happy,Keeping house,Not very strong democrat,0.738853885729355
2024,Never married,30,12,0,Not too happy,Working part time,Not very strong democrat,0.4808504192376891
2024,Never married,19,12,0,Pretty happy,Working full time,Not very strong republican,0.6949595931027477
2024,Never married,61,12,0,Pretty happy,Working full time,"Independent (neither, no response)",0.23717322321526396
2024,Divorced,76,14,2,Very happy,Retired,Strong democrat,0.2535767891656367
2024,Widowed,NA,19,2,Pretty happy,Retired,Strong democrat,0.20748331713811136
2024,Married,44,12,2,Pretty happy,Working part time,"Independent, close to democrat",3.7068087633741342
2024,Never married,26,16,0,Pretty happy,Working full time,Not very strong democrat,0.30736852198007114
2024,Never married,37,20,0,Very happy,Working full time,Not very strong republican,0.20748331713811136
2024,Never married,26,18,0,Very happy,Working full time,"Independent (neither, no response)",0.9054863817378608
2024,Never married,28,16,0,Pretty happy,"With a job, but not at work because of temporary illness, vacation, strike","Independent, close to republican",2.224004823586578
2024,Never married,25,12,0,Pretty happy,Working full time,Not very strong democrat,2.2005961928007385
2024,Divorced,25,12,0,Pretty happy,Working full time,"Independent (neither, no response)",2.328809475705547
2024,Never married,26,16,0,Pretty happy,"Unemployed, laid off, looking for work","Independent (neither, no response)",0.6992641373584954
2024,Married,27,12,2,Very happy,Keeping house,"Independent (neither, no response)",3.2841154206834213
2024,Never married,36,17,0,Not too happy,"Unemployed, laid off, looking for work","Independent, close to democrat",0.4586834468035486
2024,Never married,26,15,0,Not too happy,"Unemployed, laid off, looking for work",Not very strong democrat,0.9430851886551752
2024,Separated,51,18,1,Pretty happy,Working full time,Not very strong democrat,0.4738313769076349
2024,Never married,34,18,0,Pretty happy,Working full time,"Independent (neither, no response)",1.8681021842325185
2024,Married,31,17,0,Pretty happy,Working full time,Not very strong democrat,0.5862057427526693
2024,Never married,54,14,2,Not too happy,Working full time,Strong democrat,0.2491757198030437
2024,Never married,63,16,0,Pretty happy,Working part time,Strong democrat,0.2771324057276633
2024,Never married,36,12,2,Pretty happy,Working full time,Not very strong republican,0.7637931792845212
2024,Married,33,13,3,Not too happy,Working full time,Not very strong democrat,2.157956380048941
2024,Married,74,0,3,Not too happy,Retired,"Independent (neither, no response)",0.9146939958657556
2024,Never married,24,16,1,Pretty happy,Working full time,Not very strong democrat,0.2780734337316408
2024,Married,67,13,2,Very happy,Retired,Strong democrat,0.773242995059244
2024,Married,79,18,0,Very happy,Retired,Not very strong democrat,0.28666609465027887
2024,Married,77,13,4,Very happy,Retired,"Independent, close to republican",0.5698028594661811
2024,Never married,30,13,4,Pretty happy,Keeping house,"Independent, close to republican",0.47995613914967833
2024,Divorced,71,14,2,Pretty happy,Retired,Not very strong democrat,0.2294085549934907
2024,Divorced,75,17,0,Not too happy,Retired,Strong republican,0.2551474308576532
2024,Divorced,65,14,1,Pretty happy,Retired,Not very strong democrat,0.2294085549934907
2024,Never married,20,9,1,Not too happy,"Unemployed, laid off, looking for work","Independent, close to democrat",3.121498334105977
2024,Never married,35,13,2,Pretty happy,Working full time,"Independent (neither, no response)",0.8688156731080657
2024,Never married,49,18,0,Very happy,Working full time,Strong democrat,0.21765194982031252
2024,Widowed,69,15,2,Pretty happy,Retired,"Independent, close to republican",0.5071535783312734
2024,Married,35,16,0,Pretty happy,Working full time,"Independent (neither, no response)",2.0517798517315966
2024,Married,69,17,1,Pretty happy,Working full time,Not very strong democrat,0.308130436168221
2024,Married,36,20,4,Pretty happy,Working full time,"Independent, close to republican",0.5033501978801384
2024,Divorced,71,12,2,Very happy,Retired,Strong republican,1.8785111987709575
2024,Never married,42,18,0,Pretty happy,Working full time,"Independent, close to democrat",0.2128101223318359
2024,Married,37,12,1,Not too happy,Working full time,"Independent (neither, no response)",1.8582438621811064
2024,Married,53,15,2,Very happy,Keeping house,Not very strong republican,0.2911379466791591
2024,Married,47,19,2,Very happy,Working full time,Strong democrat,0.5439503722934654
2024,Married,29,14,2,Pretty happy,Working full time,"Independent, close to republican",2.892137781101088
2024,Never married,25,13,0,Not too happy,Working full time,Not very strong republican,3.861224984251436
2024,Married,38,15,2,Pretty happy,Keeping house,"Independent, close to republican",0.5825971656387549
2024,Married,46,17,3,Pretty happy,Keeping house,Strong democrat,0.8652418433734272
2024,Never married,26,15,0,Pretty happy,Working part time,"Independent (neither, no response)",1.3614492785405452
2024,Divorced,33,20,1,Pretty happy,Keeping house,"Independent, close to democrat",1.4936040780149376
2024,Married,64,16,2,Very happy,Working full time,Strong republican,0.6227337989172864
2024,Never married,20,14,0,Pretty happy,Working part time,"Independent, close to democrat",0.8976579023699541
2024,Married,65,18,3,Very happy,Working full time,Strong democrat,0.756041636689421
2024,Married,45,18,0,Pretty happy,Working full time,Strong democrat,0.6329452530359835
2024,Never married,29,14,0,Pretty happy,Working full time,Not very strong democrat,1.0727605524668746
2024,Married,39,14,0,Very happy,Working full time,Other party,1.8582438621811064
2024,Widowed,70,20,1,Pretty happy,Retired,Strong democrat,0.22430519318774408
2024,Divorced,79,16,2,Very happy,Retired,Strong republican,0.5102948617153064
2024,Never married,32,17,1,Very happy,Working full time,"Independent (neither, no response)",0.20748331713811136
2024,Married,77,18,0,Pretty happy,Working full time,Strong republican,0.5040277577929471
2024,Married,69,20,2,Not too happy,Retired,Strong democrat,1.8669330710844405
2024,Married,66,16,2,Very happy,Retired,Strong democrat,0.5733321893005577
2024,Never married,62,12,2,Pretty happy,Working full time,Strong democrat,0.283437685219527
2024,Never married,26,16,0,Not too happy,"Unemployed, laid off, looking for work","Independent (neither, no response)",0.7151737016445836
2024,Never married,40,13,5,Pretty happy,Working full time,Strong democrat,1.4174736067105278
2024,Widowed,81,12,4,Pretty happy,Retired,Strong democrat,0.5219050222735011
2024,Divorced,NA,14,1,Very happy,Working full time,"Independent (neither, no response)",0.8164582240201541
2024,Never married,36,20,1,Not too happy,Keeping house,Not very strong democrat,0.2293417234017743
2024,Never married,62,14,1,Pretty happy,Working full time,NA,0.4983514396060874
2024,Never married,20,14,0,Pretty happy,Working part time,Strong democrat,4.094605676331575
2024,Never married,20,15,0,Pretty happy,In school,Strong republican,1.18577607729504
2024,Never married,23,19,0,Very happy,In school,Strong republican,0.6147370439601423
2024,Never married,19,14,0,Pretty happy,In school,Strong democrat,3.394479862574258
2024,Never married,28,18,0,Pretty happy,Working part time,"Independent (neither, no response)",0.8745937973676372
2024,Never married,69,16,0,Not too happy,Working part time,Not very strong democrat,0.6607875669121084
2024,Never married,25,16,0,Not too happy,"Unemployed, laid off, looking for work","Independent, close to republican",0.2780734337316408
2024,Married,36,16,NA,Very happy,Working full time,Strong republican,0.5862057427526693
2024,Married,76,14,2,Pretty happy,Retired,"Independent, close to democrat",0.5698028594661811
2024,Married,71,18,2,Very happy,Working full time,"Independent, close to democrat",0.5733321893005577
2024,Married,71,12,2,Pretty happy,Retired,"Independent, close to democrat",0.8371972625779831
2024,Married,66,12,4,Pretty happy,Retired,Strong republican,1.563278282562974
2024,Never married,19,14,0,Pretty happy,In school,Strong republican,1.6141905993368575
2024,Married,37,16,4,Very happy,Working part time,Strong republican,0.6110145403041118
2024,Married,50,20,0,Pretty happy,Working full time,"Independent, close to democrat",0.5589384155733168
2024,Married,36,16,0,Very happy,Working full time,Strong democrat,3.0712644275807706
2024,Married,65,12,2,Pretty happy,Working full time,Not very strong republican,1.8074984169065589
2024,Married,63,16,2,Pretty happy,Working full time,"Independent, close to democrat",1.6699209183764112
2024,Never married,61,18,0,Pretty happy,Working full time,"Independent (neither, no response)",1.604923520638938
2024,Never married,55,12,6,Pretty happy,"Unemployed, laid off, looking for work","Independent, close to democrat",0.29543304391055863
2024,Never married,24,11,0,Pretty happy,Working part time,"Independent (neither, no response)",2.045438134414486
2024,Married,54,16,0,Not too happy,"With a job, but not at work because of temporary illness, vacation, strike",Not very strong democrat,0.6976894936332767
2024,Never married,41,20,0,Very happy,Working full time,Strong democrat,0.5740206230093468
2024,Never married,25,14,0,Pretty happy,Working full time,Not very strong democrat,3.725159719124016
2024,Married,82,16,3,Pretty happy,Retired,Strong democrat,1.019649550872291
2024,Married,37,18,0,Pretty happy,Working full time,"Independent, close to democrat",0.6567647179856255
2024,Never married,65,12,0,Pretty happy,Retired,"Independent, close to republican",1.670430455414748
2024,Never married,56,14,0,Pretty happy,Working full time,Strong democrat,0.3714589520922739
2024,Married,72,13,0,Pretty happy,Working part time,Strong democrat,0.7684751758971065
2024,Married,74,20,0,Very happy,Retired,"Independent (neither, no response)",3.320269649923629
2024,Married,55,18,2,Not too happy,Working full time,Not very strong republican,1.1178768311466336
2024,Married,55,18,2,Pretty happy,"With a job, but not at work because of temporary illness, vacation, strike",Strong republican,1.0250979343038311
2024,Married,53,13,1,Pretty happy,Working part time,Strong democrat,0.6318793013578522
2024,Divorced,68,16,2,Not too happy,Retired,Strong democrat,2.7184718365776264
2024,Married,48,13,2,Very happy,Working full time,Not very strong democrat,5.890913919166901
2024,Married,66,14,2,Very happy,Retired,Strong democrat,0.9379669695377834
2024,Married,37,13,0,NA,Working full time,"Independent (neither, no response)",3.1228686033728104
2024,Never married,18,12,0,Pretty happy,Working part time,Not very strong republican,1.0643003527676933
2024,Divorced,53,18,1,Pretty happy,Working full time,"Independent, close to democrat",0.328579647547905
2024,Never married,20,12,0,Not too happy,In school,"Independent (neither, no response)",0.3547667842558972
2024,Divorced,36,17,1,Not too happy,"Unemployed, laid off, looking for work","Independent (neither, no response)",0.5033669867019508
2024,Married,61,12,5,Pretty happy,"Unemployed, laid off, looking for work","Independent (neither, no response)",0.3926485819923617
2024,Married,69,12,3,Pretty happy,Other,Not very strong republican,1.1209325532371228
2024,Widowed,89,16,3,Pretty happy,Retired,Strong democrat,1.298991647704434
2024,Widowed,89,10,4,Not too happy,Retired,Not very strong republican,1.6979236572831784
2024,Widowed,82,12,4,Not too happy,Retired,Strong republican,1.4685087157218255
2024,Married,80,16,2,Pretty happy,Retired,Strong republican,0.5975961655408667
2024,Divorced,70,18,2,Pretty happy,Retired,Strong democrat,0.2659455184509184
2024,Never married,40,16,1,Pretty happy,Working part time,Not very strong republican,0.25231648679561564
2024,Never married,35,12,0,Very happy,Working full time,"Independent (neither, no response)",1.5808492463701176
2024,Never married,39,12,0,Pretty happy,Working full time,Not very strong republican,0.3236508665483772
2024,Divorced,64,13,4,Very happy,Working part time,Not very strong republican,0.3438184223547928
2024,Never married,75,20,0,Not too happy,Working part time,Not very strong republican,0.2659455184509184
2024,Separated,69,17,0,Pretty happy,Retired,Not very strong republican,0.7978365553527559
2024,Married,31,16,0,Very happy,Working full time,"Independent, close to democrat",0.8692977465761162
2024,Never married,36,16,0,Pretty happy,Working full time,"Independent (neither, no response)",1.2015731431364076
2024,Separated,36,12,0,Not too happy,Working full time,Not very strong republican,0.3236508665483772
2024,Married,33,20,0,Very happy,Working full time,Strong democrat,2.9844563243786633
2024,Never married,43,18,0,Pretty happy,Working full time,Strong democrat,0.5046329735912313
2024,Never married,22,16,0,Not too happy,Working part time,Strong democrat,1.0932865143037045
2024,Married,NA,12,2,Very happy,Retired,"Independent (neither, no response)",0.7351957393402089
2024,Widowed,78,14,0,Pretty happy,Retired,Not very strong republican,1.670430455414748
2024,Never married,46,18,0,Pretty happy,Working full time,Strong republican,0.2870103115046734
2024,Divorced,80,16,2,Pretty happy,Working full time,"Independent (neither, no response)",0.30251335163721965
2024,Married,65,18,0,Pretty happy,Working part time,Strong democrat,0.5975961655408667
2024,Married,65,14,4,Pretty happy,Keeping house,Strong republican,0.5435160525647755
2024,Married,67,16,3,Pretty happy,Retired,Not very strong republican,1.174156244845798
2024,Never married,46,14,0,Pretty happy,Working part time,"Independent, close to republican",0.2247823040115493
2024,Never married,33,15,0,Not too happy,Working full time,Strong republican,0.7465242992091518
2024,Married,46,16,2,Very happy,Working full time,"Independent (neither, no response)",0.518856222338125
2024,Married,51,16,3,Pretty happy,Working full time,Not very strong republican,0.5222017437352435
2024,Married,49,13,4,Not too happy,Working full time,"Independent, close to democrat",0.2332574069350069
2024,Separated,59,12,2,Not too happy,Other,"Independent, close to republican",0.26272013678952333
2024,Married,48,9,4,Pretty happy,"Unemployed, laid off, looking for work","Independent (neither, no response)",0.45135175266257
2024,Married,57,12,5,Not too happy,Working full time,"Independent (neither, no response)",3.150432641890725
2024,Never married,74,14,0,Pretty happy,Retired,Strong democrat,0.2751370778645958
2024,Married,43,14,2,Pretty happy,Working full time,"Independent, close to democrat",0.5306611698300798
2024,Married,50,13,6,Very happy,Working full time,Not very strong republican,0.2891281704291835
2024,Married,52,14,5,Pretty happy,Working full time,"Independent, close to democrat",4.2366769031254154
2024,Never married,28,16,1,Very happy,Working full time,"Independent (neither, no response)",0.6493206600724667
2024,Never married,26,16,0,Pretty happy,In school,"Independent, close to republican",1.628968526002232
2024,Married,34,14,0,Pretty happy,Working part time,"Independent (neither, no response)",1.3966635115124078
2024,Never married,48,17,5,Pretty happy,Other,"Independent, close to democrat",0.3672908751215854
2024,Divorced,64,14,1,Pretty happy,Working part time,"Independent (neither, no response)",0.4681212790043322
2024,Never married,35,14,0,Pretty happy,Working full time,"Independent (neither, no response)",0.56262996600689
2024,Never married,22,16,0,Not too happy,In school,Strong democrat,0.6474695538488986
2024,Never married,31,16,0,Not too happy,In school,Strong democrat,1.0685245507709176
2024,Divorced,56,11,1,Not too happy,Working full time,"Independent (neither, no response)",0.29669282145029235
2024,Never married,22,16,0,Pretty happy,Working part time,Strong democrat,1.000507308773236
2024,Married,65,12,2,Not too happy,Working full time,Not very strong republican,0.6182501727711808
2024,Married,37,14,2,Pretty happy,Working full time,Not very strong democrat,0.6321323109006585
2024,Divorced,81,14,3,Pretty happy,Retired,"Independent, close to democrat",0.24187849039310996
2024,Never married,38,13,2,Pretty happy,Working full time,"Independent (neither, no response)",0.4946192199316977
2024,Never married,66,20,0,Not too happy,Working full time,"Independent, close to democrat",0.28319515526951583
2024,Married,41,20,1,Pretty happy,Working full time,Not very strong democrat,2.2279674451690403
2024,Married,49,17,0,Very happy,Keeping house,Not very strong democrat,0.4221953757748752
2024,Divorced,76,18,1,Pretty happy,Retired,"Independent, close to republican",0.2139572856573523
2024,Married,28,17,0,Very happy,Working full time,Not very strong republican,0.6588131599069739
2024,Married,37,18,1,Pretty happy,Working full time,Strong democrat,0.4375229296269725
2024,Divorced,46,12,3,Pretty happy,Working full time,Not very strong republican,2.2417845937112686
2024,Widowed,85,14,2,Pretty happy,Retired,"Independent (neither, no response)",0.24187849039310996
2024,Never married,25,16,0,Pretty happy,Working full time,Not very strong republican,6.515874104008928
2024,Widowed,67,17,1,Not too happy,Retired,Strong democrat,0.2139572856573523
2024,Divorced,52,12,2,Pretty happy,Other,Not very strong republican,0.5976889521261487
2024,Widowed,58,11,5,Not too happy,Other,Not very strong democrat,0.2554769609176606
2024,Separated,67,15,7,Pretty happy,Keeping house,Strong democrat,0.21882521325263984
2024,Divorced,60,16,1,Very happy,Working full time,Strong democrat,0.23239307994546665
2024,Never married,26,12,3,Pretty happy,In school,"Independent (neither, no response)",0.5997184587085423
2024,Divorced,45,12,3,Not too happy,Working full time,Not very strong republican,0.2549612145243328
2024,Never married,43,17,1,Not too happy,Working full time,Not very strong republican,1.27501635493331
2024,Never married,53,18,0,Pretty happy,NA,Strong democrat,0.23915263688807387
2024,Never married,26,7,0,Not too happy,Working full time,Not very strong democrat,6.773805544581722
2024,Never married,69,12,1,Not too happy,Retired,Strong democrat,0.24187849039310996
2024,Never married,63,16,0,Pretty happy,Retired,Strong republican,0.32692155915638854
2024,Married,32,14,1,Pretty happy,Working full time,Strong democrat,0.7817654774052698
2024,Married,67,18,0,Pretty happy,Retired,Other party,0.7489359214945511
2024,Never married,53,12,0,Pretty happy,Keeping house,Strong republican,0.36958448487866
2024,Widowed,76,13,1,Pretty happy,Retired,Strong democrat,0.3402652661786008
2024,Never married,46,9,0,Pretty happy,Retired,Strong republican,0.7121077753430279
2024,Never married,47,14,0,Pretty happy,Working full time,Strong democrat,0.36721671645000575
2024,Never married,29,16,0,Pretty happy,In school,Strong democrat,0.5459165358300356
2024,Never married,22,18,0,Pretty happy,In school,Strong democrat,0.5425559718272792
2024,Never married,19,14,0,Pretty happy,Working part time,"Independent, close to democrat",1.8650808830615455
2024,Never married,36,19,0,Pretty happy,Working full time,"Independent, close to democrat",2.138562186156798
2024,Never married,NA,16,NA,Not too happy,Working full time,Strong democrat,0.4378327068862014
2024,Divorced,33,13,3,Not too happy,Other,"Independent, close to republican",6.797278056120126
2024,Never married,21,16,0,Very happy,Working full time,Strong republican,2.729582679150177
2024,Married,NA,12,3,Very happy,Working full time,"Independent, close to democrat",0.7645972736051276
2024,Married,38,18,0,Pretty happy,Working full time,Strong democrat,0.7866076928786653
2024,Married,65,16,0,Pretty happy,Keeping house,Strong democrat,0.6763361099851858
2024,Never married,19,12,0,Pretty happy,Keeping house,Strong democrat,2.1215317795008493
2024,Never married,33,16,0,Not too happy,Working full time,"Independent, close to democrat",0.37627150653338653
2024,Never married,37,20,0,Pretty happy,Working full time,Strong democrat,1.8378709560629027
2024,Never married,75,16,0,Pretty happy,Retired,Not very strong democrat,0.34237285187350525
2024,Married,73,14,1,Pretty happy,Retired,Strong republican,0.3822986368025638
2024,Divorced,54,12,0,Very happy,Working full time,"Independent (neither, no response)",4.106854156651568
2024,Married,68,13,1,Very happy,Retired,"Independent, close to democrat",0.8218470750661937
2024,Never married,19,13,0,Pretty happy,Working part time,Not very strong republican,1.5911488346256388
2024,Married,37,16,2,Pretty happy,Retired,"Independent, close to republican",0.88925918414295535
2024,Never married,36,9,4,Pretty happy,"Unemployed, laid off, looking for work","Independent (neither, no response)",0.33186762815258397
2024,Divorced,67,9,4,Not too happy,Retired,Not very strong democrat,0.3245795459342392
2024,Married,58,14,2,Very happy,Working full time,Not very strong republican,0.9446713151649814
2024,Divorced,88,12,3,Not too happy,Retired,"Independent (neither, no response)",1.662001079561345
2024,Separated,46,14,2,Pretty happy,Working full time,"Independent, close to democrat",0.645655072819769
2024,Never married,35,18,0,Pretty happy,Working full time,"Independent, close to democrat",3.419690024766622
2024,Divorced,46,14,2,Pretty happy,Working full time,Not very strong democrat,0.3228275364098845
2024,Never married,61,16,0,Very happy,Retired,Strong democrat,0.32692155915638854
2024,Divorced,43,12,7,Pretty happy,Working part time,"Independent (neither, no response)",5.916578711263465
2024,Divorced,62,13,4,Pretty happy,Working part time,"Independent, close to republican",0.36958448487866
2024,Married,49,16,2,Pretty happy,Working full time,Strong democrat,3.1342180717913695
2024,Never married,20,12,0,Not too happy,In school,"Independent (neither, no response)",1.4727502970954325
2024,Married,NA,12,0,Pretty happy,Working full time,"Independent (neither, no response)",0.7465135238334684
2024,Never married,27,17,0,Not too happy,Working full time,"Independent, close to republican",5.1812342579853174
2024,Married,46,18,2,Pretty happy,Working full time,Not very strong democrat,1.203848745709975
2024,Never married,25,10,0,Pretty happy,"Unemployed, laid off, looking for work",Not very strong democrat,0.5080392607598934
2024,Never married,63,16,0,Pretty happy,Working part time,Not very strong democrat,0.3328459007626024
2024,Married,60,16,2,Very happy,Working part time,Not very strong republican,0.9899587038988296
2024,Married,74,16,0,Pretty happy,Retired,NA,2.550565734256504
2024,Married,50,8,8,Not too happy,Working part time,"Independent, close to republican",0.841841215721785
2024,Never married,18,14,0,Pretty happy,"With a job, but not at work because of temporary illness, vacation, strike","Independent, close to democrat",1.104775907853741
2024,Never married,42,14,1,Not too happy,Working part time,Not very strong republican,0.2767015847778802
2024,Divorced,49,20,1,Not too happy,Working full time,"Independent (neither, no response)",0.3738712707638172
2024,Married,30,17,0,Pretty happy,Working full time,"Independent, close to republican",0.7040539989049924
2024,Never married,44,12,0,Pretty happy,Working full time,"Independent (neither, no response)",1.2174314520328244
2024,Divorced,59,16,0,Pretty happy,Working full time,"Independent, close to democrat",0.3786126181215844
2024,Divorced,41,15,2,Not too happy,"With a job, but not at work because of temporary illness, vacation, strike","Independent (neither, no response)",0.3210275239491572
2024,Married,48,15,0,Very happy,Working full time,Strong democrat,0.9237415666940793
2024,Divorced,46,16,2,Pretty happy,Working full time,Not very strong democrat,0.3307135006005897
2024,Divorced,43,13,2,Pretty happy,Working full time,Not very strong democrat,0.32194533706328116
2024,Never married,26,12,0,Pretty happy,Working full time,"Independent (neither, no response)",1.079988664508131
2024,Divorced,65,12,0,Pretty happy,"Unemployed, laid off, looking for work","Independent (neither, no response)",0.39406615952816454
2024,Married,77,15,0,Not too happy,Retired,"Independent, close to republican",0.8854912362319359
2024,Divorced,59,12,0,Pretty happy,"Unemployed, laid off, looking for work","Independent (neither, no response)",0.7525638938879151
2024,Never married,54,0,0,Not too happy,Keeping house,"Independent, close to democrat",1.416698508829359
2024,Divorced,54,0,0,Very happy,"Unemployed, laid off, looking for work",Not very strong republican,0.3824750784767562
2024,Married,63,13,4,Very happy,Working part time,Strong republican,1.2840635209079827
2024,Divorced,61,13,1,Pretty happy,Other,"Independent (neither, no response)",0.8560423472719886
2024,Divorced,46,16,3,Very happy,Working full time,Strong republican,0.2907368316140161
2024,Divorced,NA,16,0,Pretty happy,Working part time,NA,0.6656918015252048
2024,Married,31,16,2,Not too happy,Keeping house,Strong republican,0.7959323183931953
2024,Never married,36,14,0,Pretty happy,Working full time,"Independent, close to republican",1.1297838257566646
2024,Married,42,16,2,Pretty happy,Working full time,Not very strong democrat,0.9799556884774232
2024,Married,NA,20,0,Pretty happy,Retired,Not very strong democrat,0.7086213099065323
2024,Never married,29,13,2,Pretty happy,Working full time,Not very strong republican,0.9299920636031996
2024,Married,29,13,4,Pretty happy,Keeping house,Not very strong republican,1.066724958162565
2024,Married,38,16,2,Pretty happy,Keeping house,Not very strong republican,1.1463002766236794
2024,Never married,47,16,1,Pretty happy,Working full time,"Independent, close to democrat",0.8564905735961269
2024,Widowed,74,12,3,Pretty happy,Retired,Strong republican,0.3464314171010825
2024,Never married,41,14,0,Not too happy,Working full time,Not very strong republican,0.3738712707638172
2024,Never married,48,14,0,Pretty happy,"Unemployed, laid off, looking for work","Independent, close to republican",1.2174314520328244
2024,Separated,48,15,1,Pretty happy,Working full time,"Independent, close to democrat",1.0176085455266632
2024,Married,48,18,0,Pretty happy,Working full time,Strong republican,0.6533037923182821
2024,Never married,62,16,0,Pretty happy,Retired,"Independent, close to democrat",0.3786126181215844
2024,Never married,32,14,2,Pretty happy,Working full time,"Independent, close to republican",2.3068185358578783
2024,Never married,29,15,0,Pretty happy,Working full time,Other party,0.9299920636031996
2024,Never married,21,14,0,Pretty happy,Working full time,Not very strong republican,0.46499603180159976
2024,Never married,33,16,0,Pretty happy,Working full time,"Independent (neither, no response)",0.30690414915273573
2024,Never married,59,14,0,Very happy,Working part time,Strong republican,0.3762819469439576
2024,Married,36,14,3,Very happy,Working full time,Not very strong republican,0.9053739830473796
2024,Married,73,18,4,Very happy,Retired,Strong republican,0.7086213099065323
2024,Married,47,20,0,Not too happy,Working full time,"Independent (neither, no response)",2.1892208945164517
2024,Married,42,16,2,Pretty happy,Working full time,Strong republican,0.6046909838303698
2024,Married,61,20,0,Pretty happy,Working full time,"Independent, close to democrat",0.7479254968097401
2024,Married,52,12,0,Pretty happy,Working full time,Not very strong republican,4.0453314139924785
2024,Married,28,8,1,Very happy,Working full time,"Independent (neither, no response)",1.1415959025846885
2024,Never married,30,12,2,Not too happy,Keeping house,Not very strong republican,0.787072839975811
2024,Never married,31,14,0,Pretty happy,Working full time,"Independent (neither, no response)",2.1252811680978057
2024,Widowed,68,16,0,Not too happy,Retired,Strong democrat,0.4281940909564827
2024,Widowed,67,13,2,Not too happy,Working part time,"Independent (neither, no response)",0.42555820515010473
2024,Widowed,74,16,2,Not too happy,Retired,"Independent, close to republican",2.3644194429477836
2024,Married,NA,16,2,Pretty happy,Keeping house,"Independent, close to republican",0.8311896901633589
2024,Married,51,14,1,Pretty happy,Keeping house,Strong republican,1.0386523464600157
2024,Never married,34,14,0,Pretty happy,Other,Strong democrat,0.393643262490051
2024,Married,36,15,2,Pretty happy,Working full time,Strong republican,1.086279927478928
2024,Never married,32,17,0,Not too happy,Working full time,Not very strong democrat,3.759899354803042
2024,Divorced,63,15,1,Pretty happy,Retired,"Independent, close to democrat",0.462226755621112
2024,Never married,31,15,0,Pretty happy,Working full time,"Independent (neither, no response)",0.4721262110708344
2024,Never married,42,20,0,Very happy,Working full time,Strong democrat,1.5781764004598613
2024,Never married,34,NA,5,Not too happy,Working full time,"Independent (neither, no response)",0.3808487344159698
2024,Never married,27,8,0,Not too happy,Working full time,Strong democrat,1.1578994037938783
2024,Divorced,73,13,1,Pretty happy,Working part time,Strong republican,0.9681459549049464
2024,Separated,46,14,8,Pretty happy,Keeping house,"Independent (neither, no response)",0.7474122831791936
2024,Never married,NA,NA,2,Pretty happy,Other,"Independent (neither, no response)",0.3913351329867025
2024,Never married,44,14,1,Pretty happy,Other,"Independent (neither, no response)",0.39547937350358586
2024,Divorced,40,16,3,Not too happy,Keeping house,Not very strong democrat,0.3472962797655881
2024,Never married,34,17,0,Very happy,Working full time,Strong republican,0.7697727579722577
2024,Never married,32,13,0,Pretty happy,Working full time,Strong republican,0.870227307623689
2024,Never married,25,15,0,Not too happy,In school,"Independent, close to republican",0.5867603107509574
2024,Never married,50,16,0,Pretty happy,Other,Strong democrat,0.4088696842375979
2024,Divorced,58,16,1,Pretty happy,Working full time,Not very strong republican,0.8177393684751959
2024,Never married,24,18,0,Pretty happy,Working part time,Other party,2.0153055283139216
2024,Married,59,16,2,Not too happy,Working part time,Not very strong republican,0.8503904037458955
2024,Divorced,36,18,0,Pretty happy,Working full time,Strong democrat,0.3848863789861289
2024,Never married,22,12,0,Pretty happy,Working full time,Not very strong democrat,0.6001102029957971
2024,Widowed,71,17,5,Not too happy,Retired,Not very strong republican,1.129301886023242
2024,Married,53,15,2,Pretty happy,Working full time,Strong republican,1.1814683110423252
2024,Married,36,14,1,Not too happy,Working full time,Not very strong republican,0.904974103008788
2024,Never married,18,12,0,Not too happy,"Unemployed, laid off, looking for work","Independent (neither, no response)",9.71999041829825
2024,Married,46,13,1,Very happy,Working full time,Not very strong republican,1.814500293777851
2024,Married,19,14,0,Pretty happy,Keeping house,"Independent, close to republican",1.1283769338384728
2024,Never married,33,15,0,Not too happy,Working full time,Strong republican,0.9668444851373592
2024,Widowed,49,13,3,Not too happy,Working full time,"Independent (neither, no response)",0.19752491395853192
2024,Married,66,20,1,Pretty happy,Retired,"Independent (neither, no response)",0.5321522779102701
2024,Married,64,12,0,Very happy,Working full time,"Independent (neither, no response)",0.6534347209346276
2024,Married,38,16,2,Pretty happy,Working full time,Not very strong democrat,1.557579493824396
2024,Married,41,20,2,Pretty happy,Working full time,Not very strong republican,0.5048808266621859
2024,Married,37,14,4,Not too happy,Working full time,Strong republican,1.7608420086094037
2024,Married,42,18,2,Very happy,Working full time,Strong republican,0.5048808266621859
2024,Widowed,83,12,4,Pretty happy,Retired,Strong democrat,0.5354525178158905
2024,Married,NA,16,0,Very happy,Working full time,"Independent (neither, no response)",0.6355435333329134
2024,Married,66,14,2,Not too happy,Working full time,Not very strong democrat,0.6015976004029446
2024,Married,55,19,4,Pretty happy,Working full time,"Independent (neither, no response)",0.762204354628529
2024,Married,39,17,0,Very happy,Working full time,Not very strong democrat,0.5441011810456372
2024,Divorced,60,18,4,Very happy,Working full time,Not very strong republican,0.22613357084687177
2024,Never married,63,12,0,Pretty happy,Working full time,NA,1.664897991823823
2024,Married,56,16,2,Very happy,Keeping house,Strong republican,0.5081362364190194
2024,Divorced,38,14,1,Pretty happy,Working full time,"Independent, close to republican",0.4812966480709992
2024,Married,53,19,2,Not too happy,Working full time,"Independent (neither, no response)",3.53110683533174
2024,Married,60,16,3,Very happy,Working full time,"Independent (neither, no response)",0.5780055887492227
2024,Married,36,16,3,Pretty happy,Working full time,Not very strong democrat,0.47833019567502466
2024,Married,53,13,3,Pretty happy,Working full time,"Independent (neither, no response)",2.1277697521151535
2024,Married,56,16,2,Very happy,Working full time,"Independent, close to democrat",1.8821509921220545
2024,Married,65,16,2,Very happy,Working full time,"Independent, close to democrat",2.3515256420260853
2024,Never married,24,16,0,Pretty happy,Working full time,Strong democrat,1.2980781839939883
2024,Married,42,18,2,Very happy,Working full time,"Independent, close to democrat",0.4438508002239316
2024,Married,36,16,3,Pretty happy,Working full time,"Independent, close to democrat",0.5441011810456372
2024,Married,51,12,1,Pretty happy,Working full time,"Independent (neither, no response)",0.6534347209346276
2024,Divorced,53,15,2,Pretty happy,Working full time,Strong democrat,0.2572272126751595
2024,Married,51,15,2,Pretty happy,Working full time,"Independent, close to democrat",0.6534347209346276
2024,Married,NA,16,3,Not too happy,Working full time,Not very strong republican,0.5441011810456372
2024,Never married,44,14,0,Pretty happy,Working full time,Not very strong democrat,0.22330171116412645
2024,Married,38,16,2,Pretty happy,Working full time,Not very strong republican,1.557579493824396
2024,Never married,18,12,0,Pretty happy,Working part time,Not very strong republican,0.967565586130071
2024,Married,41,16,2,Pretty happy,Working part time,"Independent, close to republican",0.4438508002239316
2024,Never married,34,13,0,Not too happy,NA,Strong republican,0.24764799911120655
2024,Never married,21,11,0,Pretty happy,"Unemployed, laid off, looking for work","Independent (neither, no response)",0.6747313606496131
2024,Never married,31,16,0,Pretty happy,Working full time,"Independent (neither, no response)",0.26624276148556203
2024,Never married,27,16,0,Pretty happy,Working full time,Other party,0.6976363868606027
2024,Divorced,73,16,0,Pretty happy,Retired,Strong democrat,0.4707269834065612
2024,Never married,35,18,0,Very happy,"With a job, but not at work because of temporary illness, vacation, strike",Not very strong democrat,0.21286912335588667
2024,Married,31,16,0,Very happy,Working full time,Strong democrat,0.5441011810456372
2024,Never married,55,16,0,Pretty happy,Working full time,Strong republican,0.22613357084687177
2024,Never married,39,10,0,Pretty happy,Working full time,Strong democrat,0.2737377621322627
2024,Married,70,12,6,Pretty happy,Working full time,"Independent (neither, no response)",1.9133770683685496
2024,Never married,33,16,0,Pretty happy,Working full time,Not very strong republican,0.21286912335588667
2024,Married,43,18,3,Very happy,Working full time,"Independent (neither, no response)",0.6657762003358959
2024,Married,73,14,4,Pretty happy,Retired,"Independent (neither, no response)",0.6015976004029446
2024,Married,58,17,6,Pretty happy,Working full time,Not very strong republican,0.5780055887492227
2024,Married,69,12,2,Pretty happy,Retired,Not very strong republican,1.7221724902725315
2024,Married,76,20,2,Pretty happy,Retired,Strong democrat,0.5321522779102701
2024,Married,58,14,2,Very happy,Working full time,Strong republican,1.9013519728648156
2024,Married,64,12,3,Very happy,Retired,Not very strong republican,0.5744474903084248
2024,Widowed,69,12,2,Pretty happy,Retired,Strong democrat,0.2353634917032806
2024,Married,68,14,2,Very happy,Retired,Strong republican,0.5288764442035467
2024,Never married,18,11,0,Very happy,In school,"Independent (neither, no response)",1.118721653521675
2024,Widowed,85,13,4,Pretty happy,Working part time,Not very strong republican,0.26772625890794527
2024,Never married,74,16,0,Not too happy,Retired,Strong democrat,0.20713925650906265
2024,Separated,38,20,1,Pretty happy,Working full time,"Independent (neither, no response)",1.39807306071589
2024,Married,85,12,4,Pretty happy,Working part time,NA,0.6616060514894447
2024,Married,40,20,3,Not too happy,Working part time,Not very strong republican,0.5552419257938588
2024,Married,31,16,1,Very happy,Working full time,"Independent (neither, no response)",2.569418540175775
2024,Never married,71,16,0,Very happy,Retired,"Independent (neither, no response)",0.2289614159211096
2024,Married,33,17,2,Pretty happy,Working full time,Not very strong republican,0.5983744512299173
2024,Divorced,55,16,2,Pretty happy,Working full time,Not very strong democrat,0.24869005264814717
2024,Married,60,20,0,Pretty happy,Retired,Strong democrat,0.6356607723419578
2024,Married,44,19,2,Very happy,Keeping house,Strong democrat,2.384207573510644
2024,Married,51,16,2,Pretty happy,Working full time,Strong democrat,0.5055611011923357
2024,Married,70,18,3,Not too happy,Retired,"Independent, close to republican",0.5852336630723094
2024,Married,39,16,1,Very happy,"With a job, but not at work because of temporary illness, vacation, strike",Strong democrat,2.9227167236165967
2024,Married,42,18,2,Pretty happy,Working full time,Strong democrat,0.5552419257938588
2024,Separated,51,16,5,Pretty happy,Working part time,Not very strong republican,2.4294171463298317
2024,Married,33,16,2,Not too happy,Working full time,Strong republican,0.29918722561495864
2024,Married,45,14,3,Pretty happy,Working full time,"Independent, close to republican",0.8277359345517087
2024,Married,73,17,2,Not too happy,Working part time,Strong republican,0.5852336630723094
2024,Married,40,16,2,Not too happy,Keeping house,Strong republican,0.48812424648951047
2024,Never married,19,12,0,Pretty happy,"Unemployed, laid off, looking for work","Independent (neither, no response)",9.853444842592683
2024,Married,37,18,1,Very happy,Working full time,Not very strong republican,0.5260429095075511
2024,Married,39,19,1,Very happy,Working part time,Not very strong democrat,2.569418540175775
2024,Married,41,16,2,Pretty happy,Working full time,"Independent (neither, no response)",0.5552419257938588
2024,Never married,19,14,0,Pretty happy,In school,"Independent, close to democrat",1.064078790486899
2024,Married,36,14,2,Pretty happy,Working full time,"Independent, close to democrat",0.6764616989256705
2024,Never married,36,12,0,Pretty happy,Working full time,Strong republican,0.30104269004161477
2024,Widowed,69,13,1,Pretty happy,Retired,Strong democrat,0.2944315484594464
2024,Married,45,12,3,Pretty happy,Working full time,Strong republican,3.0659573137831817
2024,Never married,31,16,0,Very happy,Working full time,Not very strong democrat,0.23410249657441667
2024,Never married,28,17,0,Pretty happy,Working full time,"Independent (neither, no response)",0.33724120394043516
2024,Never married,22,16,0,Pretty happy,Working full time,"Independent (neither, no response)",0.3073224441648335
2024,Never married,26,16,0,Very happy,Working full time,Not very strong republican,1.7432028035806075
2024,Never married,23,16,0,Not too happy,Working full time,Not very strong republican,0.3568898800716721
2024,Married,78,16,3,Very happy,Working full time,Strong republican,1.1880101231091589
2024,Never married,38,15,0,Not too happy,Working full time,"Independent (neither, no response)",0.4626228741380439
2024,Separated,61,12,7,Not too happy,Retired,Strong democrat,0.5873154265456797
2024,Never married,39,17,0,Pretty happy,Working full time,Other party,0.489045052232227
2024,Never married,20,12,0,Pretty happy,Working full time,Strong republican,0.7168776661780181
2024,Widowed,NA,NA,NA,Not too happy,Other,NA,0.5641148935087514
2024,Never married,31,12,2,Not too happy,Working full time,"Independent (neither, no response)",1.010892854621135
2024,Never married,20,8,1,Very happy,Keeping house,Not very strong republican,1.3548195155958658
2024,Separated,33,11,7,Pretty happy,"With a job, but not at work because of temporary illness, vacation, strike","Independent (neither, no response)",0.9404741392891964
2024,Married,39,12,4,Very happy,"Unemployed, laid off, looking for work","Independent, close to democrat",1.6760684696340826
2024,Married,48,18,0,Not too happy,Working full time,"Independent, close to democrat",0.9908803658358912
2024,Married,67,19,0,Pretty happy,Retired,"Independent, close to democrat",1.0444033838681397
2024,Divorced,45,12,2,Pretty happy,Working full time,"Independent (neither, no response)",1.5745907890617878
2024,Married,33,16,2,Pretty happy,"With a job, but not at work because of temporary illness, vacation, strike","Independent, close to democrat",1.2425643295555853
2024,Married,32,15,0,Pretty happy,Working full time,"Independent, close to democrat",1.3732008203363075
2024,Never married,31,9,4,Very happy,Keeping house,"Independent (neither, no response)",1.010892854621135
2024,Divorced,71,4,8,Very happy,Keeping house,"Independent (neither, no response)",2.4145993002029016
2024,Never married,59,16,0,Pretty happy,Working full time,Not very strong democrat,0.5048347672133893
2024,Divorced,36,17,0,Not too happy,Working full time,"Independent, close to democrat",1.0811320798904671
2024,Never married,30,16,0,Very happy,Working full time,Strong democrat,0.4752223826556798
2024,Married,64,16,2,Pretty happy,Working part time,Strong democrat,1.134395205738787
2024,Never married,21,14,0,Pretty happy,Working full time,"Independent (neither, no response)",2.821079219324856
2024,Married,37,16,2,Very happy,Keeping house,"Independent, close to democrat",1.0678543308735666
2024,Married,44,20,4,Pretty happy,Working full time,Strong democrat,2.2542552496206167
2024,Never married,NA,13,0,NA,Working full time,Not very strong democrat,1.8333280490732584
2024,Never married,33,16,0,Pretty happy,Working full time,Strong democrat,0.4752223826556798
2024,Divorced,77,18,3,Pretty happy,Working part time,Strong republican,0.46478611378524926
2024,Never married,NA,14,2,Pretty happy,Working part time,Not very strong republican,0.5707151827822577
2024,Widowed,75,17,3,Pretty happy,Keeping house,"Independent (neither, no response)",0.46478611378524926
2024,Married,51,6,3,Pretty happy,Working full time,"Independent (neither, no response)",2.744887141855706
2024,Divorced,53,14,0,Very happy,Working full time,Not very strong republican,2.0596928019411953
2024,Married,37,17,1,Pretty happy,Working full time,Strong republican,3.6303658112267847
2024,Divorced,73,15,2,Pretty happy,Other,Strong republican,1.078520028479675
2024,Never married,31,16,2,Not too happy,In school,Strong republican,2.4045420996307696
2024,Married,35,17,3,Pretty happy,Working full time,"Independent, close to democrat",1.8874565331496365
2024,Married,NA,19,1,Not too happy,Retired,Strong democrat,2.550490924324416
2024,Married,NA,16,NA,Pretty happy,Working full time,"Independent (neither, no response)",2.033883735467919
2024,Never married,20,15,0,Pretty happy,In school,Not very strong democrat,6.047324363141197
2024,Married,44,20,1,Pretty happy,Working full time,"Independent, close to democrat",1.7880277401658886
2024,Never married,30,20,0,Pretty happy,In school,"Independent (neither, no response)",1.2200199301169423
2024,Married,39,15,2,Very happy,Working full time,Strong democrat,2.4779188731917197
2024,Married,35,16,0,Very happy,Keeping house,Not very strong democrat,2.4100729048007343
2024,Divorced,89,18,5,Pretty happy,Retired,"Independent (neither, no response)",1.6430398072432766
2024,Married,46,16,1,Very happy,Working full time,"Independent, close to republican",2.543848603943496
2024,Divorced,72,16,2,Pretty happy,Retired,Strong democrat,0.9014973251019532
2024,Divorced,50,12,2,Very happy,Retired,"Independent (neither, no response)",0.2576226851078504
2024,Widowed,71,12,3,Very happy,Retired,Strong democrat,0.20424340188148085
2024,Married,85,14,1,Very happy,Retired,"Independent, close to democrat",0.6062545167799855
2024,Divorced,45,16,0,Pretty happy,Keeping house,Not very strong democrat,0.3981078753762647
2024,Married,70,16,2,Pretty happy,Retired,Strong democrat,0.4714470758884461
2024,Divorced,82,12,2,Very happy,Retired,"Independent (neither, no response)",1.1585150304924574
2024,Married,60,16,0,Pretty happy,Working full time,Strong democrat,0.5824798813502298
2024,Widowed,85,16,3,Pretty happy,Retired,"Independent (neither, no response)",0.2386545350696823
2024,Divorced,40,17,1,Pretty happy,Keeping house,"Independent, close to democrat",0.7962157507525294
2024,Married,44,19,0,Not too happy,Working full time,Strong democrat,0.2543945333180757
2024,Married,36,14,4,Very happy,In school,"Independent (neither, no response)",0.5607881671566541
2024,Married,79,12,1,Not too happy,Retired,Strong democrat,0.6062545167799855
2024,Married,45,14,8,Very happy,Working full time,Other party,2.541685043377349
2024,Never married,39,20,0,Pretty happy,Working full time,Not very strong democrat,0.4290338506372485
2024,Never married,46,12,3,Very happy,Working full time,Not very strong democrat,0.6750908127323476
2024,Married,63,16,2,Pretty happy,Working full time,Strong democrat,1.024139352491689
2024,Divorced,58,18,2,Not too happy,Retired,Strong democrat,0.22788405178092153
2024,Divorced,68,13,1,Not too happy,Retired,Not very strong republican,0.23718542067762555
2024,Married,80,17,2,Pretty happy,Retired,Strong democrat,0.4714470758884461
2024,Widowed,77,12,1,Very happy,Keeping house,Other party,1.1585150304924574
2024,Never married,32,17,0,Not too happy,"With a job, but not at work because of temporary illness, vacation, strike",Not very strong democrat,1.0200124224460303
2024,Married,39,18,1,Very happy,"With a job, but not at work because of temporary illness, vacation, strike",Strong democrat,0.5483130224809765
2024,Divorced,37,18,0,Very happy,Working full time,Not very strong democrat,0.21451692531862424
2024,Divorced,79,18,3,Very happy,Retired,Strong democrat,0.4773090701393646
2024,Married,83,15,4,Not too happy,Retired,"Independent, close to democrat",0.5329704322327405
2024,Never married,60,14,0,Pretty happy,Keeping house,Not very strong democrat,0.5860922371146406
2024,Divorced,80,12,1,Pretty happy,Working full time,Not very strong democrat,0.23718542067762555
2024,Married,65,15,2,Pretty happy,Keeping house,"Independent (neither, no response)",0.5329704322327405
2024,Married,42,17,2,Not too happy,Working full time,"Independent, close to democrat",0.5087890666361514
2024,Never married,89,18,0,Pretty happy,Retired,Strong democrat,0.20980595969160065
2024,Married,64,16,2,Pretty happy,Retired,Strong democrat,2.5011672930627933
2024,Married,34,16,1,Pretty happy,Keeping house,Not very strong democrat,0.5483130224809765
2024,Married,67,14,4,Not too happy,Working full time,Not very strong republican,1.3324260805818515
2024,Married,76,16,0,Pretty happy,Retired,"Independent, close to democrat",0.4714470758884461
2024,Never married,27,12,0,Not too happy,Working full time,Not very strong republican,0.7394178272338543
2024,Separated,41,14,2,Pretty happy,"Unemployed, laid off, looking for work","Independent (neither, no response)",1.2502777325268282
2024,Married,53,17,0,Pretty happy,Working full time,"Independent, close to republican",0.5824798813502298
2024,Married,55,13,2,Pretty happy,Working full time,Not very strong republican,0.6584929040976062
2024,Married,46,14,3,Very happy,Working part time,Strong republican,1.0113141053115695
2024,Never married,40,14,4,Pretty happy,"Unemployed, laid off, looking for work",Other party,0.5119444153041127
2024,Married,47,16,0,Pretty happy,Working full time,Strong democrat,0.5204664840209358
2024,Married,36,14,3,Pretty happy,Working part time,Strong republican,0.5449377061374444
2024,Married,35,16,3,Very happy,Keeping house,"Independent (neither, no response)",0.4820329094497796
2024,Never married,42,16,2,NA,"Unemployed, laid off, looking for work",NA,0.19905393768813232
2024,Divorced,72,14,3,Very happy,Working full time,Strong democrat,0.7764131300653259
2024,Never married,45,10,4,Not too happy,"Unemployed, laid off, looking for work","Independent (neither, no response)",0.32379039176260865
2024,Married,70,16,1,Pretty happy,Working part time,"Independent, close to republican",0.7716277391859586
2024,Never married,27,14,0,Pretty happy,Working full time,"Independent, close to democrat",0.5319648485230423
2024,Never married,25,15,0,Very happy,Working full time,Not very strong republican,1.7322292152716663
2024,Married,53,18,4,Not too happy,Working full time,Strong republican,2.3992444346820334
2024,Married,52,19,2,Pretty happy,Working full time,"Independent (neither, no response)",1.1052062489881411
2024,Married,32,16,1,Pretty happy,Working full time,Not very strong democrat,0.7889538044774613
2024,Married,74,12,1,Very happy,Retired,Strong democrat,0.8723243619693681
2024,Never married,24,12,0,Not too happy,Working full time,"Independent, close to republican",1.0639296970460843
2024,Never married,30,16,0,Pretty happy,Working full time,Strong republican,2.2865929904420867
2024,Never married,30,16,0,Not too happy,Working full time,Other party,0.7022090858822101
2024,Never married,31,12,1,Not too happy,Working full time,"Independent (neither, no response)",0.3590928266219466
2024,Married,86,18,1,Pretty happy,Retired,"Independent (neither, no response)",2.8405368309427015
2024,Widowed,89,12,2,Pretty happy,Retired,Strong democrat,0.34128013076087776
2024,Divorced,50,18,2,Not too happy,"Unemployed, laid off, looking for work",Strong democrat,0.3278966252138112
2024,Never married,45,13,2,Pretty happy,Keeping house,"Independent (neither, no response)",0.6475807835252173
2024,Married,42,16,1,Not too happy,Working full time,"Independent (neither, no response)",0.6304067136265885
2024,Widowed,58,14,2,Not too happy,Working full time,"Independent, close to democrat",0.3706867960492208
2024,Divorced,41,14,2,Pretty happy,Working full time,Strong republican,0.32379039176260865
2024,Divorced,33,14,1,Not too happy,Keeping house,Not very strong republican,0.34894320652652305
2024,Divorced,63,12,1,Not too happy,Retired,Strong republican,1.112060388147663
2024,Married,68,12,3,Pretty happy,Working part time,"Independent, close to democrat",0.7511696744416434
2024,Married,60,13,3,Pretty happy,Working full time,Not very strong republican,0.9474888623992932
2024,Married,54,12,0,Not too happy,Working full time,"Independent, close to republican",0.9474888623992932
2024,Married,55,16,2,Pretty happy,Working full time,Strong republican,4.132040189356344
2024,Never married,47,20,3,Very happy,Retired,Other party,0.25911580166770953
2024,Divorced,75,12,4,Pretty happy,Retired,Strong republican,2.22261081624877
2024,Divorced,38,15,0,Not too happy,Retired,"Independent, close to democrat",0.3969233230634744
2024,Divorced,42,15,1,Pretty happy,Keeping house,"Independent (neither, no response)",0.32379039176260865
2024,Married,39,8,5,Pretty happy,Keeping house,"Independent (neither, no response)",1.1065453218998376
2024,Married,73,14,3,Very happy,Retired,Strong democrat,2.8405368309427015
2024,Never married,55,2,4,Very happy,"Unemployed, laid off, looking for work",Strong republican,2.4035945565938346
2024,Married,48,5,2,Very happy,Working full time,Not very strong democrat,1.039549459410382
2024,Married,37,18,0,Pretty happy,Working full time,"Independent (neither, no response)",0.7889538044774613
2024,Married,59,14,0,Not too happy,Working full time,"Independent, close to democrat",4.068515032068172
2024,Widowed,80,14,2,Not too happy,Retired,"Independent, close to democrat",0.2012122531335705
2024,Married,55,12,2,Pretty happy,Working part time,"Independent (neither, no response)",0.4910951694139561
2024,Never married,24,12,0,Very happy,Working full time,"Independent (neither, no response)",1.4962772880286277
2024,Divorced,59,14,1,Very happy,Working full time,Strong democrat,0.2185498618792673
2024,Never married,38,12,1,Pretty happy,Working full time,Strong republican,0.4680368351758796
2024,Married,54,16,3,Very happy,Working full time,Strong republican,3.620364560504126
2024,Married,59,12,2,Very happy,Retired,"Independent, close to democrat",0.9821903388279122
2024,Married,64,16,0,Pretty happy,Working full time,Other party,2.4135763736694145
2024,Divorced,35,18,1,Pretty happy,Working full time,Strong republican,0.41400907819102833
2024,Married,67,16,3,Very happy,Retired,Not very strong republican,0.4549369916022315
2024,Divorced,60,14,1,Not too happy,Working full time,"Independent, close to republican",0.20228740832317255
2024,Divorced,35,12,0,Very happy,Working full time,Not very strong republican,0.2340184175879398
2024,Never married,43,14,1,Not too happy,Working part time,"Independent (neither, no response)",0.34541204947313575
2024,Separated,49,15,5,Very happy,Other,Strong democrat,0.17270602473656788
2024,Never married,79,14,1,Not too happy,Retired,Strong democrat,0.8891360469154066
2024,Never married,64,12,7,Pretty happy,Working part time,Strong democrat,0.1977200207192461
2024,Divorced,69,13,2,Very happy,Working part time,Strong democrat,0.18203484786695184
2024,Never married,48,13,6,Not too happy,Working full time,"Independent (neither, no response)",0.17270602473656788
2024,Never married,21,12,1,Very happy,Working full time,"Independent (neither, no response)",4.157779019767807
2024,Never married,44,12,2,Not too happy,Working full time,"Independent, close to democrat",0.17270602473656788
2024,Never married,40,11,2,Not too happy,Working part time,"Independent (neither, no response)",0.17554855049786797
2024,Married,28,8,3,Very happy,Keeping house,"Independent (neither, no response)",1.1658097411975312
2024,Never married,41,12,0,Not too happy,Working full time,"Independent (neither, no response)",1.0606520370675827
2024,Separated,78,15,8,Pretty happy,Retired,Not very strong democrat,1.969322967295456
2024,Never married,NA,11,1,Very happy,Other,"Independent (neither, no response)",0.18925668227231995
2024,Never married,89,10,3,Pretty happy,Retired,Strong democrat,0.18925668227231995
2024,Widowed,56,15,6,Pretty happy,Working full time,"Independent, close to democrat",0.23004322412560513
2024,Never married,45,16,1,Pretty happy,Working full time,Not very strong democrat,0.3125174278103852
2024,Never married,55,6,4,Pretty happy,Working full time,Strong democrat,2.008126247473475
2024,Married,64,14,0,Pretty happy,Working full time,Strong democrat,0.45443597084924897
2024,Never married,66,7,2,Pretty happy,Keeping house,"Independent (neither, no response)",0.21527970693932225
2024,Married,32,12,5,Pretty happy,Working part time,"Independent (neither, no response)",2.1238496727772103
2024,Separated,41,11,2,Pretty happy,Working full time,"Independent (neither, no response)",0.20093994837645365
2024,Never married,56,10,0,Not too happy,Working full time,Strong democrat,0.4111282600954385
2024,Never married,57,15,0,Pretty happy,Working full time,Strong democrat,0.23004322412560513
2024,Married,39,16,2,Very happy,Keeping house,"Independent (neither, no response)",0.8836387100590031
2024,Married,64,16,1,Very happy,Working full time,"Independent (neither, no response)",0.7505194722636707
2024,Never married,18,12,0,Pretty happy,In school,Not very strong democrat,1.3445293439802364
2024,Separated,48,16,0,Pretty happy,Working full time,Not very strong republican,1.6209485588410404
2024,Married,47,12,2,Pretty happy,Working full time,"Independent, close to democrat",0.8430257611264372
2024,Widowed,68,16,3,Not too happy,Retired,"Independent, close to democrat",1.5019808960983287
2024,Married,65,14,1,NA,Working full time,"Independent, close to republican",0.9550940994182936
2024,Never married,28,8,0,Not too happy,"Unemployed, laid off, looking for work","Independent, close to democrat",1.452619838551964
2024,Married,48,8,3,Very happy,Working full time,Not very strong republican,1.586276591816944
2024,Divorced,67,14,2,Pretty happy,Retired,Strong republican,0.3476329199195627
2024,Married,28,13,2,Pretty happy,Keeping house,Not very strong republican,0.5352123012690335
2024,Widowed,66,12,0,Pretty happy,Retired,Strong republican,1.6979878513198423
2024,Married,25,12,0,Very happy,Working full time,"Independent (neither, no response)",1.217609291086784
2024,Married,50,12,2,Pretty happy,Working full time,Strong republican,4.714088025072
2024,Never married,20,12,0,Pretty happy,Other,"Independent (neither, no response)",0.4666087436262571
2024,Widowed,89,12,4,Pretty happy,Keeping house,Strong republican,0.3476329199195627
2024,Married,60,12,2,Very happy,Keeping house,Strong republican,0.8484614880209943
2024,Married,59,15,3,Very happy,Working full time,Strong republican,1.447688966360809
2024,Never married,21,11,0,Not too happy,Working part time,"Independent, close to democrat",1.0196025125527577
2024,Divorced,56,17,1,Pretty happy,Working full time,"Independent, close to democrat",0.30914708267537416
2024,Divorced,66,16,1,Pretty happy,Working full time,"Independent (neither, no response)",0.31644825738831395
2024,Married,37,18,0,Pretty happy,Retired,"Independent, close to democrat",0.34601228305636683
2024,Married,85,12,3,Pretty happy,Retired,Strong democrat,2.6176430680789675
2024,Divorced,68,16,2,Pretty happy,Retired,"Independent, close to democrat",0.9652959074921732
2024,Never married,NA,17,0,Not too happy,Retired,"Independent (neither, no response)",0.2781959719085349
2024,Never married,61,16,0,Pretty happy,Working full time,Strong democrat,0.6043338841359562
2024,Separated,37,18,1,Not too happy,Working full time,"Independent (neither, no response)",0.9262260766787728
2024,Widowed,69,12,3,Pretty happy,Working full time,"Independent, close to republican",1.2580010353364313
2024,Married,74,12,4,Pretty happy,Retired,"Independent, close to republican",0.7811528510417305
2024,Never married,31,10,NA,NA,"Unemployed, laid off, looking for work",NA,0.45187627165609406
2024,Divorced,74,12,2,Pretty happy,Retired,"Independent (neither, no response)",3.395975702639685
2024,Never married,22,15,0,Not too happy,Working part time,Not very strong democrat,1.2928922199221469
2024,Never married,49,12,7,Pretty happy,Working full time,"Independent (neither, no response)",0.2983829201843799
2024,Married,35,19,0,Pretty happy,Working full time,Strong democrat,0.6068931628710329
2024,Married,NA,19,2,Pretty happy,Retired,Strong democrat,0.6903417130516991
2024,Married,33,16,2,Very happy,Keeping house,"Independent, close to democrat",1.4821628772133129
2024,Married,69,16,0,Pretty happy,Retired,Not very strong democrat,0.5935652968981519
2024,Married,75,18,3,Pretty happy,Retired,"Independent, close to democrat",2.473405479545454
2024,Married,36,20,1,Pretty happy,Working full time,Not very strong democrat,1.685962080766604
2024,Married,41,12,1,Pretty happy,Working full time,"Independent, close to democrat",0.6366366320602537
2024,Married,67,16,5,Pretty happy,Working part time,Not very strong republican,0.5935652968981519
2024,Never married,39,14,0,Not too happy,"Unemployed, laid off, looking for work",Not very strong democrat,2.5446268255215987
2024,Married,60,17,0,Pretty happy,Working full time,"Independent (neither, no response)",1.791018911647297
2024,Married,47,16,2,Pretty happy,Working part time,"Independent, close to democrat",0.5631465845692692
2024,Married,49,16,0,Pretty happy,Working full time,Strong democrat,0.5631465845692692
2024,Married,71,11,3,Pretty happy,Working part time,"Independent (neither, no response)",0.7632917047374064
2024,Married,50,16,0,Pretty happy,Working full time,Not very strong democrat,0.7333587615519728
2024,Never married,69,12,0,Pretty happy,Working part time,"Independent (neither, no response)",0.7968108902184126
2024,Married,43,10,1,Very happy,Working full time,"Independent (neither, no response)",1.4483498910708088
2024,Widowed,64,12,5,Not too happy,Retired,"Independent (neither, no response)",0.5586112767697647
2024,Divorced,72,11,2,Not too happy,Working part time,Strong democrat,0.34527503393659853
2024,Divorced,74,12,5,Not too happy,Retired,Strong democrat,1.659163171367715
2024,Never married,18,12,0,Pretty happy,Other,"Independent, close to republican",1.6368300786390682
2024,Widowed,82,12,5,Very happy,Retired,Not very strong republican,0.5972464008992621
2024,Married,45,12,6,Pretty happy,Keeping house,Not very strong republican,1.4974064754275258
2024,Never married,21,12,0,Not too happy,"Unemployed, laid off, looking for work","Independent (neither, no response)",0.7575161833234794
2024,Married,31,16,2,Very happy,Working full time,Not very strong republican,0.6903417130516991
2024,Married,NA,NA,0,Pretty happy,In school,NA,1.9655867845860655
2024,Married,70,18,5,Pretty happy,Working full time,Strong republican,0.675181249250268
2024,Married,39,20,2,Very happy,Working full time,Other party,0.6903417130516991
2024,Married,80,17,5,Very happy,Retired,Strong republican,0.725735957989362
2024,Married,31,11,3,Pretty happy,In school,"Independent (neither, no response)",1.4666142706114484
2024,Married,61,14,4,Pretty happy,Working full time,Not very strong democrat,0.7673702686655376
2024,Married,45,12,3,Pretty happy,Working full time,Strong democrat,0.8838960585630944
2024,Married,34,18,2,Pretty happy,Working full time,"Independent, close to republican",0.6903417130516991
2024,Married,32,16,0,Very happy,Working full time,Strong republican,1.4821628772133129
2024,Married,36,14,2,Very happy,Keeping house,Not very strong republican,1.6755836014446308
2024,Married,32,12,3,Pretty happy,Working full time,"Independent (neither, no response)",1.372184187270284
2024,Married,36,14,4,Pretty happy,Working full time,"Independent (neither, no response)",0.780430593402418
2024,Married,48,20,5,Pretty happy,Working full time,Not very strong republican,0.6405799268715384
2024,Married,65,14,0,Pretty happy,Retired,Not very strong republican,0.594587567093021
2024,Divorced,34,15,0,Pretty happy,In school,"Independent, close to democrat",0.23297240671012387
2024,Separated,38,14,3,Pretty happy,"Unemployed, laid off, looking for work","Independent (neither, no response)",0.2705480705020999
2024,Married,34,20,3,Pretty happy,Keeping house,"Independent, close to republican",0.6117039263821974
2024,Widowed,55,18,1,Pretty happy,Working full time,"Independent, close to republican",0.935877989335818
2024,Divorced,41,15,3,Pretty happy,Retired,"Independent (neither, no response)",1.5969014515582929
2024,Never married,42,12,1,Not too happy,Working part time,"Independent (neither, no response)",0.25834831457026247
2024,Never married,26,12,4,Not too happy,Working part time,"Independent (neither, no response)",0.36259412077892766
2024,Divorced,63,11,4,Very happy,Keeping house,"Independent, close to democrat",0.2874066482910569
2024,Widowed,52,12,1,Not too happy,Working full time,Strong republican,1.039784048171995
2024,Never married,45,14,1,Not too happy,"Unemployed, laid off, looking for work",Not very strong democrat,0.8174780004001277
2024,Never married,67,16,0,Not too happy,"Unemployed, laid off, looking for work","Independent, close to republican",0.2662455753658623
2024,Never married,22,9,1,Not too happy,Keeping house,"Independent (neither, no response)",0.3599834741883687
2024,Never married,26,13,1,Pretty happy,Working part time,"Independent (neither, no response)",0.32803551764627104
2024,Never married,56,15,0,Very happy,Working part time,Not very strong republican,2.4989932181355945
2024,Divorced,65,14,1,Pretty happy,Retired,Not very strong democrat,0.3156853552575029
2024,Separated,47,12,2,Pretty happy,Keeping house,Not very strong democrat,0.5893151741099688
2024,Never married,21,11,0,Pretty happy,Working full time,"Independent, close to democrat",1.2537393871612506
2024,Married,72,10,1,Pretty happy,Retired,Strong republican,2.6275068419569507
2024,Divorced,NA,20,1,Pretty happy,Working full time,"Independent (neither, no response)",0.26064383576302264
2024,Never married,39,15,0,Pretty happy,Working full time,Strong democrat,1.0340245304617457
2024,Never married,47,20,0,Pretty happy,Working full time,"Independent, close to democrat",0.26064383576302264
2024,Divorced,33,16,2,NA,Working full time,Not very strong republican,0.9146620746687768
2024,Married,73,16,3,Pretty happy,Retired,Strong democrat,0.6046743517913761
2024,Never married,38,18,0,Not too happy,Working full time,Other party,0.2808912744983572
2024,Divorced,50,14,3,Not too happy,Working full time,Strong democrat,0.32803423225526324
2024,Divorced,76,16,2,Pretty happy,Retired,Not very strong republican,0.27472267434185615
2024,Never married,29,6,0,Not too happy,Working full time,Not very strong republican,1.6023182890585903
2024,Divorced,76,16,3,Not too happy,Retired,"Independent, close to republican",0.3124973771695015
2024,Married,42,18,2,Not too happy,Working full time,"Independent, close to democrat",1.0846931135317033
2024,Married,69,17,2,Not too happy,Retired,Not very strong republican,0.6173189822114798
2024,Married,66,16,2,Pretty happy,Retired,Not very strong democrat,0.9918901340304316
2024,Married,64,14,2,Very happy,Keeping house,Strong republican,2.9744970268477906
2024,Married,54,20,3,Very happy,Keeping house,"Independent (neither, no response)",0.538678555644063
2024,Married,61,16,2,Pretty happy,Retired,Strong democrat,1.2179511012772015
2024,Married,77,18,2,Pretty happy,Retired,Strong republican,1.1282762373633104
2024,Married,68,14,0,Not too happy,Retired,Strong democrat,1.098362397902585
2024,Married,66,14,3,Pretty happy,Retired,Not very strong republican,1.2755151206998732
2024,Married,49,15,2,Pretty happy,Other,Not very strong democrat,1.0148228147614655
2024,Married,50,14,5,Pretty happy,Working full time,Not very strong republican,1.048793283918813
2024,Divorced,52,16,0,Pretty happy,Working full time,Not very strong democrat,0.9392613864498472
2024,Divorced,59,15,2,Not too happy,Retired,Strong democrat,0.4667397311480164
2024,Never married,32,12,3,Pretty happy,Keeping house,Strong democrat,0.5102257320720203
2024,Widowed,80,7,8,NA,Retired,Not very strong democrat,0.4968442757293779
2024,Never married,39,14,3,Pretty happy,"With a job, but not at work because of temporary illness, vacation, strike","Independent (neither, no response)",0.5250665349493406
2024,Widowed,63,12,2,Very happy,Working part time,Strong democrat,2.5932257485984427
2024,Widowed,71,15,4,Pretty happy,Retired,"Independent (neither, no response)",0.49902076126496536
2024,Married,55,17,1,Very happy,Working full time,"Independent (neither, no response)",1.495785282180195
2024,Married,49,18,2,Pretty happy,Working full time,Strong democrat,1.3826736884994808
2024,Never married,21,12,0,Not too happy,Working part time,"Independent (neither, no response)",5.752311523544082
2024,Separated,56,16,3,Pretty happy,Working full time,Strong republican,0.5453765091531126
2024,Married,73,18,2,Very happy,Retired,Not very strong republican,1.1282762373633104
2024,Divorced,74,14,1,Not too happy,Retired,Other party,1.0494514363838297
2024,Divorced,62,13,2,Pretty happy,Working full time,"Independent (neither, no response)",0.5420192694574477
2024,Widowed,67,12,2,Pretty happy,Working part time,NA,0.5253984647238591
2024,Never married,42,18,0,Very happy,Working full time,"Independent, close to democrat",1.136639548710799
2024,Married,39,20,2,Pretty happy,Working full time,Not very strong republican,1.0141619528770929
2024,Married,25,13,0,Very happy,Other,"Independent (neither, no response)",0.46947364941237
2024,Never married,31,14,0,Pretty happy,Working part time,"Independent (neither, no response)",2.0304962554298003
2024,Never married,26,12,0,Very happy,Working full time,Strong republican,2.4601877926229236
2024,Divorced,45,13,3,Pretty happy,Working full time,Not very strong democrat,0.2366185800182206
2024,Married,34,11,5,Pretty happy,"Unemployed, laid off, looking for work","Independent, close to republican",0.9459051376423284
2024,Married,47,15,3,Pretty happy,Working part time,"Independent, close to democrat",0.8361435949459506
2024,Never married,30,12,0,Pretty happy,Working full time,Not very strong republican,0.6412411582309416
2024,Never married,26,12,2,Very happy,Working part time,"Independent (neither, no response)",0.7400443582541946
2024,Never married,28,17,0,Not too happy,Working full time,"Independent (neither, no response)",1.1456139114982884
2024,Never married,23,13,0,Not too happy,Working full time,Other party,2.5317466336935968
2024,Never married,24,13,0,Pretty happy,Working full time,Not very strong democrat,2.118499200317827
2024,Married,27,15,3,Pretty happy,Working full time,"Independent, close to republican",0.8290925490005678
2024,Divorced,49,17,2,Very happy,"Unemployed, laid off, looking for work","Independent (neither, no response)",1.345769616985707
2024,Married,43,12,2,Pretty happy,Working part time,"Independent (neither, no response)",0.8361435949459506
2024,Separated,63,12,1,Pretty happy,Working part time,"Independent (neither, no response)",0.7322038830046326
2024,Widowed,62,12,5,Not too happy,Other,Not very strong democrat,0.9750217765878072
2024,Never married,44,12,0,Pretty happy,Working part time,"Independent (neither, no response)",0.26154639167512794
2024,Never married,27,12,4,Pretty happy,Working full time,Strong republican,0.4297023326473975
2024,Divorced,43,12,3,Pretty happy,Working full time,"Independent (neither, no response)",0.26154639167512794
2024,Never married,22,13,0,Not too happy,"With a job, but not at work because of temporary illness, vacation, strike","Independent, close to republican",1.1332796620414138
2024,Separated,77,14,1,Not too happy,Retired,Strong democrat,0.31357949121396395
2024,Never married,63,11,0,Very happy,Retired,"Independent (neither, no response)",0.3462051493896901
2024,Never married,77,17,0,Pretty happy,Retired,Strong democrat,0.24385160044104223
2024,Divorced,39,12,2,Pretty happy,Working full time,"Independent, close to republican",0.5637278862398928
2024,Never married,23,13,4,Very happy,Keeping house,"Independent (neither, no response)",0.7679546878712525
2024,Separated,68,15,1,Not too happy,Retired,Not very strong republican,1.0211042280311955
2024,Never married,36,13,1,Not too happy,Working full time,"Independent, close to republican",0.2818639431199464
2024,Married,87,10,7,Pretty happy,Retired,"Independent (neither, no response)",0.3148260571063181
2024,Divorced,69,14,2,Not too happy,Working part time,Not very strong democrat,0.27567398237179963
2024,Married,52,16,2,Pretty happy,Working full time,Strong democrat,1.1903285328350406
2024,Married,25,12,NA,Pretty happy,Keeping house,Strong republican,0.8735403051504104
2024,Divorced,68,18,0,Not too happy,Retired,"Independent, close to democrat",0.24385160044104223
2024,Separated,49,18,5,Pretty happy,Working full time,"Independent, close to republican",0.8569448189476524
2024,Married,48,16,2,Pretty happy,Working full time,Not very strong democrat,0.5198687221673955
2024,Widowed,78,13,2,Very happy,Retired,Strong republican,0.3041310382933704
2024,Never married,18,11,0,Pretty happy,In school,Strong democrat,3.849957842614152
2024,Married,50,16,2,Pretty happy,Working full time,Not very strong republican,1.9891428242894589
2024,Married,44,14,2,Very happy,Working full time,"Independent (neither, no response)",3.3514759551368942
2024,Never married,22,17,0,Pretty happy,In school,Not very strong democrat,1.0289010748337306
2024,Divorced,53,14,2,Pretty happy,Working full time,"Independent, close to democrat",0.5292838332217314
2024,Married,65,16,2,Very happy,Retired,Strong republican,0.5624027452978436
2024,Married,45,16,2,Pretty happy,Working full time,"Independent, close to republican",0.5335810345078263
2024,Divorced,75,16,0,Not too happy,Working part time,Strong democrat,0.284697843226689
2024,Divorced,56,16,0,Pretty happy,Working full time,"Independent (neither, no response)",0.30922905213537977
2024,Never married,36,14,0,Not too happy,Retired,"Independent (neither, no response)",0.26172567580579825
2024,Never married,24,15,0,Not too happy,"Unemployed, laid off, looking for work",Not very strong democrat,0.882072744167122
2024,Never married,24,14,0,Pretty happy,"Unemployed, laid off, looking for work",Strong republican,1.5436722572396366
2024,Married,49,14,2,Very happy,Working full time,"Independent, close to republican",0.686155305192837
2024,Married,46,16,2,Very happy,Working full time,"Independent, close to democrat",2.6062379664432846
2024,Married,43,14,2,Pretty happy,Working full time,Not very strong democrat,1.9642328856800255
2024,Widowed,69,17,4,Very happy,Retired,Strong republican,0.284697843226689
2024,Married,44,14,3,Very happy,Working full time,Strong republican,0.686155305192837
2024,Married,50,12,4,Very happy,Keeping house,Strong republican,3.3730858617682733
2024,Divorced,56,12,2,Pretty happy,Working full time,Not very strong republican,0.6991662479396165
2024,Married,50,12,3,Pretty happy,Working full time,Other party,6.24597243113963
2024,Separated,23,13,1,Pretty happy,Working full time,Strong democrat,0.3877238673753916
2024,Divorced,48,14,3,Pretty happy,Working full time,"Independent (neither, no response)",0.5368901351094066
2024,Widowed,45,15,3,Not too happy,Working full time,"Independent (neither, no response)",0.2684450675547033
2024,Never married,21,11,0,Not too happy,Working part time,"Independent (neither, no response)",0.39410531864767073
2024,Married,59,18,0,Pretty happy,"Unemployed, laid off, looking for work",Not very strong democrat,0.5983502272839911
2024,Married,40,16,1,Pretty happy,Working full time,Strong democrat,0.5735333196434126
2024,Divorced,57,20,1,Pretty happy,Working full time,Strong democrat,0.2718494246457307
2024,Married,79,19,2,Pretty happy,Working full time,"Independent, close to democrat",2.0831556759152656
2024,Never married,28,17,0,Pretty happy,Working full time,"Independent (neither, no response)",0.4879433176595857
2024,Never married,NA,16,0,Very happy,Working part time,"Independent (neither, no response)",1.0236436960921609
2024,Married,40,15,2,Very happy,Keeping house,"Independent (neither, no response)",0.4876482322508554
2024,Married,71,16,4,Pretty happy,Retired,Strong republican,0.41094960178803913
2024,Never married,18,12,0,Pretty happy,In school,Strong democrat,0.966800338354299
2024,Married,65,16,3,Pretty happy,Retired,"Independent, close to democrat",0.41094960178803913
2024,Married,67,16,2,Very happy,Retired,Strong democrat,0.5284581557398103
2024,Married,39,20,1,Very happy,Working full time,Not very strong democrat,0.47795188424728086
2024,Married,43,17,2,Very happy,Working full time,Not very strong republican,0.4434997585555261
2024,Married,40,15,7,Pretty happy,Keeping house,"Independent (neither, no response)",0.2158706538988329
2024,Widowed,58,14,2,Very happy,Retired,Not very strong democrat,0.46219122685912584
2024,Divorced,38,14,4,Pretty happy,"Unemployed, laid off, looking for work","Independent (neither, no response)",0.21754010454048683
2024,Never married,40,18,2,Pretty happy,Working full time,Not very strong democrat,0.17351075149447948
2024,Never married,20,14,0,Not too happy,In school,Not very strong democrat,0.5666223013091926
2024,Married,42,19,2,Pretty happy,Working full time,Strong democrat,0.8199459944124278
2024,Never married,29,13,1,Not too happy,Working full time,"Independent (neither, no response)",1.5740887730630326
2024,Married,77,15,2,Pretty happy,Working part time,Strong republican,1.290607817845207
2024,Married,65,12,3,Pretty happy,Retired,"Independent (neither, no response)",0.4645781002630925
2024,Married,74,12,1,Not too happy,Retired,"Independent, close to democrat",0.5284581557398103
2024,Divorced,69,12,2,Pretty happy,Retired,Not very strong republican,0.2067490905394065
2024,Married,71,10,4,Very happy,Retired,Not very strong democrat,1.6549773684125728
2024,Widowed,72,9,6,Very happy,Retired,Not very strong democrat,0.5281642923481779
2024,Never married,45,17,0,Not too happy,Working full time,Strong republican,0.4237503573872888
2024,Never married,53,12,1,Pretty happy,Working full time,"Independent (neither, no response)",0.4063215219602005
2024,Never married,21,15,0,Pretty happy,Working full time,"Independent, close to democrat",1.8778838213162623
2024,Never married,48,NA,0,Not too happy,Working full time,"Independent (neither, no response)",0.3987643419514122
2024,Never married,27,12,2,Very happy,Working full time,"Independent, close to republican",0.6445335589028665
2024,Divorced,46,12,2,Not too happy,Keeping house,Not very strong republican,0.4790493412433883
2024,Divorced,46,15,4,Not too happy,Retired,"Independent (neither, no response)",1.6347576300205813
2024,Married,86,12,2,Not too happy,Retired,Strong republican,0.5284581557398103
2024,Divorced,62,12,2,Pretty happy,"Unemployed, laid off, looking for work",Not very strong republican,0.2554415795234602
2024,Never married,51,12,1,Pretty happy,"Unemployed, laid off, looking for work","Independent (neither, no response)",0.6736913554323589
2024,Married,55,12,8,Pretty happy,Working full time,Strong republican,1.4018140343726049
2024,Never married,22,12,0,Pretty happy,Working full time,"Independent (neither, no response)",0.6445335589028665
2024,Divorced,57,12,2,Pretty happy,Working full time,Not very strong democrat,0.548432782357528
2024,Never married,45,12,2,Not too happy,Working part time,Not very strong republican,0.22312510180529435
2024,Divorced,80,11,0,Pretty happy,Retired,"Independent (neither, no response)",0.21015192270394747
2024,Married,69,12,2,Pretty happy,Retired,"Independent, close to republican",1.290607817845207
2024,Never married,52,18,0,Pretty happy,Working full time,"Independent (neither, no response)",0.19864130063111005
2024,Married,30,16,2,Pretty happy,Working full time,"Independent (neither, no response)",0.6302655451213031
2024,Married,51,13,0,Pretty happy,Other,Not very strong republican,0.860989739545628
2024,Widowed,86,12,7,Very happy,Retired,Strong republican,0.5049254887721334
2024,Divorced,64,12,0,Pretty happy,Retired,"Independent, close to republican",0.5108831590469204
2024,Never married,29,12,0,Pretty happy,Working full time,"Independent, close to republican",0.3222667794514332
2024,Widowed,48,14,1,Pretty happy,Working full time,Not very strong republican,0.4790493412433883
2024,Married,45,10,6,Pretty happy,Working full time,"Independent, close to democrat",0.5096280427948904
2024,Divorced,46,12,3,Pretty happy,Working full time,"Independent (neither, no response)",0.5449192100068606
2024,Married,77,12,3,Pretty happy,Retired,"Independent, close to democrat",0.5284581557398103
2024,Married,70,13,4,Pretty happy,Retired,Strong democrat,1.335627349177964
2024,Married,40,14,5,Very happy,Retired,Strong republican,1.0318449665267386
2024,Never married,60,12,0,Pretty happy,"Unemployed, laid off, looking for work",Not very strong republican,1.8534322351063803
2024,Never married,37,20,0,Pretty happy,Working full time,Not very strong republican,5.080679276597472
2024,Married,55,18,1,Very happy,Working full time,Strong democrat,1.2160670287943351
2024,Married,27,12,1,Very happy,Working full time,"Independent, close to democrat",1.734409451137476
2024,Married,57,18,5,Not too happy,"With a job, but not at work because of temporary illness, vacation, strike",Not very strong democrat,2.555215745864811
2024,Widowed,80,20,3,Pretty happy,Retired,Not very strong republican,0.5086679321232934
2024,Married,56,16,2,Very happy,Retired,Strong republican,1.3138300766320476
2024,Married,53,13,4,Very happy,Keeping house,Not very strong republican,2.6114847499872726
2024,Married,42,18,2,Very happy,Working part time,Not very strong democrat,1.0088908173592266
2024,Never married,40,15,2,Pretty happy,Working part time,Not very strong democrat,0.49575974430297254
2024,Never married,28,12,0,Not too happy,Working full time,Not very strong republican,0.8339080985645579
2024,Married,50,14,1,Pretty happy,Working full time,"Independent (neither, no response)",2.2279253164420303
2024,Divorced,63,13,2,Not too happy,"Unemployed, laid off, looking for work","Independent, close to republican",0.6609890173518124
2024,Married,79,12,2,Not too happy,Keeping house,Not very strong republican,1.2021575443940986
2024,Never married,40,14,3,Not too happy,Working part time,"Independent, close to republican",1.0446749734797365
2024,Married,48,12,2,Very happy,Working full time,Not very strong democrat,1.830903871571441
2024,Divorced,71,13,4,Pretty happy,Retired,Not very strong republican,1.7063990471069848
2024,Never married,43,12,1,Not too happy,Other,Not very strong democrat,2.893353098436552
2024,Married,45,13,1,Pretty happy,Keeping house,Not very strong republican,1.4732133417515514
2024,Divorced,74,16,2,Pretty happy,Retired,Strong democrat,0.5383044395839935
2024,Married,39,13,3,Very happy,Working full time,Strong republican,2.026312529962655
2024,Widowed,86,8,3,Very happy,Retired,"Independent (neither, no response)",0.7663794123582265
2024,Never married,33,13,0,Not too happy,Working full time,"Independent, close to republican",0.9017606996135564
2024,Divorced,60,16,5,Pretty happy,Working part time,Not very strong republican,0.6863102160661377
2024,Married,51,12,2,Pretty happy,"With a job, but not at work because of temporary illness, vacation, strike",Strong republican,0.9915797173110538
2024,Married,69,12,2,Not too happy,Retired,Not very strong republican,2.97271959556904
2024,Married,55,17,1,Not too happy,Working full time,Strong republican,0.5140606189839346
2024,Divorced,60,12,2,Pretty happy,Working full time,Strong republican,0.2586243300750805
2024,Never married,30,17,0,Pretty happy,Working full time,Other party,0.2153509737586568
2024,Never married,36,20,0,Pretty happy,Working full time,"Independent, close to democrat",0.5700796985122759
2024,Married,77,16,2,Very happy,Working full time,Strong republican,1.7530427906305823
2024,Married,72,17,2,Pretty happy,Retired,"Independent, close to democrat",0.4732800767000067
2024,Never married,65,16,0,Pretty happy,Retired,Not very strong republican,0.21062169175157852
2024,Divorced,57,12,2,Pretty happy,Working full time,"Independent (neither, no response)",0.5883709818586936
2024,Married,49,18,3,Very happy,Working full time,Not very strong democrat,3.3264076094286397
2024,Married,59,12,5,Pretty happy,"With a job, but not at work because of temporary illness, vacation, strike",Strong republican,0.33052657243701783
2024,Never married,26,16,0,Very happy,Working full time,"Independent, close to republican",1.0690486053454435
2024,Married,69,20,2,Very happy,Working part time,"Independent, close to democrat",0.5383566645514374
2024,Married,54,18,3,Pretty happy,Keeping house,"Independent, close to democrat",0.5140606189839346
2024,Married,NA,17,NA,Pretty happy,Retired,NA,0.5107672542626208
2024,Married,51,20,3,Pretty happy,Working full time,"Independent, close to republican",1.1694891622867027
2024,Married,62,14,3,Pretty happy,Retired,Strong democrat,3.424025848370081
2024,Never married,23,15,0,Not too happy,In school,Not very strong democrat,0.978846475541301
2024,Never married,33,17,0,Pretty happy,Working full time,Strong democrat,0.4534683915866573
2024,Married,42,10,3,Very happy,Working full time,"Independent (neither, no response)",0.5344554748341808
2024,Separated,43,10,3,Not too happy,Keeping house,"Independent (neither, no response)",0.6888699399738097
2024,Married,56,12,4,Pretty happy,Working full time,Strong republican,2.9886039905332304
2024,Never married,42,3,3,NA,NA,"Independent (neither, no response)",0.20773806891373545
2024,Married,37,12,4,Very happy,In school,"Independent, close to democrat",0.7076943029099536
2024,Divorced,64,12,2,Not too happy,Other,Not very strong democrat,0.3514981214619774
2024,Never married,33,15,5,Very happy,Working part time,"Independent, close to republican",0.7144512000648395
2024,Divorced,70,12,1,Pretty happy,Retired,Not very strong democrat,0.36811097617318217
2024,Widowed,71,12,0,Pretty happy,Retired,Strong democrat,0.34938063618937504
2024,Never married,31,12,0,Not too happy,Working full time,"Independent, close to republican",1.2190336673377864
2024,Never married,47,14,0,Not too happy,Working full time,Strong republican,0.9427907128420202
2024,Married,73,12,1,Very happy,Retired,"Independent, close to democrat",0.9143106578144748
2024,Married,51,14,2,Very happy,Working full time,Strong republican,0.87304780203907
2024,Never married,48,16,NA,Pretty happy,Working full time,"Independent (neither, no response)",0.2932119149094075
2024,Never married,40,11,0,Pretty happy,Other,Strong democrat,1.7339443795168945
2024,Divorced,83,20,2,Not too happy,Retired,Strong democrat,0.6328293471127756
2024,Married,NA,NA,2,Very happy,Working full time,"Independent (neither, no response)",2.269693578255809
2024,Divorced,83,12,3,Pretty happy,Retired,Not very strong democrat,2.3710015486393705
2024,Separated,60,12,2,Pretty happy,Working full time,"Independent, close to democrat",0.3885285142945535
2024,Never married,26,16,0,Pretty happy,Working full time,"Independent (neither, no response)",0.43358742239387305
2024,Married,36,13,5,Pretty happy,Keeping house,Not very strong democrat,0.7435082044150073
2024,Widowed,62,20,1,Pretty happy,Working full time,"Independent (neither, no response)",0.8393370889542239
2024,Divorced,71,15,3,Not too happy,Retired,Other party,0.7154129231253655
2024,Widowed,68,13,3,Pretty happy,Retired,Other party,0.35770646156268276
2024,Separated,76,12,2,Pretty happy,Retired,Not very strong democrat,0.3236136979608468
2024,Married,41,14,0,Very happy,Working full time,Not very strong republican,0.8029066388828602
2024,Married,77,16,1,Pretty happy,Retired,"Independent (neither, no response)",0.35550175227536224
2024,Married,27,16,0,Very happy,Working full time,"Independent (neither, no response)",0.9742979786183038
2024,Married,42,16,3,Pretty happy,Working part time,"Independent, close to democrat",0.6243714094259124
2024,Divorced,43,14,1,Pretty happy,Working full time,"Independent, close to democrat",0.29224008343015545
2024,Divorced,70,15,3,Pretty happy,Retired,"Independent, close to republican",0.873595668403013
2024,Married,75,14,4,Pretty happy,Retired,"Independent, close to republican",0.9143106578144748
2024,Married,74,16,4,Pretty happy,Retired,Strong republican,0.8087673537057342
2024,Married,57,12,3,Pretty happy,Working full time,"Independent (neither, no response)",1.876835838337913
2024,Married,72,16,2,Pretty happy,Retired,"Independent (neither, no response)",0.7110035045507245
2024,Never married,42,18,2,Pretty happy,Working full time,"Independent (neither, no response)",0.6313254545740932
2024,Never married,44,16,1,Pretty happy,Working part time,"Independent (neither, no response)",1.365907943116232
2024,Married,39,18,2,Pretty happy,Working full time,"Independent, close to democrat",0.781400623162324
2024,Never married,34,17,0,Pretty happy,Working full time,Not very strong republican,0.36800373761589905
2024,Married,69,16,2,Pretty happy,Retired,Other party,1.048856369169792
2024,Married,54,18,3,Very happy,Working full time,Not very strong republican,5.176873412719481
2024,Married,39,17,1,Pretty happy,Working full time,"Independent (neither, no response)",0.8771010341645672
2024,Married,47,12,1,Pretty happy,Working full time,Not very strong republican,1.2178330118738427
2024,Married,22,12,1,Not too happy,Keeping house,"Independent, close to republican",1.1443428359746235
2024,Married,34,15,2,Very happy,Keeping house,"Independent (neither, no response)",1.2401805912882995
2024,Married,19,12,0,Pretty happy,Working full time,"Independent (neither, no response)",1.1443428359746235
2024,Divorced,60,14,4,Pretty happy,NA,"Independent, close to republican",0.4687670055355207
2024,Never married,21,12,0,Pretty happy,Working full time,Strong democrat,0.5792858232606101
2024,Never married,26,12,2,Very happy,Working full time,Other party,1.182799084384381
2024,Never married,34,11,2,Pretty happy,Working full time,NA,1.949927482313852
2024,Never married,42,17,0,Very happy,NA,"Independent (neither, no response)",0.32767538452753475
2024,Divorced,60,16,2,Very happy,Working full time,Strong democrat,0.42671592223537846
2024,Never married,23,12,1,Not too happy,Working full time,"Independent, close to democrat",0.575094698007108
2024,Never married,41,18,2,Pretty happy,Working full time,Strong democrat,0.32767538452753475
2024,Married,48,13,1,Pretty happy,Working full time,"Independent, close to democrat",5.112043679366511
2024,Married,27,12,1,Pretty happy,Working full time,"Independent (neither, no response)",2.26745794061439
2024,Divorced,64,15,1,Pretty happy,Other,"Independent (neither, no response)",0.4578561815828108
2024,Never married,43,8,0,Not too happy,Working full time,"Independent (neither, no response)",1.129600828415715
2024,Never married,62,12,2,Very happy,Working part time,Strong democrat,0.4687670055355207
2024,Divorced,65,12,4,Pretty happy,Retired,Not very strong democrat,0.431579615596302
2024,Never married,30,12,2,Pretty happy,Working full time,Not very strong democrat,0.6782086019176687
2024,Divorced,73,9,3,Pretty happy,Retired,Strong democrat,0.31403459574946596
2024,Never married,42,12,4,Pretty happy,Working full time,Strong democrat,0.7728519544820197
2024,Never married,43,13,1,Very happy,Keeping house,"Independent (neither, no response)",0.6293214047570289
2024,Divorced,64,16,2,Not too happy,Other,Strong democrat,0.890502067364626
2024,Never married,26,13,0,Pretty happy,"Unemployed, laid off, looking for work","Independent (neither, no response)",2.067861643030633
2024,Never married,34,12,2,Pretty happy,Keeping house,Not very strong democrat,0.555404766685326
2024,Never married,37,16,2,Not too happy,Working full time,Strong democrat,0.682409391388824
2024,Separated,56,12,1,Pretty happy,Keeping house,Strong democrat,0.2950067656029863
2024,Never married,66,12,0,Pretty happy,Retired,Strong democrat,0.30021732640272725
2024,Never married,57,15,0,Pretty happy,Working full time,"Independent (neither, no response)",0.31849594777972373
2024,Never married,67,11,2,Pretty happy,Working part time,Strong democrat,0.8282222215263126
2024,Divorced,50,12,1,Pretty happy,Working full time,NA,0.3260857835309039
2024,Married,33,15,0,Pretty happy,Working full time,"Independent, close to republican",1.8278211949628351
2024,Married,55,14,0,Very happy,Working full time,Strong democrat,1.5080959328486756
2024,Married,73,19,2,Very happy,Retired,"Independent (neither, no response)",2.4866091417576897
2024,Never married,20,14,0,Not too happy,Working part time,Strong republican,1.4038766119295616
2024,Married,46,14,3,Pretty happy,Working full time,Not very strong democrat,1.4141244438567182
2024,Widowed,89,10,2,Pretty happy,Retired,Not very strong democrat,0.3414975749870191
2024,Widowed,53,12,4,Pretty happy,Other,"Independent, close to republican",0.7963712111207738
2024,Never married,49,14,0,Not too happy,Working full time,"Independent (neither, no response)",0.9719900775750344
2024,Married,44,16,2,Pretty happy,Working full time,"Independent, close to democrat",1.3460077596729572
2024,Never married,37,12,3,Very happy,Keeping house,"Independent (neither, no response)",0.28411738582266555
2024,Married,79,12,2,Very happy,Retired,Strong republican,0.6746070553556303
2024,Widowed,76,13,3,Pretty happy,Retired,Strong republican,2.199584721890723
2024,Married,66,12,3,Pretty happy,Retired,Not very strong republican,0.7495054514968075
2024,Never married,31,14,0,Not too happy,NA,"Independent (neither, no response)",0.34916553322729266
2024,Married,73,12,0,Pretty happy,Retired,Not very strong republican,1.8740727105355528
2024,Married,68,14,2,Pretty happy,Retired,Not very strong republican,0.7673663483500688
2024,Married,88,12,1,Very happy,Retired,"Independent (neither, no response)",0.7673663483500688
2024,Married,28,12,4,Pretty happy,Working full time,"Independent, close to democrat",2.3769760769057013
2024,Divorced,70,14,0,Pretty happy,"Unemployed, laid off, looking for work","Independent, close to democrat",0.3414975749870191
2024,Never married,25,16,1,Pretty happy,Working full time,"Independent, close to republican",0.4281558534635042
2024,Divorced,37,17,0,Pretty happy,Working full time,Not very strong republican,0.1854964180971368
2024,Separated,42,16,3,Pretty happy,Working part time,"Independent (neither, no response)",0.17212531083240137
2024,Married,41,14,2,Very happy,Other,"Independent (neither, no response)",0.4372502165686216
2024,Never married,67,15,0,Pretty happy,Working full time,"Independent, close to democrat",0.20509824991763592
2024,Never married,24,NA,NA,Not too happy,Working part time,"Independent (neither, no response)",0.285674696508013
2024,Divorced,30,12,3,Pretty happy,Working full time,"Independent (neither, no response)",0.40964507642581505
2024,Separated,39,12,1,Not too happy,Working part time,"Independent (neither, no response)",0.20540812292953065
2024,Married,24,12,2,Pretty happy,Working full time,"Independent, close to democrat",2.855151363742358
2024,Married,58,13,2,Pretty happy,Working part time,Strong republican,0.5005796526861848
2024,Married,42,16,2,Pretty happy,Working full time,Not very strong republican,1.8891808987850929
2024,Widowed,74,12,2,Not too happy,Retired,Not very strong democrat,1.0017875659407849
2024,Married,40,14,6,Pretty happy,Working full time,Strong republican,0.74605898205435806
2024,Married,55,12,3,Not too happy,Working full time,Not very strong republican,0.5694099655356313
2024,Never married,25,14,0,Not too happy,Working full time,"Independent, close to republican",1.2787742340174164
2024,Never married,72,16,1,Not too happy,Retired,Strong democrat,0.16413148382431275
2024,Married,77,12,2,Pretty happy,Retired,"Independent, close to republican",0.5242385473820422
2024,Never married,19,14,NA,Not too happy,Working full time,"Independent, close to republican",0.29590492920642403
2024,Married,29,18,1,Pretty happy,Working part time,"Independent, close to republican",0.5845416412246854
2024,Married,45,16,3,Very happy,Working full time,Not very strong democrat,0.39802636961948007
2024,Married,50,12,3,Pretty happy,Keeping house,Not very strong democrat,0.8070914014472232
2024,Divorced,58,8,4,Not too happy,Working full time,Not very strong democrat,1.1060162531057085
2024,Never married,26,12,1,Pretty happy,Working full time,"Independent (neither, no response)",0.5620979616385231
2024,Separated,49,11,6,Not too happy,Keeping house,"Independent (neither, no response)",0.1945874860707522
2024,Never married,38,15,4,Not too happy,Working full time,"Independent (neither, no response)",2.108149266858136
2024,Never married,24,11,1,Pretty happy,Working full time,"Independent (neither, no response)",0.571349393016026
2024,Widowed,66,13,3,Not too happy,Keeping house,"Independent, close to republican",0.17661272840227202
2024,Married,62,10,2,Pretty happy,Retired,Not very strong republican,2.628119712941626
2024,Married,22,14,0,Pretty happy,Working part time,Not very strong democrat,0.6141232228176732
2024,Married,49,10,6,Not too happy,Keeping house,"Independent, close to democrat",3.203575581502526
2024,Married,77,18,2,Pretty happy,Working full time,"Independent, close to democrat",1.416198846257955
2024,Married,39,18,3,Very happy,Working full time,"Independent, close to democrat",0.9653320385038988
2024,Married,53,10,3,Pretty happy,Working full time,Not very strong republican,2.4890354082458797
2024,Married,50,12,3,Not too happy,Working full time,"Independent (neither, no response)",2.3038244802772536
2024,Widowed,71,14,3,Pretty happy,Retired,Strong democrat,0.37777765021919313
2024,Married,44,15,1,Not too happy,Working full time,"Independent (neither, no response)",2.174142048048356
2024,Married,NA,16,2,Very happy,Retired,Not very strong republican,0.9653320385038988
2024,Married,57,16,2,Not too happy,Working full time,Not very strong republican,0.901523845247688
2024,Married,NA,16,1,Very happy,Working full time,"Independent, close to republican",2.504452366548568
2024,Divorced,48,16,4,Pretty happy,Working full time,Not very strong republican,0.7008884909253805
2024,Separated,79,0,NA,Very happy,Keeping house,"Independent (neither, no response)",2.677878673661932
2024,Married,NA,17,3,Very happy,Retired,Not very strong republican,0.450761922623844
2024,Married,61,16,3,Pretty happy,Working part time,Strong republican,2.2017140051924975
2024,Married,57,14,5,Pretty happy,Working full time,Strong republican,2.211733438673548
2024,Widowed,85,16,2,Very happy,Retired,Strong republican,0.902089581270334
2024,Widowed,68,17,2,Pretty happy,Retired,NA,0.36937370891348215
2024,Married,51,13,1,Not too happy,Keeping house,Not very strong democrat,1.4931749421684015
2024,Widowed,87,14,3,Very happy,Working part time,Strong republican,0.4175765963210928
2024,Never married,28,15,1,Pretty happy,Working full time,Not very strong republican,1.5526151299364013
2024,Married,32,18,2,Pretty happy,Working full time,"Independent (neither, no response)",2.357547257389647
2024,Married,73,17,1,Pretty happy,Retired,Strong democrat,0.83000575976633
2024,Divorced,68,20,0,Not too happy,Working full time,Strong democrat,1.0261279990603382
2024,Widowed,62,16,0,Very happy,Retired,Strong republican,0.4012010789983326
2024,Divorced,72,17,3,Pretty happy,Retired,"Independent, close to republican",1.804179162540668
2024,Widowed,68,16,0,Very happy,Working part time,Strong republican,0.902089581270334
2024,Never married,54,16,0,Pretty happy,Working full time,Strong republican,0.9798188247436534
2024,Widowed,87,19,3,Not too happy,Retired,Not very strong republican,0.4201630444496867
2024,Widowed,77,12,2,Pretty happy,Retired,Strong republican,0.4175765963210928
2024,Divorced,27,13,0,Pretty happy,Working full time,"Independent (neither, no response)",1.2361458838654922
2024,Married,23,15,1,Very happy,Keeping house,NA,1.259456732542686
2024,Married,25,14,0,Very happy,Working full time,Not very strong republican,1.462592045478903
2024,Separated,45,17,2,Pretty happy,Working part time,"Independent (neither, no response)",0.6035440513889959
2024,Never married,19,12,0,Pretty happy,Working full time,Not very strong democrat,1.355264387562258
2024,Divorced,53,16,2,Pretty happy,Working full time,"Independent, close to democrat",0.6334883749365855
2024,Married,67,14,4,Very happy,Retired,"Independent (neither, no response)",0.6512473460649123
2024,Never married,20,12,0,Not too happy,"Unemployed, laid off, looking for work",Strong republican,6.619690867998375
2024,Married,44,13,3,Not too happy,Keeping house,"Independent, close to republican",0.6864720134419544
2024,Married,83,13,2,Very happy,Retired,Not very strong republican,0.7407946505377953
2024,Widowed,76,17,1,Pretty happy,Working part time,Strong democrat,0.3144750832923431
2024,Widowed,80,12,3,Pretty happy,Retired,Strong republican,0.289821660639778
2024,Married,75,18,3,Very happy,Retired,Strong republican,0.6552811388931532
2024,Never married,32,6,4,Pretty happy,Working full time,"Independent, close to democrat",0.2593727751578919
2024,Never married,26,15,0,Very happy,Working full time,"Independent (neither, no response)",3.8002003620095848
2024,Divorced,68,13,3,Pretty happy,Retired,Not very strong democrat,2.831225874290343
2024,Married,38,12,2,Very happy,Keeping house,"Independent (neither, no response)",0.6658703999882226
2024,Married,60,14,5,Very happy,Keeping house,Strong republican,0.7073625751670455
2024,Never married,40,14,4,Pretty happy,Working full time,"Independent, close to democrat",4.583218913708442
2024,Divorced,71,12,3,Pretty happy,Working part time,Not very strong democrat,0.32967249250107183
2024,Divorced,61,12,1,Very happy,Retired,"Independent (neither, no response)",0.6295887344434836
2024,Never married,25,17,0,Pretty happy,Working full time,Not very strong democrat,0.7026041757352626
2024,Never married,37,16,0,Not too happy,Working full time,"Independent, close to democrat",0.29816474069701765
2024,Married,34,16,1,Pretty happy,Working full time,"Independent, close to democrat",0.5890057571862298
2024,Married,45,17,3,Pretty happy,Working full time,Not very strong democrat,0.6045594306218997
2024,Divorced,61,11,2,Pretty happy,Other,Other party,0.3147943672217418
2024,Never married,70,13,0,Pretty happy,Working part time,Strong democrat,0.32967249250107183
2024,Never married,23,12,0,Very happy,Working full time,"Independent (neither, no response)",2.258773979270431
2024,Married,64,18,2,Pretty happy,Working full time,Strong democrat,3.476461804905337
2024,Married,64,12,2,Pretty happy,Other,Not very strong democrat,0.7073625751670455
2024,Married,59,16,2,Pretty happy,Working full time,Not very strong democrat,0.6257082897795669
2024,Never married,46,12,0,Not too happy,Working full time,"Independent, close to republican",0.31277761545124894
2024,Married,25,13,2,Not too happy,"With a job, but not at work because of temporary illness, vacation, strike","Independent (neither, no response)",0.8924132845906553
2024,Married,38,11,4,Pretty happy,Keeping house,"Independent (neither, no response)",0.8742402021825518
2024,Married,43,10,5,Pretty happy,Working full time,Not very strong republican,0.7028308081648621
2024,Never married,53,16,0,Pretty happy,Working full time,"Independent, close to republican",0.31674418746829275
2024,Never married,27,18,0,Pretty happy,Working full time,"Independent, close to democrat",0.21624151500036273
2024,Never married,24,16,0,Pretty happy,Working full time,Strong democrat,0.3212645378616343
2024,Never married,64,14,3,Pretty happy,Working part time,Not very strong democrat,0.22382173268732275
2024,Never married,28,18,0,Very happy,Working full time,"Independent (neither, no response)",0.2760933337224806
2024,Never married,23,18,0,Pretty happy,In school,"Independent (neither, no response)",1.0226575172953023
2024,Never married,22,16,0,Pretty happy,Working part time,Strong democrat,1.798077223123571
2024,Never married,21,16,0,Not too happy,In school,"Independent, close to democrat",0.9363696856111232
2024,Divorced,37,17,0,Pretty happy,"With a job, but not at work because of temporary illness, vacation, strike",Not very strong republican,0.5298240159468047
2024,Divorced,47,15,4,Not too happy,"With a job, but not at work because of temporary illness, vacation, strike","Independent (neither, no response)",0.19550555154435895
2024,Never married,NA,16,0,Not too happy,In school,Not very strong democrat,0.4995581254973406
2024,Never married,26,16,0,Pretty happy,Working full time,Not very strong democrat,0.2497790627486703
2024,Never married,36,20,0,Pretty happy,Working full time,Strong democrat,0.620898114414383
2024,Never married,24,16,0,Pretty happy,In school,"Independent (neither, no response)",0.3453194640874878
2024,Never married,34,7,0,Pretty happy,Working full time,"Independent, close to democrat",1.3275533946882856
2024,Never married,28,15,0,Not too happy,Working part time,"Independent (neither, no response)",0.9171898953368522
2024,Married,80,12,2,Pretty happy,Retired,Strong republican,0.8333234131106394
2024,Divorced,66,12,4,Not too happy,Retired,Strong republican,0.8436849940953219
2024,Widowed,61,14,0,Pretty happy,"Unemployed, laid off, looking for work",Strong republican,0.9163817613370764
2024,Never married,55,14,0,Pretty happy,Working full time,"Independent, close to republican",0.2814193875505698
2024,Married,41,16,2,Pretty happy,Working full time,Strong republican,0.42954032286970617
2024,Married,39,6,2,Pretty happy,Working full time,"Independent (neither, no response)",2.4048425953196344
2024,Married,74,12,2,Pretty happy,Retired,Strong republican,0.5822011076342514
2024,Married,34,9,3,Pretty happy,Working full time,"Independent, close to republican",0.6050712673922282
2024,Married,74,12,2,Pretty happy,Retired,"Independent (neither, no response)",0.5822011076342514
2024,Married,69,16,3,Pretty happy,Retired,"Independent, close to republican",1.4742577172042068
2024,Never married,26,12,1,Very happy,"Unemployed, laid off, looking for work","Independent (neither, no response)",0.7100811063751461
2024,Widowed,75,12,3,Pretty happy,Keeping house,Strong republican,0.22777498692570308
2024,Married,76,19,2,Pretty happy,Retired,"Independent, close to republican",0.7724922242590426
2024,Married,23,16,0,Not too happy,Working full time,Not very strong republican,0.7057045502370861
2024,Married,69,12,4,Pretty happy,Retired,Strong republican,0.5118246007143838
2024,Widowed,74,15,2,Pretty happy,Retired,Strong republican,0.25909432546702243
2024,Married,34,20,1,Pretty happy,Working full time,"Independent (neither, no response)",0.526558467084476
2024,Never married,18,12,0,Pretty happy,Working part time,Strong democrat,3.4683398003378905
2024,Married,69,20,2,Pretty happy,Retired,Strong republican,0.5149948161726953
2024,Married,36,12,0,Pretty happy,Working full time,"Independent (neither, no response)",1.0466341357421192
2024,Married,41,14,1,Pretty happy,Working full time,Not very strong republican,1.581235413819639
2024,Married,41,20,2,Pretty happy,"With a job, but not at work because of temporary illness, vacation, strike","Independent (neither, no response)",0.6106692886433452
2024,Married,39,12,2,Pretty happy,Working full time,Strong republican,1.7279731499561115
2024,Divorced,49,14,2,Pretty happy,Working full time,"Independent, close to republican",1.1617789446213342
2024,Married,71,18,2,Very happy,Retired,Strong democrat,0.747468820367411
2024,Divorced,52,14,3,Pretty happy,Working full time,Strong republican,0.4084550194198566
2024,Married,43,16,2,Pretty happy,Working full time,Strong democrat,0.7091629437597564
2024,Married,69,16,3,Very happy,Retired,Strong republican,0.747468820367411
2024,Married,35,12,0,Pretty happy,Working full time,Strong republican,0.9827857829249728
2024,Widowed,57,10,2,Pretty happy,"Unemployed, laid off, looking for work","Independent, close to democrat",0.415177679598065
2024,Married,72,12,4,Pretty happy,Retired,"Independent (neither, no response)",0.8450127292039458
2024,Married,31,16,0,Pretty happy,Working full time,Other party,4.220079928969208
2024,Married,NA,12,0,Not too happy,Working full time,Strong republican,0.8450127292039458
2024,Divorced,52,17,4,Not too happy,"Unemployed, laid off, looking for work",Strong republican,0.46461808282191647
2024,Married,70,12,2,Very happy,Retired,Strong democrat,0.8450127292039458
2024,Never married,47,12,1,Pretty happy,Working full time,Not very strong republican,2.3235578892426685
2024,Married,65,13,1,Pretty happy,Working part time,Not very strong republican,0.9612030102126998
2024,Married,85,19,2,Very happy,Working full time,"Independent, close to republican",0.7869792223764215
2024,Divorced,65,18,3,Not too happy,Retired,Strong republican,0.3783814407326566
2024,Married,47,12,4,Very happy,Working full time,Strong republican,1.3679156996905664
2024,Never married,27,17,0,Pretty happy,Working full time,"Independent (neither, no response)",0.45582486875038
2024,Never married,33,12,1,Very happy,"Unemployed, laid off, looking for work",Strong republican,0.7689920748042649
2024,Never married,42,16,2,Pretty happy,Working full time,"Independent (neither, no response)",0.946786731338913
2024,Married,64,12,0,Pretty happy,Retired,Strong republican,0.917823901763831
2024,Married,58,12,3,Pretty happy,"Unemployed, laid off, looking for work",Strong republican,1.0440258078143505
2024,Divorced,53,12,2,Not too happy,Working full time,"Independent (neither, no response)",0.8169100388397132
2024,Widowed,66,16,2,Pretty happy,Retired,Not very strong democrat,1.0831793671101837
2024,Widowed,63,15,2,Pretty happy,Retired,Not very strong democrat,0.4084550194198566
2024,Divorced,48,13,2,Pretty happy,Working full time,"Independent, close to democrat",1.070341421638863
2024,Widowed,89,19,4,Pretty happy,Retired,Strong republican,0.3783814407326566
2024,Married,78,16,4,Pretty happy,Retired,Strong democrat,0.8502466949274632
2024,Married,41,16,2,Pretty happy,Keeping house,Not very strong democrat,2.309236734305576
2024,Married,42,18,0,Pretty happy,Working full time,"Independent, close to republican",0.7091629437597564
2024,Never married,29,18,0,Pretty happy,Working full time,Not very strong republican,1.0370026884338868
2024,Married,65,16,0,Pretty happy,Retired,Strong republican,0.747468820367411
2024,Divorced,67,14,1,Pretty happy,Retired,"Independent (neither, no response)",0.2646768462451951
2024,Never married,62,19,0,Very happy,Other,"Independent, close to democrat",0.2542973845636577
2024,Divorced,46,14,0,Pretty happy,Working full time,"Independent, close to republican",0.5712823027166571
2024,Divorced,52,17,1,Not too happy,Keeping house,Strong democrat,0.5749658610614358
2024,Married,75,14,2,Very happy,Retired,"Independent (neither, no response)",0.594745379974392
2024,Widowed,76,10,5,Pretty happy,Retired,"Independent, close to republican",0.6570363509397222
2024,Divorced,38,12,3,Pretty happy,Other,Strong republican,0.6156608831307093
2024,Married,72,12,1,Very happy,Retired,Strong democrat,0.6765235951889522
2024,Married,77,20,3,Pretty happy,Retired,Strong democrat,0.6432370434652785
2024,Married,61,17,3,Pretty happy,Working full time,"Independent, close to democrat",0.571422082265166
2024,Married,38,16,0,Pretty happy,Working full time,"Independent, close to democrat",1.494308298063931
2024,Never married,52,16,1,Pretty happy,Working full time,Strong democrat,0.49457284676797464
2024,Widowed,64,16,1,Pretty happy,Working full time,"Independent, close to democrat",0.2542973845636577
2024,Never married,42,12,2,Pretty happy,Working part time,Not very strong democrat,1.2265424578684805
2024,Married,31,19,0,Very happy,Working full time,Not very strong democrat,1.494308298063931
2024,Married,54,13,2,Not too happy,Working full time,"Independent (neither, no response)",0.9971728150846496
2024,Never married,41,17,0,Pretty happy,Working full time,Strong democrat,0.4905360680493622
2024,Married,29,20,3,Pretty happy,In school,"Independent, close to democrat",1.7245530971927536
2024,Never married,48,12,0,Pretty happy,"With a job, but not at work because of temporary illness, vacation, strike",Strong democrat,0.5712823027166571
2024,Never married,35,12,4,Pretty happy,Working full time,Not very strong republican,1.3218232198296336
2024,Widowed,85,16,5,Pretty happy,Retired,"Independent, close to democrat",0.251654123024228
2024,Widowed,62,12,3,Not too happy,Retired,Strong republican,0.2874829305307179
2024,Divorced,52,13,1,Pretty happy,Working full time,Not very strong republican,1.404189579099511
2024,Married,64,13,2,Pretty happy,Working full time,Strong republican,1.7945796843506625
2024,Divorced,62,12,1,Pretty happy,Other,"Independent, close to republican",0.3270121841492418
2024,Divorced,30,11,3,Pretty happy,Keeping house,"Independent (neither, no response)",1.503575524910985
2024,Widowed,89,18,4,Pretty happy,Retired,Strong republican,1.143561337032816
2024,Married,55,15,2,Pretty happy,Working part time,Strong democrat,2.366476166951779
2024,Widowed,67,12,0,Not too happy,Retired,"Independent (neither, no response)",0.2646768462451951
2024,Never married,32,18,0,Pretty happy,Working full time,"Independent (neither, no response)",0.23938091598268957
2024,Widowed,60,14,6,Not too happy,Keeping house,"Independent (neither, no response)",1.2420971802998737
2024,Married,43,16,2,Pretty happy,Working full time,Not very strong republican,0.6418534809937723
2024,Married,66,12,3,Pretty happy,Retired,"Independent (neither, no response)",0.594745379974392
2024,Married,62,16,4,Pretty happy,Working full time,"Independent (neither, no response)",0.6499933155950407
2024,Married,46,12,3,NA,Working full time,"Independent (neither, no response)",1.56754344972127
2024,Widowed,71,0,0,Not too happy,Retired,"Independent (neither, no response)",0.6570363509397222
2024,Married,35,9,2,Pretty happy,Working full time,Not very strong democrat,1.5893459948922273
2024,Never married,20,14,0,Pretty happy,In school,Strong democrat,1.6118325421236404
2024,Divorced,89,8,5,Pretty happy,Retired,"Independent (neither, no response)",0.289177154449442
2024,Married,63,14,0,Pretty happy,"With a job, but not at work because of temporary illness, vacation, strike","Independent (neither, no response)",0.7348167717622096
2024,Divorced,80,14,2,Pretty happy,Retired,Other party,0.735277893583913
2024,Widowed,61,18,2,Pretty happy,Working full time,Strong democrat,0.2542973845636577
2024,Never married,31,16,2,Pretty happy,Working full time,Strong republican,0.47876183196537914
2024,Never married,26,18,0,Not too happy,"Unemployed, laid off, looking for work","Independent, close to democrat",0.36493684453019815
2024,Married,72,18,0,Pretty happy,Retired,Not very strong democrat,1.2848268210199625
2024,Married,34,16,2,Very happy,Working full time,"Independent (neither, no response)",1.6061957665902251
2024,Divorced,57,18,2,Pretty happy,Working part time,Strong democrat,2.106284368649265
2024,Married,66,12,1,Pretty happy,Working full time,Strong republican,0.584344557271752
2024,Never married,35,17,0,Pretty happy,Working full time,"Independent, close to democrat",0.41352862298954346
2024,Divorced,61,14,2,Pretty happy,Working full time,"Independent, close to republican",1.212863148838645
2024,Married,49,14,0,Pretty happy,Working full time,Not very strong democrat,0.6766742620280258
2024,Divorced,65,17,1,Pretty happy,Working full time,Not very strong republican,0.23002959116393565
2024,Married,30,20,0,Pretty happy,Working full time,Strong republican,0.5284970610524296
2024,Widowed,37,18,0,Not too happy,Working full time,"Independent, close to republican",0.26588731623031625
2024,Married,66,12,0,Not too happy,Retired,Strong republican,0.292172278635876
2024,Married,33,16,1,Pretty happy,Working full time,Strong republican,0.5252437282032332
2024,Married,47,12,4,Very happy,Working full time,Strong republican,0.8315975766075496
2024,Never married,67,18,0,Very happy,Retired,Not very strong republican,0.20222359955374267
2024,Divorced,24,12,1,Pretty happy,Working full time,Not very strong republican,0.626544702172865
2024,Married,66,12,3,Pretty happy,Keeping house,Strong republican,2.5091742072522845
2024,Married,69,14,3,Very happy,Retired,Not very strong republican,0.8765168359076281
2024,Married,69,12,6,Very happy,Other,"Independent (neither, no response)",0.5137089500233762
2024,Married,63,20,1,Very happy,Retired,"Independent, close to democrat",0.27898653865583334
2024,Never married,18,12,0,Pretty happy,Working part time,"Independent (neither, no response)",1.0690430444676056
2024,Divorced,28,12,3,Pretty happy,Working full time,Not very strong republican,0.9552852697785156
2024,Married,82,14,3,Very happy,Retired,Not very strong republican,2.8541887214303223
2024,Married,43,15,3,Pretty happy,Working full time,Not very strong democrat,0.5543983844050319
2024,Divorced,46,13,6,Pretty happy,Working full time,"Independent (neither, no response)",0.4934428106161106
2024,Never married,19,13,0,Not too happy,In school,Not very strong democrat,0.9398170532592977
2024,Married,74,12,2,Pretty happy,Retired,Not very strong republican,0.7705634250350645
2024,Married,84,16,2,Very happy,Retired,Strong republican,0.5168908370451488
2024,Separated,63,12,2,Not too happy,Retired,"Independent (neither, no response)",0.2298351414414761
2024,Separated,31,0,2,Pretty happy,Working part time,"Independent (neither, no response)",0.21991447868330383
2024,Married,30,12,1,Pretty happy,Keeping house,"Independent (neither, no response)",0.5252437282032332
2024,Never married,34,12,1,Very happy,Working full time,"Independent (neither, no response)",0.25969863472246707
2024,Never married,25,12,0,Pretty happy,"Unemployed, laid off, looking for work","Independent (neither, no response)",0.7126953629784034
2024,Never married,29,12,2,Pretty happy,Other,Strong democrat,1.0690430444676056
2024,Divorced,57,11,2,Pretty happy,Working full time,"Independent (neither, no response)",0.2283431507641755
2024,Married,29,12,0,Not too happy,"Unemployed, laid off, looking for work",Other party,0.800735463781189
2024,Married,34,12,2,Not too happy,Working part time,"Independent (neither, no response)",1.0459057417130937
2024,Divorced,39,12,2,Pretty happy,"Unemployed, laid off, looking for work","Independent (neither, no response)",1.160510814047809
2024,Married,40,14,1,Pretty happy,Keeping house,Strong republican,0.47389105268941456
2024,Married,58,12,1,Not too happy,Other,Not very strong republican,1.3249678952200368
2024,Married,73,13,2,Very happy,Retired,Strong republican,0.49948857206000014
2024,Married,54,12,4,Not too happy,Working part time,"Independent, close to democrat",1.3249678952200368
2024,Married,55,16,4,Very happy,Working part time,Strong republican,1.987451842830053
2024,Married,32,12,2,Not too happy,Working full time,Strong republican,0.5809264764762913
2024,Never married,76,17,0,Not too happy,Retired,"Independent (neither, no response)",0.22366196270629785
2024,Never married,19,12,0,Pretty happy,Working full time,"Independent (neither, no response)",0.8950837269061144
2024,Married,49,11,3,Pretty happy,Working full time,"Independent (neither, no response)",1.519508941373214
2024,Never married,40,9,2,Not too happy,Other,"Independent, close to republican",0.5150472466705567
2024,Divorced,78,18,4,Pretty happy,Retired,Other party,0.6175128340624128
2024,Married,46,17,1,Very happy,Working full time,Not very strong democrat,0.4768263096870161
2024,Never married,28,16,0,Pretty happy,Working full time,Strong democrat,0.7485070212223112
2024,Never married,41,15,3,Pretty happy,Working full time,"Independent (neither, no response)",0.2108935916325242
2024,Married,45,10,1,NA,Working part time,Strong republican,2.9409792773636845
2024,Divorced,31,19,0,Very happy,Working full time,Strong democrat,0.2010407073826396
2024,Never married,67,8,2,Pretty happy,Other,"Independent, close to democrat",0.22594367605277615
2024,Never married,58,14,8,Pretty happy,Working part time,"Independent (neither, no response)",0.21842716723648117
2024,Never married,67,16,0,Pretty happy,Retired,"Independent, close to republican",0.19204911343554457
2024,Married,45,15,1,Very happy,Other,Strong republican,0.47389105268941456
2024,Married,38,8,5,Not too happy,Keeping house,"Independent (neither, no response)",0.5191095986958201
2024,Widowed,89,16,2,Pretty happy,Retired,Not very strong republican,0.22366196270629785
2024,Never married,34,18,0,Pretty happy,Working full time,"Independent, close to democrat",0.20688832603657617
2024,Married,52,16,2,Pretty happy,Working full time,"Independent, close to democrat",0.7198512410297379
2024,Never married,69,12,0,Pretty happy,Retired,Strong democrat,0.4354640850219087
2024,Married,42,16,2,Very happy,Working full time,Not very strong democrat,0.4768263096870161
2024,Married,53,20,2,Pretty happy,Working full time,"Independent (neither, no response)",1.2597763591227191
2024,Divorced,43,12,2,Pretty happy,Working full time,"Independent, close to republican",1.1717337426807397
2024,Divorced,63,12,1,Pretty happy,Keeping house,"Independent (neither, no response)",1.179288938396033
2024,Married,63,19,0,Pretty happy,Retired,"Independent, close to republican",1.3331746787496486
2024,Divorced,68,18,2,Pretty happy,Working part time,"Independent (neither, no response)",0.22366196270629785
2024,Married,74,16,2,Very happy,Retired,Strong republican,0.5025823787863368
2024,Married,48,13,4,Very happy,Working full time,Strong republican,3.2911984931139573
2024,Divorced,63,12,0,NA,Retired,Not very strong republican,0.27463659980672633
2024,Married,61,16,2,Pretty happy,Working full time,Not very strong democrat,0.818831664743047
2024,Separated,56,13,3,NA,Other,Other party,0.5492731996134527
2024,Never married,19,12,0,Pretty happy,Working full time,Strong republican,1.0394500304647212
2024,Divorced,57,12,2,Pretty happy,Working full time,Strong republican,0.2619762630000604
2024,Divorced,57,12,0,Pretty happy,Working full time,Not very strong republican,0.24143851015470716
2024,Widowed,80,12,2,Pretty happy,Retired,Other party,0.22228513989305615
2024,Never married,27,18,0,Very happy,Working full time,Strong democrat,0.5856006966531615
2024,Married,46,20,1,Pretty happy,Working part time,Not very strong democrat,0.8432724600530218
2024,Married,67,17,2,Pretty happy,Working part time,Strong republican,1.03217876301667
2024,Married,70,16,2,Not too happy,Retired,Strong republican,0.5870523009895332
2024,Married,78,19,1,Pretty happy,Working part time,Strong democrat,0.9602772730098164
2024,Married,77,20,2,Very happy,Retired,Not very strong democrat,1.0110365021079404
2024,Married,77,14,0,Very happy,Retired,Strong democrat,1.0855924650605355
2024,Married,56,19,2,Pretty happy,Keeping house,Not very strong democrat,1.0430203037524646
2024,Married,62,19,2,Very happy,Retired,Strong republican,1.0430203037524646
2024,Divorced,48,12,6,Pretty happy,Working full time,"Independent (neither, no response)",1.119407813135245
2024,Married,70,14,2,Pretty happy,Retired,Strong republican,1.0855924650605355
2024,Married,54,16,3,Not too happy,Working full time,Not very strong democrat,1.9568122533132453
2024,Married,77,16,2,Pretty happy,Retired,"Independent, close to democrat",1.0923165693911163
2024,Divorced,89,16,2,Pretty happy,Retired,Strong republican,0.486108702013389
2024,Divorced,64,19,0,Not too happy,Working full time,Strong democrat,0.5279946326768252
2024,Married,53,12,2,Pretty happy,Working full time,Strong democrat,1.341265653311184
2024,Widowed,73,12,2,Pretty happy,Retired,"Independent, close to republican",0.4831163042782118
2024,Divorced,70,20,2,Pretty happy,Retired,Strong democrat,0.8987217588642709
2024,Widowed,79,14,2,Pretty happy,Retired,Not very strong republican,0.4831163042782118
2024,Married,43,18,0,Very happy,Working full time,Strong democrat,1.0363381224198775
2024,Married,57,12,2,Very happy,Retired,Not very strong republican,1.7687000637480264
2024,Married,67,17,2,Not too happy,Working part time,"Independent (neither, no response)",0.48013863650490823
2024,Widowed,89,14,4,Not too happy,Retired,"Independent, close to republican",1.1798733210145305
2024,Divorced,35,11,2,Not too happy,"Unemployed, laid off, looking for work",Strong republican,2.2313572372810015
2024,Divorced,60,6,4,Pretty happy,Working full time,"Independent, close to democrat",1.6001430927232672
2024,Never married,33,14,0,Pretty happy,Working full time,Not very strong republican,0.9676924426053476
2024,Divorced,62,14,1,Pretty happy,Retired,"Independent (neither, no response)",1.0494887853726784
2024,Married,76,14,1,Pretty happy,Retired,Strong republican,1.2348627532077885
2024,Divorced,51,14,2,Pretty happy,Working full time,"Independent (neither, no response)",0.5247443926863392
2024,Widowed,78,13,4,Not too happy,Retired,Strong republican,0.4831163042782118
2024,Married,37,13,2,Pretty happy,Working full time,Not very strong republican,1.2625902591042129
2024,Married,27,12,1,Very happy,"With a job, but not at work because of temporary illness, vacation, strike",Not very strong republican,1.2809934986837843
2024,Married,34,8,4,Very happy,"Unemployed, laid off, looking for work","Independent, close to democrat",5.10072981548336
2024,Married,71,12,2,Pretty happy,Retired,"Independent (neither, no response)",2.651248934628614
2024,Never married,62,12,0,Pretty happy,Other,NA,1.0494887853726784
2024,Never married,23,14,0,Pretty happy,Working full time,Not very strong republican,1.9860629477202256
2024,Married,34,12,1,Pretty happy,Working full time,Strong republican,1.087232634135472
2024,Never married,44,NA,0,Not too happy,Working full time,"Independent (neither, no response)",0.46590182007301384
2024,Widowed,60,15,0,Pretty happy,Retired,"Independent, close to republican",0.5247443926863392
2024,Never married,25,12,0,Not too happy,Working full time,"Independent (neither, no response)",2.25914902562355
2024,Divorced,75,17,0,Pretty happy,Working full time,"Independent, close to republican",0.4831163042782118
2024,Married,51,11,2,Pretty happy,Working full time,Strong republican,2.682531306622368
2024,Married,58,12,2,Very happy,Working full time,Strong republican,1.1791333758320162
2024,Never married,30,14,0,Not too happy,Working full time,"Independent (neither, no response)",0.5683342411943814
2024,Married,59,14,1,Not too happy,Other,"Independent, close to republican",1.083236547952283
2024,Married,65,15,1,Not too happy,Retired,Not very strong republican,0.4438253113957746
2024,Never married,61,0,0,Not too happy,Working full time,Not very strong republican,0.5185510772364885
2024,Married,68,17,3,Pretty happy,Working part time,"Independent, close to democrat",0.8023128649497112
2024,Never married,64,14,0,Not too happy,Working full time,Strong republican,0.45126495844274017
2024,Divorced,42,12,5,Pretty happy,"Unemployed, laid off, looking for work","Independent (neither, no response)",0.6576607499574779
2024,Married,NA,15,1,Pretty happy,Working full time,"Independent, close to republican",2.865872832047411
2024,Never married,26,15,0,Not too happy,Working full time,"Independent (neither, no response)",2.0754164388735368
2024,Divorced,NA,15,NA,Not too happy,Working full time,"Independent (neither, no response)",1.5294246730579668
2024,Married,27,15,1,Very happy,In school,"Independent (neither, no response)",1.5545300568772984
2024,Separated,60,13,2,Pretty happy,Working full time,"Independent, close to democrat",0.7529134974079164
2024,Married,25,17,0,Pretty happy,Working full time,"Independent (neither, no response)",2.8473082039785673
2024,Married,32,15,1,Pretty happy,Working full time,"Independent, close to republican",0.9057945744868058
2024,Married,48,12,4,NA,Working full time,Other party,1.7605642223589713
2024,Widowed,85,12,2,Pretty happy,Retired,"Independent (neither, no response)",1.3445477213045565
2024,Married,45,14,1,Pretty happy,Working full time,"Independent (neither, no response)",2.1525934369689463
2024,Married,NA,20,1,Pretty happy,Retired,Not very strong democrat,0.7611963704979571
2024,Married,64,17,0,Very happy,Retired,Strong democrat,3.301939870240426
2024,Never married,73,12,0,Pretty happy,Retired,"Independent (neither, no response)",0.46968389480897066
2024,Never married,69,16,0,Pretty happy,Working full time,Strong democrat,0.7304889041509468
2024,Never married,NA,12,0,Pretty happy,Retired,Not very strong democrat,0.46968389480897066
2024,Married,65,14,2,Pretty happy,Working full time,Strong democrat,1.583113504914779
2024,Married,58,14,3,Pretty happy,Working full time,"Independent (neither, no response)",1.924474140291134
2024,Never married,NA,20,0,Not too happy,Retired,"Independent, close to democrat",1.352875781277771
2024,Married,73,16,2,Pretty happy,Retired,"Independent, close to democrat",0.4667890171473649
2024,Divorced,63,13,2,Pretty happy,Working full time,Strong democrat,0.42633726204151784
2024,Married,NA,NA,2,Pretty happy,Working full time,"Independent (neither, no response)",1.9235341484144115
2024,Never married,30,16,0,Not too happy,Working full time,"Independent (neither, no response)",1.2042229354637226
2024,Never married,21,15,0,Pretty happy,In school,Not very strong democrat,0.915623602048916
2024,Never married,37,16,0,Pretty happy,"Unemployed, laid off, looking for work","Independent (neither, no response)",0.3197673359398724
2024,Never married,21,15,0,Pretty happy,In school,Other party,2.037766006397715
2024,Divorced,63,20,3,Very happy,In school,"Independent, close to republican",0.3840224708248779
2024,Never married,23,13,0,Not too happy,In school,"Independent, close to republican",0.4259206676124755
2024,Never married,NA,12,0,Pretty happy,In school,Strong republican,1.5181767521362004
2024,Married,24,14,0,Not too happy,"With a job, but not at work because of temporary illness, vacation, strike","Independent, close to republican",0.47853515124526486
2024,Never married,24,14,0,Not too happy,Working part time,Not very strong democrat,0.3853264536566728
2024,Married,28,15,0,Very happy,Working full time,Not very strong republican,2.658761603102374
2024,Never married,19,12,0,Pretty happy,In school,Strong republican,0.36676573895762055
2024,Married,46,13,4,Very happy,Working full time,"Independent (neither, no response)",3.330752767590354
2024,Married,54,18,2,Very happy,Working full time,Strong democrat,1.2141709260469795
2024,Married,52,12,5,Pretty happy,Working part time,Strong republican,0.7586123217519556
2024,Never married,72,13,0,Pretty happy,Retired,Strong republican,1.5181767521362004
2024,Never married,64,16,0,Pretty happy,Retired,Not very strong republican,0.29863079933398373
2024,Never married,63,16,0,Pretty happy,Working part time,Strong democrat,0.6146339911108752
2024,Never married,31,14,1,Pretty happy,Working full time,"Independent (neither, no response)",0.3104019518712461
2024,Married,51,18,2,Pretty happy,Working full time,Not very strong democrat,2.965265030611264
2024,Never married,47,17,1,Pretty happy,Retired,Strong democrat,0.26843764452022795
2024,Never married,24,12,2,Very happy,Working full time,"Independent (neither, no response)",0.4259206676124755
2024,Separated,80,12,4,Pretty happy,Retired,"Independent, close to democrat",1.5181767521362004
2024,Widowed,71,12,3,Not too happy,Keeping house,Strong republican,0.31081978406905114
2024,Divorced,71,15,2,Not too happy,Working full time,Strong republican,0.31081978406905114
2024,Never married,36,12,0,Pretty happy,Working full time,Not very strong republican,0.36149664292352585
2024,Never married,41,11,1,Not too happy,Working full time,Not very strong republican,0.3354389409044979
2024,Married,29,12,3,Pretty happy,Working part time,Not very strong republican,0.9570703024905296
2024,Married,32,18,1,Pretty happy,Working full time,"Independent (neither, no response)",0.631680330103404
2024,Divorced,70,18,3,Pretty happy,Working full time,Strong republican,0.27494035215755175
2024,Widowed,76,12,1,Not too happy,Retired,"Independent (neither, no response)",3.036353504272401
2024,Married,76,10,5,Pretty happy,Working part time,Not very strong democrat,0.6422641056752206
2024,Married,47,9,1,Not too happy,Keeping house,Strong republican,1.5323160822983102
2024,Divorced,85,13,2,Pretty happy,Keeping house,Other party,0.35355788351529865
2024,Never married,24,11,NA,NA,"Unemployed, laid off, looking for work","Independent (neither, no response)",0.4924593023675698
2024,Never married,18,12,0,Not too happy,In school,"Independent (neither, no response)",6.241136075944927
2024,Married,39,16,3,Not too happy,In school,"Independent (neither, no response)",0.2473719842051495
2024,Divorced,65,13,2,Very happy,Working full time,"Independent, close to democrat",0.9802492340951542
2024,Widowed,65,13,3,Very happy,Other,Not very strong republican,0.5295271131668658
2024,Never married,50,12,2,Pretty happy,Other,"Independent, close to republican",2.3006168986562057
2024,Widowed,86,12,5,Pretty happy,Other,"Independent (neither, no response)",0.5295271131668658
2024,Married,42,20,1,Not too happy,Working full time,Strong democrat,2.7740971658311016
2024,Divorced,67,12,1,Not too happy,Retired,Not very strong republican,1.293218440459913
2024,Never married,22,14,0,Pretty happy,Working full time,Not very strong democrat,1.4174583409869523
2024,Divorced,62,14,2,Pretty happy,Working part time,Not very strong republican,1.5977906371345472
2024,Never married,25,17,0,Very happy,Working full time,"Independent, close to republican",5.34927475120924
2024,Married,37,12,2,Very happy,Keeping house,Not very strong republican,1.216597923946323
2024,Married,89,12,4,Not too happy,Retired,"Independent (neither, no response)",1.0600792986976624
2024,Married,35,18,2,Pretty happy,Keeping house,"Independent (neither, no response)",2.825002631615323
2024,Never married,77,20,1,Very happy,Keeping house,Strong democrat,6.576378147108477
2024,Married,68,18,1,Pretty happy,Retired,Strong republican,1.197250505793159
2024,Married,NA,13,2,Very happy,Working full time,Not very strong republican,4.039273613220366
2024,Married,64,14,2,Very happy,Working full time,Strong republican,1.4701150077078275
2024,Married,56,16,3,Pretty happy,Working part time,Not very strong democrat,2.5291204702002066
2024,Never married,31,14,3,Very happy,Working full time,Strong republican,1.4073267616403504
2024,Never married,38,12,0,Not too happy,Retired,"Independent, close to republican",1.5040681087700571
2024,Never married,53,12,7,Pretty happy,"With a job, but not at work because of temporary illness, vacation, strike",Other party,1.7254626739921572
2024,Never married,30,12,0,Not too happy,Keeping house,"Independent (neither, no response)",0.2777705438898001
2024,Divorced,72,16,2,Very happy,Retired,Strong democrat,0.2112615224817242
2024,Married,38,16,2,Not too happy,Keeping house,Not very strong republican,0.4853770907477823
2024,Never married,29,18,0,Not too happy,Working full time,Strong democrat,1.1579783953038707
2024,Married,36,18,5,Not too happy,Keeping house,Strong republican,0.7280656361216749
2024,Married,39,16,2,Very happy,Keeping house,Strong democrat,0.4740796574274121
2024,Married,59,12,3,Very happy,Other,Strong republican,0.5829104124187457
2024,Never married,68,10,3,Not too happy,Retired,"Independent (neither, no response)",0.23778926869034364
2024,Never married,38,10,1,Pretty happy,Working part time,"Independent (neither, no response)",0.6959956842015629
2024,Married,55,13,4,Pretty happy,Keeping house,"Independent (neither, no response)",0.5829104124187457
2024,Married,39,12,4,Pretty happy,Keeping house,"Independent, close to republican",0.5487182996399101
2024,Married,60,13,2,Not too happy,Retired,Strong democrat,0.8564558662663944
2024,Married,43,9,0,Not too happy,Working full time,"Independent (neither, no response)",0.8830627059539489
2024,Divorced,34,16,6,Very happy,Working full time,"Independent (neither, no response)",0.6847259490970243
2024,Never married,26,12,0,Not too happy,Working full time,"Independent, close to republican",0.3205697595300217
2024,Never married,66,12,2,Not too happy,Retired,Strong republican,0.23883093290809587
2024,Never married,65,12,2,Pretty happy,"Unemployed, laid off, looking for work","Independent, close to democrat",0.6696888120257377
2024,Never married,42,15,4,Not too happy,Keeping house,Strong democrat,2.1620177337301025
2024,Separated,53,9,2,Very happy,Working full time,Strong republican,0.27134912727169036
2024,Never married,24,13,1,Pretty happy,In school,Not very strong democrat,0.29608114128458013
2024,Never married,38,12,3,Pretty happy,Working part time,Not very strong republican,0.22091969200858025
2024,Never married,19,12,0,Pretty happy,"Unemployed, laid off, looking for work","Independent (neither, no response)",2.0817812863090253
2024,Separated,69,16,3,Pretty happy,Keeping house,Strong democrat,0.671915832567173
2024,Married,56,14,2,Pretty happy,"Unemployed, laid off, looking for work",Strong republican,1.0795583274910403
2024,Never married,27,12,3,Pretty happy,Working part time,Not very strong democrat,0.29608114128458013
2024,Never married,21,12,0,Pretty happy,Working full time,Not very strong republican,2.424459452542003
2024,Married,79,11,2,Very happy,Retired,Strong democrat,0.9156907583652102
2024,Widowed,NA,14,2,Pretty happy,Retired,"Independent (neither, no response)",0.7951640581256392
2024,Married,66,16,4,Very happy,Working full time,Strong democrat,3.5167364372046124
2024,Never married,36,12,0,Pretty happy,Working full time,"Independent (neither, no response)",0.883447321915882
2024,Married,39,12,2,Pretty happy,Working full time,"Independent (neither, no response)",0.6241677351648276
2024,Divorced,NA,12,4,Very happy,Retired,"Independent (neither, no response)",0.23883093290809587
2024,Never married,77,16,2,Not too happy,Retired,Strong republican,0.8846365307270242
2024,Widowed,67,16,4,Not too happy,Retired,Strong democrat,0.7617718405630606
2024,Divorced,57,14,2,Pretty happy,Working full time,"Independent (neither, no response)",0.39926974325634457
2024,Married,74,14,1,Pretty happy,Retired,Not very strong republican,0.796652124307441
2024,Separated,60,12,3,Not too happy,Working full time,"Independent (neither, no response)",1.1204952426782733
2024,Married,34,14,2,Very happy,Working full time,Strong republican,0.5430267233787074
2024,Married,68,18,2,Pretty happy,Working full time,Strong democrat,0.4130051038628528
2024,Widowed,45,14,0,Very happy,Working full time,"Independent (neither, no response)",0.5792907398468234
2024,Never married,28,12,3,Very happy,Working full time,Strong republican,2.781468850754787
2024,Divorced,53,16,2,Very happy,Working full time,Strong republican,0.4541698199817584
2024,Widowed,82,12,2,Pretty happy,Retired,Strong republican,0.23635366092888097
2024,Married,26,12,1,Pretty happy,Working full time,"Independent (neither, no response)",3.554767508971091
2024,Married,69,16,4,Very happy,Retired,Not very strong republican,2.017293555093915
2024,Married,26,12,2,Not too happy,Working full time,"Independent (neither, no response)",0.710836247654496
2024,Married,65,12,3,Pretty happy,Retired,Strong republican,2.5941264502321872
2024,Separated,35,16,3,Pretty happy,Working full time,Strong democrat,0.4248975249136597
2024,Married,48,18,0,Pretty happy,Working full time,Strong democrat,0.4211789331196959
2024,Never married,28,12,1,Pretty happy,Working full time,"Independent (neither, no response)",0.5694564525309208
2024,Married,50,17,3,Very happy,Retired,Strong republican,0.4485920066942453
2024,Never married,43,13,1,Pretty happy,Working part time,"Independent, close to democrat",0.9628909339481694
2024,Married,44,12,3,Pretty happy,Working full time,Strong republican,0.5038838189474618
2024,Married,29,14,2,Pretty happy,Keeping house,Other party,0.6398020813759051
2024,Married,50,13,2,Very happy,Working part time,Not very strong democrat,0.6881974682005266
2024,Married,48,17,3,Pretty happy,"With a job, but not at work because of temporary illness, vacation, strike",Not very strong democrat,0.3918396423535348
2024,Never married,23,13,0,Pretty happy,Working part time,"Independent, close to democrat",0.8366882954271188
2024,Never married,32,14,1,Pretty happy,Working full time,"Independent (neither, no response)",1.180374337761726
2024,Never married,25,16,0,Not too happy,Working full time,Other party,0.2864918183692095
2024,Separated,48,14,8,Pretty happy,Working full time,"Independent (neither, no response)",0.1971348538638188
2024,Never married,31,12,1,Not too happy,Working full time,Strong republican,2.07538122547831
2024,Divorced,27,12,0,Not too happy,Working full time,Not very strong republican,0.27889609847570596
2024,Married,57,18,0,Pretty happy,Working full time,Strong republican,0.4485920066942453
2024,Divorced,64,16,1,Pretty happy,Other,"Independent (neither, no response)",0.19963487162817228
2024,Divorced,65,14,2,Pretty happy,Working full time,"Independent, close to democrat",2.7545173394709326
2024,Divorced,47,12,3,Pretty happy,Keeping house,Strong democrat,0.17834606279445744
2024,Divorced,63,16,3,Pretty happy,Working full time,"Independent (neither, no response)",2.2047038104316385
2024,Widowed,72,16,2,Very happy,Retired,"Independent, close to republican",0.4066123255173185
2024,Never married,34,11,4,Very happy,Working full time,"Independent (neither, no response)",0.4912763211741346
2024,Divorced,39,17,1,Very happy,Working full time,Not very strong democrat,0.21862820423517584
2024,Married,19,14,6,Pretty happy,Working full time,"Independent (neither, no response)",0.3292059188755339
2024,Never married,33,12,2,Pretty happy,Working full time,"Independent (neither, no response)",0.20750389428401628
2024,Married,81,10,3,Pretty happy,Retired,"Independent (neither, no response)",0.5398426831047586
2024,Married,58,16,1,Pretty happy,Working full time,Not very strong democrat,0.6863441770683179
2024,Married,28,12,3,Pretty happy,Working full time,NA,3.097465748155647
2024,Widowed,84,12,6,Pretty happy,Retired,Strong republican,1.005938260227803
2024,Never married,72,12,0,Very happy,Retired,Not very strong republican,0.20594803101210477
2024,Never married,60,10,0,Not too happy,Retired,"Independent, close to democrat",0.2526198269792668
2024,Never married,NA,12,0,Pretty happy,Working part time,"Independent (neither, no response)",0.4211447420567255
2024,Divorced,75,12,4,Not too happy,Retired,"Independent, close to republican",0.2342661364908697
2024,Married,34,18,0,Pretty happy,Working full time,Not very strong democrat,2.04437247837215
2024,Never married,68,20,0,Pretty happy,Retired,Strong democrat,0.20722366260662375
2024,Divorced,47,12,2,Not too happy,"Unemployed, laid off, looking for work",Other party,0.2222605926163305
2024,Never married,25,14,0,Not too happy,"Unemployed, laid off, looking for work","Independent (neither, no response)",4.70396966590965
2024,Married,51,14,1,Very happy,Working full time,Not very strong republican,0.5026536982974924
2024,Married,67,18,2,Pretty happy,Retired,"Independent (neither, no response)",2.2744068451031456
2024,Married,35,12,3,Pretty happy,Working full time,"Independent (neither, no response)",0.47316924995907433
2024,Never married,42,12,0,Very happy,Working full time,"Independent (neither, no response)",0.444521185232661
2024,Divorced,75,14,2,Pretty happy,Retired,"Independent, close to republican",0.2342661364908697
2024,Separated,37,12,0,Very happy,Working full time,"Independent, close to republican",1.0828922726511223
2024,Married,57,12,2,Very happy,Working full time,Strong republican,0.5026536982974924
2024,Married,41,20,2,Pretty happy,Working full time,"Independent, close to republican",0.3883788335554831
2024,Widowed,74,14,2,Pretty happy,Retired,Not very strong republican,0.2342661364908697
2024,Married,66,12,2,Very happy,Retired,"Independent, close to republican",0.5264106186051563
2024,Widowed,73,13,4,Not too happy,Retired,Not very strong republican,4.023753040911212
2024,Never married,41,15,0,Pretty happy,Working full time,Other party,0.2222605926163305
2024,Widowed,68,12,5,Pretty happy,Retired,Strong republican,0.41189606202420953
2024,Married,60,12,3,Pretty happy,Working part time,Strong republican,1.1435383898968126
2024,Widowed,71,18,3,Not too happy,Retired,Strong democrat,0.18217445309093705
2024,Married,30,12,2,Pretty happy,Keeping house,Not very strong republican,0.47316924995907433
2024,Married,62,18,6,Very happy,"With a job, but not at work because of temporary illness, vacation, strike","Independent, close to democrat",0.6669449239072855
2024,Married,78,16,0,Pretty happy,Working part time,Not very strong democrat,0.46564449329461904
2024,Married,64,18,4,Pretty happy,Working full time,"Independent (neither, no response)",0.4446299492715235
2024,Married,58,12,3,Very happy,Working full time,Strong republican,2.79276527380077
2024,Married,72,13,1,Not too happy,Retired,Strong republican,2.2604060056531123
2024,Never married,64,12,0,Pretty happy,Other,Strong democrat,0.22737542103609107
2024,Never married,70,12,0,Very happy,Retired,NA,0.20594803101210477
2024,Widowed,84,7,6,Pretty happy,Retired,NA,1.022494749344709
2024,Divorced,73,16,2,Not too happy,Retired,"Independent, close to republican",0.18217445309093705
2024,Married,55,12,2,Pretty happy,Keeping house,Not very strong republican,2.455175629878831
2024,Never married,73,12,0,Pretty happy,Retired,Strong republican,0.41189606202420953
2024,Married,68,14,2,Very happy,Keeping house,Not very strong republican,0.6771913240750937
2024,Married,71,16,2,Pretty happy,Retired,Strong republican,0.5990198522172653
2024,Married,80,20,2,Pretty happy,Retired,Not very strong republican,0.681385812579203
2024,Married,40,20,1,Pretty happy,Working full time,Strong democrat,0.5683216077964592
2024,Married,42,20,5,Pretty happy,Working full time,"Independent, close to republican",0.6464665221049403
2024,Married,80,16,3,Very happy,Keeping house,"Independent, close to democrat",2.9258691380542214
2024,Divorced,66,17,0,Pretty happy,Retired,Not very strong democrat,0.6027347836431151
2024,Married,61,16,0,Very happy,Retired,"Independent (neither, no response)",0.6506348590913921
2024,Never married,NA,16,1,Pretty happy,Working full time,Other party,0.22881218767190353
2024,Divorced,63,8,3,Not too happy,Retired,Not very strong republican,0.37847221565525807
2024,Never married,25,12,0,Very happy,"Unemployed, laid off, looking for work","Independent (neither, no response)",1.409254549182652
2024,Widowed,75,12,2,Not too happy,Retired,Strong republican,0.30136739182155753
2024,Never married,26,12,1,Pretty happy,Working full time,"Independent, close to democrat",0.3736082266647597
2024,Married,49,16,2,Pretty happy,Working part time,Not very strong republican,1.387962891869154
2024,Widowed,69,16,2,Very happy,Retired,"Independent, close to democrat",0.26657909529277024
2024,Married,69,12,2,Very happy,Retired,Strong republican,0.6771913240750937
2024,Married,65,12,2,Very happy,Retired,Strong republican,0.6771913240750937
2024,Married,40,14,2,Pretty happy,Working full time,Not very strong republican,0.6424869904721972
2024,Divorced,66,13,3,Pretty happy,Working full time,Not very strong democrat,0.30136739182155753
2024,Divorced,48,12,3,Pretty happy,Working full time,"Independent (neither, no response)",0.28592307921596594
2024,Never married,27,17,0,Pretty happy,Working full time,"Independent (neither, no response)",0.8501254432445609
2024,Married,67,12,1,Pretty happy,Working full time,"Independent, close to democrat",0.7703059571707396
2024,Married,66,14,2,Pretty happy,Retired,Strong democrat,0.6126486719126268
2024,Married,82,20,5,Very happy,Retired,Not very strong republican,4.992269570250548
2024,Married,54,19,2,Very happy,Working part time,Not very strong republican,0.7400979458583073
2024,Never married,67,20,2,Not too happy,Retired,Strong democrat,1.3020863079586789
2024,Never married,59,12,0,Pretty happy,Retired,"Independent, close to republican",0.4002234316859054
2024,Never married,38,14,0,Pretty happy,Working full time,"Independent, close to democrat",0.6846898902586716
2024,Divorced,38,14,3,Pretty happy,Working full time,"Independent (neither, no response)",0.30813427025563067
2024,Married,NA,14,4,Pretty happy,Working full time,"Independent (neither, no response)",0.7703059571707396
2024,Married,74,16,0,Pretty happy,Working full time,"Independent, close to democrat",3.3281797135003623
2024,Divorced,60,18,4,Not too happy,Retired,Not very strong democrat,0.2895490883324075
2024,Married,85,12,2,Very happy,Retired,"Independent, close to republican",0.7703059571707396
2024,Married,49,17,1,Pretty happy,Retired,"Independent, close to republican",0.5683216077964592
2024,Married,32,14,1,Very happy,Working full time,"Independent (neither, no response)",1.0536210550413845
2024,Never married,32,10,0,Not too happy,"Unemployed, laid off, looking for work","Independent, close to republican",0.41899342098019554
2024,Never married,32,10,2,Not too happy,Working full time,"Independent, close to republican",0.45563526801487886
2024,Married,53,20,3,Pretty happy,Working full time,Strong republican,2.405219225988642
2024,Married,78,18,2,Pretty happy,Retired,Strong republican,1.007558838160059
2024,Never married,27,12,0,Pretty happy,Working full time,"Independent (neither, no response)",1.885241045311068
2024,Never married,28,12,1,Not too happy,Working full time,"Independent (neither, no response)",1.2568273635407117
2024,Divorced,61,13,2,Not too happy,Keeping house,Not very strong democrat,1.7515793002917412
2024,Never married,66,16,1,Pretty happy,Retired,Strong republican,0.4483893522672842
2024,Married,48,20,0,Pretty happy,Working full time,"Independent, close to democrat",1.1956071600500062
2024,Divorced,65,10,1,Very happy,Other,Strong democrat,0.4661388835997948
2024,Never married,23,13,1,Pretty happy,"With a job, but not at work because of temporary illness, vacation, strike","Independent (neither, no response)",1.1049019918994274
2024,Never married,NA,NA,0,Not too happy,Working full time,"Independent, close to republican",0.6207023788824921
2024,Married,55,12,0,Pretty happy,Working full time,"Independent (neither, no response)",1.1192750162155782
2024,Married,70,10,4,Pretty happy,Keeping house,Strong republican,1.0178375660249794
2024,Never married,24,14,2,Not too happy,Keeping house,Strong democrat,2.083851542009032
2024,Married,76,12,2,Pretty happy,Retired,Strong republican,1.0013564871779062
2024,Separated,48,11,0,Not too happy,Keeping house,"Independent, close to democrat",0.9394646761137616
2024,Married,62,14,1,Pretty happy,Working full time,Strong democrat,1.4759654716012995
2024,Married,47,16,1,Pretty happy,Working full time,"Independent (neither, no response)",4.885685821382783
2024,Married,75,6,2,Pretty happy,Retired,Strong democrat,0.4604140741906763
2024,Married,20,15,0,Very happy,In school,Strong republican,2.0582590558753457
2024,Married,33,16,0,Very happy,Keeping house,Not very strong democrat,1.699099005000938
2024,Never married,63,12,0,Pretty happy,Retired,Not very strong republican,0.47411273194920833
2024,Married,71,13,0,Very happy,Retired,Strong democrat,0.5006782435889531
2024,Married,40,16,2,Pretty happy,Working full time,Not very strong republican,0.955924009418255
2024,Never married,57,16,2,Pretty happy,Working full time,"Independent (neither, no response)",0.7746930123777167
2024,Married,69,16,2,Pretty happy,Retired,Strong republican,0.8857650617207151
2024,Married,26,14,5,Pretty happy,Working full time,Not very strong republican,1.560848124476351
2024,Separated,32,10,2,Not too happy,Working full time,Not very strong republican,1.554857019447109
2024,Married,55,12,2,Very happy,Working full time,Strong democrat,1.1192750162155782
2024,Never married,38,15,2,Not too happy,Working full time,"Independent (neither, no response)",1.2366269261074367
2024,Married,69,13,3,Pretty happy,Retired,Strong republican,0.4431823168082069
2024,Widowed,43,16,0,Pretty happy,Working full time,Strong democrat,0.7880439272248533
2024,Widowed,54,18,2,Pretty happy,Retired,Strong republican,0.9255649973942468
2024,Divorced,49,12,1,Pretty happy,"With a job, but not at work because of temporary illness, vacation, strike",Strong republican,1.7027939887848926
2024,Never married,28,16,0,Very happy,Working full time,Not very strong republican,1.4277133160029831
2024,Widowed,76,17,3,Not too happy,Working full time,Not very strong democrat,0.9693099732237986
2024,Never married,36,17,0,Pretty happy,Working full time,"Independent, close to republican",1.2174299799092143
2024,Married,75,12,2,Pretty happy,Retired,Strong republican,1.0082408519227732
2024,Divorced,72,14,3,Very happy,Retired,Not very strong democrat,1.035474119661462
2024,Married,67,14,3,Very happy,Working part time,Strong republican,0.8863646336164138
2024,Never married,21,11,0,Not too happy,Working full time,"Independent (neither, no response)",1.5263097240109165
2024,Married,23,12,0,Pretty happy,Working full time,Strong republican,2.9055481861724566
2024,Never married,36,9,3,Pretty happy,Working full time,"Independent (neither, no response)",3.0035560285290877
2024,Divorced,64,12,0,Not too happy,Retired,Strong democrat,0.3876086999567595
2024,Married,62,12,2,Very happy,Retired,Strong republican,1.09511670137942
2024,Never married,47,16,1,Pretty happy,Working full time,"Independent (neither, no response)",0.331039697286246
2024,Married,34,13,3,Pretty happy,Keeping house,Strong republican,1.0308798084335933
2024,Divorced,44,12,3,Not too happy,Other,"Independent (neither, no response)",0.9139741920570952
2024,Never married,29,13,2,Pretty happy,Working part time,"Independent, close to republican",1.0810539029162047
2024,Never married,45,12,2,Pretty happy,Working full time,"Independent (neither, no response)",1.18206589083728
2024,Divorced,31,10,3,Not too happy,"Unemployed, laid off, looking for work",Not very strong republican,0.4663185236159688
2024,Married,33,11,6,Not too happy,Working part time,Not very strong republican,2.2497259038758064
2024,Married,73,13,2,Very happy,Working part time,Strong republican,3.2470379532852016
2024,Never married,20,14,0,Pretty happy,"Unemployed, laid off, looking for work","Independent, close to democrat",1.583837619423394
2024,Married,58,16,2,Not too happy,Working part time,"Independent (neither, no response)",0.834161761687322
2024,Never married,39,12,2,Not too happy,Working full time,"Independent (neither, no response)",1.094330844111668
2024,Never married,29,18,0,Pretty happy,Working full time,"Independent (neither, no response)",0.5034048189223513
2024,Married,73,18,3,Pretty happy,Retired,Strong republican,0.8918547309256669
2024,Married,42,14,2,Pretty happy,Working full time,Not very strong republican,0.8237155946146328
2024,Never married,27,17,0,Pretty happy,Working full time,"Independent, close to republican",1.3282589206972517
2024,Never married,37,20,0,Pretty happy,Working full time,"Independent (neither, no response)",0.8966161046980015
2024,Divorced,27,14,2,Very happy,Working full time,Other party,0.8650564277749575
2024,Married,34,16,2,Very happy,Working full time,Strong republican,0.437844376125089
2024,Never married,35,14,1,Pretty happy,Working part time,"Independent (neither, no response)",0.9958795537306344
2024,Married,57,13,3,Very happy,Working full time,"Independent (neither, no response)",1.7829352622220374
2024,Widowed,80,12,4,Not too happy,Retired,"Independent, close to democrat",0.21898826185260156
2024,Divorced,NA,12,2,Very happy,Other,"Independent (neither, no response)",0.6716345106613617
2024,Married,65,20,1,Pretty happy,Retired,Not very strong republican,0.4871109627447933
2024,Married,24,12,2,Pretty happy,Working full time,"Independent (neither, no response)",1.8429002137602315
2024,Married,50,13,0,Pretty happy,Working full time,Strong republican,0.5842062942075795
2024,Married,64,12,1,Pretty happy,Working full time,Strong democrat,0.5258263126285987
2024,Married,61,16,0,Pretty happy,Working full time,"Independent, close to democrat",0.4651276365847302
2024,Divorced,61,9,3,Not too happy,Working full time,"Independent (neither, no response)",0.23785755407895592
2024,Widowed,54,12,1,Very happy,Other,"Independent (neither, no response)",0.23400610544510675
2024,Divorced,52,20,3,Very happy,Working full time,Not very strong republican,0.987512831271486
2024,Widowed,79,12,2,Pretty happy,Retired,Not very strong democrat,0.21544234948834143
2024,Married,48,16,3,Pretty happy,Working full time,Strong republican,0.46214776438159594
2024,Separated,61,12,1,Pretty happy,"Unemployed, laid off, looking for work",Not very strong republican,0.2661822303835382
2024,Married,81,13,2,Pretty happy,Retired,Not very strong democrat,2.0173117556586933
2024,Married,59,18,3,Very happy,Retired,Strong republican,0.7936248809639949
2024,Never married,22,12,0,Pretty happy,Working full time,"Independent (neither, no response)",0.7209992674186334
2024,Divorced,54,20,2,Not too happy,Working full time,Other party,0.23545552732085448
2024,Married,37,16,0,Pretty happy,Working full time,"Independent (neither, no response)",0.4980485119231404
2024,Divorced,43,18,2,Very happy,Working full time,Strong republican,0.20566752915517408
2024,Never married,26,18,0,Pretty happy,"With a job, but not at work because of temporary illness, vacation, strike",Not very strong democrat,0.26114455014607163
2024,Divorced,48,16,2,Pretty happy,Working full time,Strong republican,0.20566752915517408
2024,Married,39,14,2,Pretty happy,Working full time,Not very strong republican,0.4949826148657264
2024,Married,32,18,4,Pretty happy,Working full time,"Independent, close to republican",1.2163409650747357
2024,Married,86,13,3,Not too happy,Retired,"Independent (neither, no response)",2.0173117556586933
2024,Widowed,62,20,2,Pretty happy,Retired,"Independent (neither, no response)",0.20699364820291405
2024,Divorced,60,14,2,Very happy,Working full time,"Independent (neither, no response)",0.4234062800972724
2024,Never married,50,17,0,Very happy,Working full time,"Independent, close to republican",0.5750327457615729
2024,Never married,35,15,0,Pretty happy,Working part time,Other party,0.25056862553604514
2024,Married,49,10,4,Pretty happy,Working full time,"Independent (neither, no response)",0.516415377507535
2024,Married,48,12,3,Very happy,Working full time,Strong democrat,0.508053451362696
2024,Widowed,89,6,8,Not too happy,Keeping house,Strong democrat,0.9676863830715297
2024,Never married,57,12,0,Pretty happy,Working full time,Strong republican,0.23400610544510675
2024,Widowed,72,15,8,Pretty happy,"With a job, but not at work because of temporary illness, vacation, strike","Independent, close to democrat",1.4280260469654644
2024,Married,71,16,2,Pretty happy,Retired,Strong democrat,0.38741474296236333
2024,Married,71,12,1,Pretty happy,Retired,Not very strong republican,0.5506784401412415
2024,Never married,29,14,0,Pretty happy,Keeping house,Not very strong democrat,1.304562618953519
2024,Married,64,14,1,Not too happy,Working part time,Strong republican,0.5293079312368394
2024,Never married,34,19,0,Very happy,Working full time,Not very strong republican,0.1724323971437329
2024,Widowed,80,16,8,Pretty happy,Retired,Strong republican,0.1918346233527504
2024,Married,56,18,4,Pretty happy,Working full time,Not very strong democrat,0.3723801063928786
2024,Never married,19,13,0,Not too happy,Working part time,Strong republican,0.5616342922275078
2024,Divorced,48,9,3,Not too happy,Other,"Independent (neither, no response)",0.5426496159044238
2024,Divorced,34,13,1,Not too happy,"Unemployed, laid off, looking for work",Not very strong republican,0.2217383985478872
2024,Married,60,13,2,Not too happy,Working full time,NA,1.7046352946552992
2024,Never married,53,13,4,Not too happy,Keeping house,Not very strong republican,0.5290135953046513
2024,Married,65,9,3,Very happy,Retired,Strong democrat,0.44812808246711466
2024,Never married,40,NA,0,Pretty happy,Working full time,"Independent (neither, no response)",0.9241738367648532
2024,Married,40,12,5,Not too happy,"Unemployed, laid off, looking for work","Independent (neither, no response)",0.3677168084756293
2024,Married,73,11,4,Pretty happy,"Unemployed, laid off, looking for work","Independent (neither, no response)",0.3939583313567365
2024,Married,NA,14,2,Pretty happy,Retired,Not very strong democrat,1.0767034065683412
2024,Never married,24,12,1,Not too happy,Working full time,"Independent (neither, no response)",0.5377090305225201
2024,Never married,39,13,1,Pretty happy,Other,"Independent (neither, no response)",0.4899194757372544
2024,Separated,68,11,0,Pretty happy,Retired,Strong democrat,0.5259644826497526
2024,Divorced,73,12,2,Not too happy,Retired,Strong republican,0.18186487217539796
2024,Divorced,56,12,0,Not too happy,Retired,"Independent, close to republican",0.21310487589584315
2024,Married,71,12,4,Pretty happy,Retired,Not very strong democrat,1.0767034065683412
2024,Married,56,14,1,Pretty happy,Working full time,Strong democrat,0.4209753255655962
2024,Married,66,17,4,Pretty happy,Working full time,Strong democrat,0.5849698594473889
2024,Divorced,29,16,2,Pretty happy,Working full time,"Independent, close to democrat",0.5105978484956021
2024,Never married,71,12,3,Pretty happy,Retired,"Independent (neither, no response)",0.3449652900140488
2024,Married,49,12,4,Pretty happy,Keeping house,"Independent (neither, no response)",0.8980430761019347
2024,Widowed,78,15,2,Pretty happy,Retired,Not very strong democrat,0.3449652900140488
2024,Married,59,13,2,Very happy,Retired,"Independent (neither, no response)",0.4788599463349153
2024,Never married,39,14,0,Very happy,Working full time,"Independent (neither, no response)",0.4899194757372544
2024,Never married,35,13,0,Pretty happy,"With a job, but not at work because of temporary illness, vacation, strike","Independent, close to democrat",0.1763555560200415
2024,Widowed,52,12,3,Pretty happy,Keeping house,Strong democrat,0.18734474494369935
2024,Never married,53,15,8,NA,Working full time,"Independent (neither, no response)",0.57527693565275
2024,Married,70,18,4,Pretty happy,Retired,Not very strong republican,0.431064362360133
2024,Never married,27,15,0,Pretty happy,Working full time,Strong democrat,0.26885451526126003
2024,Divorced,55,11,8,Not too happy,Keeping house,Not very strong democrat,0.5204476756860233
2024,Married,67,14,4,Very happy,Retired,"Independent, close to republican",0.4284108076792573
2024,Never married,41,12,2,Not too happy,Working full time,"Independent, close to republican",0.3996520480499201
2024,Never married,28,12,6,Pretty happy,Other,"Independent (neither, no response)",0.5772303402178718
2024,Married,75,12,3,Pretty happy,Retired,"Independent, close to democrat",0.3875792601392052
2024,Never married,18,12,0,Pretty happy,In school,Not very strong democrat,0.4727107287136957
2024,Never married,22,14,0,Pretty happy,Working full time,Other party,0.5772303402178718
2024,Never married,49,14,1,Pretty happy,Working full time,"Independent, close to democrat",0.1636433479867779
2024,Never married,23,13,1,Pretty happy,Working full time,Strong democrat,0.23635536435684784
2024,Never married,40,13,2,Not too happy,"Unemployed, laid off, looking for work",Not very strong democrat,0.18614450794647391
2024,Divorced,67,12,0,Pretty happy,Retired,"Independent, close to democrat",0.1794773507682136
2024,Widowed,79,14,0,Not too happy,Retired,Strong democrat,0.5054642477495976
2024,Married,71,16,0,Pretty happy,Keeping house,Not very strong republican,0.30854106588775343
2024,Married,71,18,2,Very happy,Working part time,Strong democrat,0.30854106588775343
2024,Divorced,70,17,2,Pretty happy,Retired,"Independent (neither, no response)",0.156188739723501
2024,Divorced,56,NA,3,Not too happy,"Unemployed, laid off, looking for work","Independent (neither, no response)",1.5879006226653405
2024,Divorced,74,10,4,Pretty happy,Keeping house,"Independent, close to republican",0.47334635157680727
2024,Never married,57,12,3,Not too happy,Other,"Independent (neither, no response)",0.1873216819359993
2024,Married,NA,6,4,Pretty happy,Retired,Not very strong democrat,1.3427369577989263
2024,Never married,27,12,0,Very happy,Keeping house,"Independent (neither, no response)",0.9678319209901012
2024,Separated,62,11,4,Pretty happy,Retired,"Independent, close to republican",0.1917856030892832
2024,Never married,26,12,2,Not too happy,Working full time,"Independent, close to republican",0.48391596049505065
2024,Separated,32,16,0,Pretty happy,Keeping house,Not very strong democrat,0.4571555704223093
2024,Married,66,11,1,Not too happy,Retired,Strong democrat,0.3648588519213428
2024,Never married,34,12,1,Pretty happy,Working full time,Not very strong democrat,0.9351134258405314
2024,Married,37,16,0,Pretty happy,Working full time,Strong democrat,0.31546902140464667
2024,Never married,46,18,0,Pretty happy,Working full time,Strong democrat,0.11785578726828576
2024,Never married,33,13,3,Not too happy,Keeping house,Strong democrat,0.14358592602628123
2024,Married,44,11,6,Pretty happy,Working part time,"Independent (neither, no response)",0.5986216818812296
2024,Divorced,63,12,1,Not too happy,Retired,"Independent (neither, no response)",0.15253315118601418
2024,Separated,37,14,2,Not too happy,Working full time,"Independent, close to democrat",0.32264988754467183
2024,Never married,40,16,1,Pretty happy,Working full time,Not very strong democrat,0.14727226701529375
2024,Married,32,14,0,Pretty happy,Working full time,"Independent, close to republican",0.6085132210343271
2024,Never married,70,16,NA,Pretty happy,"With a job, but not at work because of temporary illness, vacation, strike",Strong democrat,0.13411269681068902
2024,Divorced,72,16,1,Pretty happy,Retired,Strong democrat,0.4045017304467393
2024,Never married,66,11,2,Very happy,"Unemployed, laid off, looking for work",Strong democrat,0.4648151914808959
2024,Divorced,80,15,2,Pretty happy,Retired,Not very strong democrat,0.1597423250750688
2024,Never married,67,13,2,Pretty happy,Retired,Strong democrat,0.1597423250750688
2024,Never married,63,12,0,Pretty happy,Working full time,Not very strong democrat,0.15253315118601418
2024,Never married,38,12,0,Pretty happy,Keeping house,Not very strong democrat,0.5878764417349691
2024,Never married,52,20,0,Not too happy,Working full time,Strong democrat,0.16569823363234468
2024,Never married,53,17,0,Very happy,Retired,"Independent (neither, no response)",0.1491399392027256
2024,Widowed,46,16,0,Pretty happy,Other,Strong democrat,0.13027191649818043
2024,Never married,54,16,0,Pretty happy,Working full time,"Independent (neither, no response)",0.2121831879956584
2024,Never married,29,16,0,Pretty happy,Working full time,Strong democrat,0.1702229139409289
2024,Never married,56,6,0,Not too happy,Keeping house,Not very strong democrat,0.17137753482884455
2024,Never married,50,18,0,Pretty happy,Retired,Not very strong democrat,0.48564216332728344
2024,Never married,19,12,0,Pretty happy,Working full time,Not very strong republican,0.2127100842062412
2024,Never married,32,18,0,Not too happy,In school,Other party,0.18053592418412256
2024,Never married,30,12,4,Pretty happy,"Unemployed, laid off, looking for work","Independent (neither, no response)",0.1336143754213289
2024,Never married,NA,3,0,Pretty happy,Working full time,Not very strong republican,0.2162110268917485
2024,Never married,22,11,0,Not too happy,"Unemployed, laid off, looking for work","Independent (neither, no response)",0.2162110268917485
2024,Never married,35,14,0,Not too happy,Working full time,"Independent (neither, no response)",0.36107184836824513
2024,Never married,76,18,0,Pretty happy,Retired,Strong republican,0.156188739723501
2024,Never married,19,14,0,Very happy,Working part time,"Independent (neither, no response)",0.4254201684124824
2024,Never married,33,12,0,Pretty happy,Working full time,Strong republican,0.18053592418412256
2024,Widowed,53,12,2,Pretty happy,Working full time,Strong democrat,1.6470538917515607
2024,Married,72,12,4,Very happy,Retired,"Independent, close to democrat",0.3967665181803408
2024,Never married,NA,19,NA,Pretty happy,In school,"Independent (neither, no response)",0.1491399392027256
2024,Never married,30,12,2,Pretty happy,Keeping house,Not very strong republican,0.15871273018633583
2024,Married,29,16,1,Pretty happy,Keeping house,"Independent (neither, no response)",1.7219502368401844
2024,Widowed,61,16,3,Pretty happy,Keeping house,Strong republican,0.1491399392027256
2024,Married,37,13,4,Very happy,Working full time,"Independent (neither, no response)",0.3566374027821074
2024,Never married,25,16,0,Very happy,Working full time,"Independent (neither, no response)",0.31678642007295305
2024,Widowed,57,12,5,Pretty happy,Working full time,Strong democrat,0.6275418050711693
2024,Divorced,81,12,0,Pretty happy,Retired,Not very strong republican,0.2888793876329058
2024,Married,74,18,2,Not too happy,Retired,Strong republican,0.504788717992677
2024,Divorced,70,15,2,Not too happy,Retired,"Independent, close to republican",0.28215555232707307
2024,Married,72,16,2,Pretty happy,Retired,Strong democrat,0.504788717992677
2024,Never married,45,12,0,Pretty happy,Working full time,Strong republican,0.27407505349128725
2024,Married,41,14,5,Pretty happy,Working full time,Strong republican,0.6158637377716478
2024,Married,31,13,2,Not too happy,Keeping house,"Independent (neither, no response)",1.8557438165627549
2024,Married,36,12,3,Pretty happy,Working full time,"Independent, close to republican",0.6637055110610153
2024,Never married,75,15,0,Very happy,Retired,Strong democrat,0.2888793876329058
2024,Divorced,66,14,4,Not too happy,Retired,Strong republican,0.2888793876329058
2024,Divorced,69,12,0,Pretty happy,Retired,Other party,0.2539596288825911
2024,Never married,NA,NA,NA,NA,Working full time,NA,0.5477124305632575
2024,Married,43,13,1,Pretty happy,Working full time,"Independent (neither, no response)",0.5414180899797687
2024,Never married,26,14,0,Pretty happy,Working full time,"Independent (neither, no response)",0.395855437608682
2024,Never married,33,14,3,Not too happy,Working full time,Not very strong republican,0.2596620173375052
2024,Married,59,16,0,Pretty happy,Retired,Strong republican,1.7853697631679386
2024,Divorced,61,14,1,Pretty happy,Working full time,"Independent (neither, no response)",0.27584225588068806
2024,Married,29,11,4,Pretty happy,Working full time,"Independent (neither, no response)",1.5897162932942204
2024,Never married,67,14,0,Not too happy,Retired,Not very strong democrat,0.9406736485255438
2024,Married,48,12,6,Not too happy,Working part time,"Independent (neither, no response)",0.6836997874983657
2024,Divorced,47,10,2,Not too happy,Keeping house,"Independent, close to republican",0.24094484359359347
2024,Married,76,12,5,Very happy,Retired,Not very strong republican,0.2853315620929082
2024,Married,44,17,2,Pretty happy,Working full time,"Independent, close to republican",0.756352134187735
2024,Married,23,13,0,Pretty happy,Working full time,"Independent (neither, no response)",0.8895118556664408
2024,Married,62,14,2,Very happy,Working full time,Not very strong republican,0.30991737587573676
2024,Married,34,12,2,Pretty happy,Working part time,"Independent (neither, no response)",1.899966642197322
2024,Widowed,83,16,2,Pretty happy,Retired,Strong democrat,0.7315043907930591
2024,Divorced,68,17,0,Not too happy,Retired,"Independent (neither, no response)",0.2246438398633877
2024,Married,43,20,3,Very happy,Working full time,Not very strong democrat,0.6985737002506005
2024,Married,36,16,1,Very happy,Working full time,Strong democrat,0.5870907718650372
2024,Never married,77,18,1,Not too happy,Retired,"Independent (neither, no response)",0.2032331857376187
2024,Married,47,16,2,Very happy,Working full time,Not very strong democrat,0.5447716060004273
2024,Divorced,45,14,1,Pretty happy,Other,"Independent (neither, no response)",0.24094484359359347
2024,Never married,48,14,7,Not too happy,Working full time,Strong democrat,0.2179805517051221
2024,Separated,36,16,2,Not too happy,Working full time,Not very strong republican,0.4467109851532668
2024,Married,64,14,3,Pretty happy,Retired,"Independent (neither, no response)",0.881846367647721
2024,Married,42,20,3,Pretty happy,Working full time,"Independent, close to democrat",1.7739316689522378
2024,Never married,32,16,0,Pretty happy,Working full time,Strong democrat,0.26127035062228776
2024,Married,63,13,3,Pretty happy,Working full time,"Independent (neither, no response)",0.9056951828177516
2024,Never married,26,11,5,Not too happy,Keeping house,Strong democrat,0.545874365263717
2024,Never married,29,12,4,Pretty happy,"Unemployed, laid off, looking for work","Independent (neither, no response)",0.42549939128846026
2024,Never married,32,11,5,Pretty happy,"Unemployed, laid off, looking for work","Independent (neither, no response)",0.33904118068959266
2024,Never married,39,12,4,Pretty happy,Working full time,Not very strong democrat,0.4140055306336274
2024,Never married,54,10,6,Very happy,"With a job, but not at work because of temporary illness, vacation, strike","Independent (neither, no response)",0.20152871524448773
2024,Divorced,73,13,2,Not too happy,Retired,Not very strong republican,0.18029714184545703
2024,Never married,45,13,5,Not too happy,Working part time,Not very strong democrat,0.30950801608313033
2024,Never married,30,14,1,Pretty happy,Working full time,Not very strong democrat,0.1667756708125116
2024,Never married,62,9,0,Pretty happy,Retired,"Independent (neither, no response)",1.088054144838512
2024,Widowed,81,13,3,Pretty happy,Retired,Strong democrat,0.3983571712807134
2024,Never married,74,8,2,Pretty happy,Retired,NA,0.16579778072033002
2024,Widowed,67,14,4,Pretty happy,Retired,Not very strong democrat,0.3983571712807134
2024,Never married,46,14,0,Pretty happy,Working full time,Strong republican,0.17105737173056473
2024,Divorced,59,12,4,Not too happy,Retired,NA,0.20152871524448773
2024,Divorced,74,12,6,Not too happy,Retired,"Independent (neither, no response)",0.18554139781546977
2024,Divorced,64,9,3,Not too happy,"Unemployed, laid off, looking for work","Independent (neither, no response)",0.5377354296543296
2024,Never married,21,14,0,Pretty happy,In school,Not very strong democrat,0.2810352350051046
2024,Divorced,65,14,1,Pretty happy,Working full time,"Independent, close to democrat",0.18029714184545703
2024,Married,64,16,4,Very happy,Working full time,"Independent, close to democrat",1.0813479671872828
2024,Married,NA,12,1,Very happy,Working full time,"Independent (neither, no response)",0.47119381611122846
2024,Never married,18,11,0,Pretty happy,Working part time,"Independent (neither, no response)",0.5620704700102092
2024,Never married,41,13,0,Pretty happy,Working full time,"Independent (neither, no response)",0.4299099172092225
2024,Widowed,78,16,3,Very happy,Keeping house,"Independent (neither, no response)",0.15948457020025944
2024,Divorced,58,12,3,Very happy,Working full time,"Independent, close to republican",0.4782650453041157
2024,Divorced,65,13,2,Not too happy,Retired,"Independent, close to democrat",0.18029714184545703
2024,Divorced,27,14,0,Not too happy,Working full time,Strong republican,0.2810352350051046
2024,Married,63,13,0,Very happy,Working full time,Not very strong republican,0.4400480290863268
2024,Never married,76,20,0,Pretty happy,Retired,Strong democrat,0.181413893141448
2024,Divorced,56,16,2,Very happy,Working part time,"Independent (neither, no response)",0.17322668101133504
2024,Never married,35,12,2,Pretty happy,Working full time,Strong republican,0.4193865052770251
2024,Divorced,42,11,2,Pretty happy,"Unemployed, laid off, looking for work","Independent (neither, no response)",0.1977804796829178
2024,Married,89,20,2,Not too happy,Retired,Not very strong republican,0.9955643944508944
2024,Never married,45,12,0,Very happy,Working full time,NA,0.4177586793914798
2024,Married,62,17,3,Pretty happy,Working full time,"Independent, close to democrat",0.4098265549974357
2024,Married,37,20,3,Pretty happy,Working full time,"Independent (neither, no response)",0.796482242726886
2024,Never married,43,15,1,Pretty happy,Working full time,"Independent, close to democrat",0.3891559379972562
2024,Widowed,69,16,3,Not too happy,Retired,"Independent (neither, no response)",0.15948457020025944
2024,Never married,22,12,0,Pretty happy,Working full time,"Independent (neither, no response)",0.5620704700102092
2024,Married,49,12,0,Very happy,Working full time,"Independent, close to republican",0.6405781146960962
2024,Divorced,65,16,3,Pretty happy,Retired,Strong republican,0.8861030384754425
2024,Divorced,41,12,3,Very happy,Working full time,"Independent (neither, no response)",0.36773084466392875
2024,Widowed,68,14,0,Pretty happy,Retired,"Independent, close to democrat",0.18029714184545703
2024,Married,34,16,0,Very happy,Working full time,"Independent (neither, no response)",0.4168016335385564
2024,Never married,22,14,0,Pretty happy,In school,"Independent (neither, no response)",0.6033823317327061
2024,Never married,61,12,0,Not too happy,Retired,Not very strong republican,0.4782650453041157
2024,Married,31,16,2,Pretty happy,Keeping house,Not very strong democrat,0.8282845147004781
2024,Married,83,12,3,Pretty happy,Retired,Not very strong republican,0.4051389218830091
2024,Never married,20,14,0,Pretty happy,Working full time,Other party,0.5620704700102092
2024,Married,75,13,3,Very happy,Working part time,Strong republican,0.9894358791068224
2024,Never married,29,12,3,Pretty happy,Working full time,Not very strong democrat,0.545874365263717
2024,Never married,37,15,3,Not too happy,"Unemployed, laid off, looking for work","Independent (neither, no response)",0.1587422860933504
2024,Divorced,81,15,6,Pretty happy,Retired,Strong democrat,0.3983571712807134
2024,Married,18,12,0,Pretty happy,In school,Not very strong republican,1.2729428511673475
2024,Married,79,18,3,Pretty happy,Retired,Strong republican,0.41085509860115776
2024,Never married,21,14,0,Very happy,Working full time,Not very strong republican,1.844659461804888
2024,Divorced,68,12,3,Pretty happy,Retired,Not very strong republican,0.7656283725066907
2024,Married,86,12,4,Pretty happy,Keeping house,"Independent (neither, no response)",0.5283366299380245
2024,Married,77,12,2,Pretty happy,Retired,Not very strong democrat,0.4644712645079556
2024,Never married,67,12,0,Pretty happy,Retired,"Independent, close to democrat",1.3461583322854795
2024,Divorced,73,12,3,Not too happy,Retired,"Independent (neither, no response)",0.23512326060243177
2024,Married,34,17,2,Pretty happy,"With a job, but not at work because of temporary illness, vacation, strike",Not very strong democrat,0.42008040492726295
2024,Married,71,12,3,Pretty happy,Retired,Not very strong republican,0.5283366299380245
2024,Never married,25,12,0,Not too happy,Working full time,Strong republican,1.844659461804888
2024,Married,48,12,1,Not too happy,Working full time,Not very strong republican,0.5012607209472513
2024,Never married,33,14,0,Pretty happy,Working part time,"Independent (neither, no response)",0.4226856105675632
2024,Married,44,12,5,Very happy,Working full time,Strong republican,2.4483717327481176
2024,Never married,38,12,0,Pretty happy,Working full time,"Independent, close to democrat",0.24040269880542625
2024,Married,82,11,1,Not too happy,Retired,Not very strong democrat,0.5370323919042214
2024,Never married,18,12,0,Pretty happy,Keeping house,"Independent (neither, no response)",0.32219267002888685
2024,Married,82,16,3,Very happy,Keeping house,Strong republican,0.41085509860115776
2024,Married,56,12,2,Pretty happy,Working full time,Strong republican,0.5738611625310022
2024,Married,55,16,0,Not too happy,"Unemployed, laid off, looking for work","Independent, close to republican",0.4462567445734485
2024,Divorced,68,16,4,Not too happy,Retired,Strong republican,0.18284098611441985
2024,Married,67,14,1,Pretty happy,Working full time,Strong republican,0.5283366299380245
2024,Married,58,6,4,Not too happy,Keeping house,"Independent, close to democrat",0.4746385806733373
2024,Never married,26,12,0,Pretty happy,Working full time,NA,0.894654240095626
2024,Married,67,13,2,Pretty happy,Retired,"Independent (neither, no response)",1.7204147011175674
2024,Married,34,6,3,Very happy,Working full time,"Independent (neither, no response)",2.482425484373334
2024,Never married,43,14,0,Not too happy,"Unemployed, laid off, looking for work",Strong democrat,0.22307379129640975
2024,Widowed,73,16,3,Pretty happy,Retired,"Independent, close to republican",0.18284098611441985
2024,Married,62,16,3,Very happy,Working full time,"Independent, close to republican",0.5076175912945238
2024,Never married,24,15,0,Not too happy,In school,"Independent, close to democrat",0.9665780100866598
2024,Married,NA,17,1,Not too happy,Working full time,Not very strong democrat,0.4462567445734485
2024,Married,70,12,2,Pretty happy,Retired,"Independent, close to republican",0.5283366299380245
2024,Separated,47,11,8,Not too happy,Working full time,"Independent (neither, no response)",0.6255053332846796
2024,Divorced,53,13,1,Pretty happy,Working full time,"Independent, close to republican",0.22451214379135556
2024,Married,64,16,4,Very happy,Retired,Not very strong republican,0.6693851168601723
2024,Married,67,12,3,Pretty happy,Retired,Not very strong republican,0.4644712645079556
2024,Never married,35,12,0,Very happy,Working full time,"Independent (neither, no response)",0.4140276825213919
2024,Married,36,16,2,Pretty happy,Working full time,Strong republican,0.42008040492726295
2024,Widowed,NA,16,2,Pretty happy,Retired,"Independent (neither, no response)",0.18284098611441985
2024,Never married,32,17,0,Pretty happy,Working full time,Strong democrat,0.2126518518348431
2024,Married,65,12,3,Very happy,Retired,"Independent, close to democrat",1.7204147011175674
2024,Divorced,84,16,1,Pretty happy,Retired,Not very strong republican,0.20798184473387
2024,Married,59,16,0,Pretty happy,Working full time,"Independent (neither, no response)",1.652947604089893
2024,Never married,24,12,3,Pretty happy,"Unemployed, laid off, looking for work","Independent, close to democrat",0.8497379987512821
2024,Married,51,14,3,Pretty happy,Working full time,Not very strong democrat,0.5044927887056506
2024,Never married,36,12,3,Pretty happy,Keeping house,"Independent, close to democrat",0.4226856105675632
2024,Widowed,30,0,0,Pretty happy,Working full time,"Independent, close to democrat",0.23867181997967624
2024,Married,41,16,1,Pretty happy,Working full time,Not very strong democrat,1.903949021646504
2024,Never married,31,12,0,Not too happy,"With a job, but not at work because of temporary illness, vacation, strike","Independent (neither, no response)",0.7828197285160969
2024,Never married,43,15,0,Pretty happy,Working full time,"Independent, close to democrat",0.7263918650224814
2024,Never married,33,13,1,Pretty happy,Working full time,Other party,0.4226856105675632
2024,Never married,25,16,0,Pretty happy,Working full time,"Independent (neither, no response)",0.91440019857938315
2024,Married,53,15,4,Pretty happy,Working full time,Strong republican,1.3808894855844538
2024,Married,53,12,3,Very happy,Keeping house,Not very strong republican,1.213967476739945
2024,Widowed,63,12,2,Pretty happy,Working full time,Strong democrat,0.3601643033658094
2024,Divorced,38,14,0,Very happy,Working full time,"Independent (neither, no response)",1.1569682033277715
2024,Never married,31,12,1,Not too happy,"Unemployed, laid off, looking for work",Strong democrat,0.7713121355518473
2024,Married,40,16,1,Not too happy,Working full time,"Independent, close to republican",0.44482529600720305
2024,Never married,NA,17,0,Pretty happy,Working full time,"Independent (neither, no response)",1.2820022415990138
2024,Married,67,11,0,Pretty happy,Retired,"Independent, close to democrat",0.8615119612184924
2024,Never married,73,12,1,Very happy,Retired,"Independent, close to republican",0.3771867478075949
2024,Married,68,16,2,Pretty happy,Retired,Not very strong republican,0.6590972669589497
2024,Married,67,18,4,Pretty happy,Retired,"Independent, close to republican",0.6590972669589497
2024,Divorced,67,16,0,Pretty happy,Working part time,"Independent (neither, no response)",0.2933150754277962
2024,Divorced,39,17,0,Very happy,Working full time,"Independent, close to democrat",0.6822758429203026
2024,Divorced,57,18,8,Pretty happy,Keeping house,"Independent, close to democrat",0.6078046549532937
2024,Married,NA,16,0,Very happy,Retired,Not very strong republican,0.6590972669589497
2024,Married,60,13,2,Very happy,Working full time,Strong republican,4.4965698704192505
2024,Widowed,72,14,0,Pretty happy,Retired,Not very strong democrat,0.3315923897428563
2024,Married,66,16,2,Pretty happy,Retired,Strong republican,0.6590972669589497
2024,Married,64,12,2,Pretty happy,Working part time,Strong republican,0.8093116511599642
2024,Married,63,16,1,Very happy,Working part time,Not very strong republican,2.3311383346570844
2024,Married,74,16,2,Very happy,Working full time,Strong republican,2.7599039938977397
2024,Married,42,12,4,Pretty happy,Working full time,"Independent, close to republican",0.8041267403886472
2024,Married,53,20,2,Very happy,Keeping house,"Independent (neither, no response)",2.915635193302885
2024,Divorced,49,18,3,Pretty happy,Working full time,"Independent, close to republican",0.3165477337535402
2024,Married,58,20,2,Pretty happy,Working part time,Strong democrat,2.3311383346570844
2024,Married,66,13,3,Very happy,Retired,Not very strong republican,2.7599039938977397
2024,Married,64,14,2,Pretty happy,Working full time,Strong republican,2.7120272559606216
2024,Married,35,14,3,Pretty happy,Working full time,"Independent, close to republican",0.6892351003981091
2024,Married,55,12,4,Pretty happy,Working full time,Strong republican,1.2492889125367783
2024,Married,70,12,3,Pretty happy,Working part time,Strong democrat,0.6740989387078787
2024,Divorced,42,12,3,Pretty happy,Working full time,"Independent (neither, no response)",0.28461741519623884
2024,Married,32,19,1,Very happy,Working full time,Not very strong democrat,0.6096733571525262
2024,Married,NA,12,1,Pretty happy,"Unemployed, laid off, looking for work",Strong republican,2.496881535587271
2024,Married,69,12,2,Not too happy,Retired,Strong republican,0.7667883650434536
2024,Divorced,36,11,4,Very happy,Working full time,"Independent (neither, no response)",0.8742275509894867
2024,Married,41,12,1,Not too happy,Working full time,Strong republican,0.7274924108910102
2024,Married,NA,12,1,Pretty happy,Working full time,Strong republican,1.0111484080618176
2024,Never married,33,16,0,Pretty happy,Working full time,Strong republican,0.3086270316162426
2024,Married,30,16,2,Pretty happy,Keeping house,Strong democrat,0.6096733571525262
2024,Married,69,6,8,Not too happy,Retired,"Independent, close to democrat",0.34685674836941927
2024,Never married,23,14,0,Not too happy,Working full time,"Independent (neither, no response)",1.8704256088351443
2024,Married,42,13,3,Very happy,Working full time,"Independent (neither, no response)",1.7933252552000387
2024,Married,52,16,4,Very happy,Working full time,Not very strong republican,0.6476637434758734
2024,Never married,57,20,0,Pretty happy,"With a job, but not at work because of temporary illness, vacation, strike","Independent (neither, no response)",0.2882268661892449
2024,Married,60,16,2,Not too happy,Working full time,"Independent, close to republican",0.7367182982214975
2024,Divorced,50,12,2,Not too happy,Working full time,"Independent, close to democrat",1.039295314061265
2024,Widowed,75,14,2,Pretty happy,Retired,"Independent, close to democrat",0.2999912015493361
2024,Widowed,83,12,6,Pretty happy,Retired,"Independent, close to democrat",0.2999912015493361
2024,Married,70,16,1,Not too happy,Retired,"Independent, close to republican",0.7667883650434536
2024,Married,32,16,0,Very happy,Working full time,Not very strong republican,2.258247359254971
2024,Never married,26,16,0,Pretty happy,Working part time,"Independent, close to republican",0.36362891308247813
2024,Never married,22,12,0,Pretty happy,Keeping house,"Independent (neither, no response)",0.8221642211383574
2024,Divorced,64,15,6,Pretty happy,Retired,"Independent (neither, no response)",0.362016651222592
2024,Divorced,32,12,4,Not too happy,Working full time,Strong republican,0.6134543582422332
2024,Never married,31,17,0,Pretty happy,Working full time,"Independent (neither, no response)",2.009955215170841
2024,Separated,50,12,3,Pretty happy,Keeping house,"Independent, close to democrat",2.1220570166164947
2024,Divorced,71,18,0,Pretty happy,Retired,"Independent (neither, no response)",0.3018493317431206
2024,Separated,29,11,3,Very happy,Working full time,"Independent (neither, no response)",1.259386619654755
2024,Never married,19,13,0,Not too happy,Working full time,"Independent (neither, no response)",3.933545443772149
2024,Separated,32,14,3,Not too happy,Working full time,Strong democrat,0.264126700259351
2024,Divorced,28,16,0,Pretty happy,Working full time,Strong republican,0.4136283321844401
2024,Widowed,54,12,3,Pretty happy,Retired,Not very strong republican,0.37064359590156226
2024,Married,56,10,0,Very happy,Working full time,Strong democrat,0.6997236632383775
2024,Separated,67,7,2,Pretty happy,Retired,Strong democrat,0.2914104241450114
2024,Never married,56,12,0,Very happy,"Unemployed, laid off, looking for work",Strong democrat,0.31139485679912815
2024,Never married,47,12,3,Not too happy,Keeping house,Not very strong democrat,0.23912027680389
2024,Never married,34,10,3,Pretty happy,Keeping house,"Independent (neither, no response)",0.26193706386150073
2024,Never married,18,9,0,Not too happy,Working part time,"Independent (neither, no response)",0.38803702042857025
2024,Married,49,11,3,Not too happy,Working full time,Strong democrat,0.6212596700309702
2024,Widowed,63,NA,1,Pretty happy,Working part time,Strong democrat,0.27825906667129685
2024,Never married,44,14,4,Not too happy,Working full time,NA,0.7786437968477994
2024,Separated,66,11,5,Not too happy,Other,Strong democrat,0.8342104681020128
2024,Married,75,20,3,Very happy,Keeping house,Strong republican,0.5606283274085295
2024,Married,64,10,1,Pretty happy,Other,Not very strong democrat,0.6252654763213701
2024,Divorced,70,12,2,Pretty happy,Working full time,Strong republican,0.9071639104148228
2024,Divorced,59,16,0,Pretty happy,Working full time,Strong democrat,0.891419207178719
2024,Married,65,16,2,Pretty happy,Other,Strong republican,0.28031416370426476
2024,Married,25,16,1,Very happy,Working full time,"Independent, close to republican",2.810623361376505
2024,Never married,21,13,0,Pretty happy,Working full time,"Independent (neither, no response)",3.72929792273442
2024,Never married,33,12,3,Pretty happy,Working full time,"Independent (neither, no response)",0.25769571382042106
2024,Married,36,9,3,Pretty happy,Keeping house,Strong democrat,2.370808657372599
2024,Divorced,56,NA,0,Not too happy,Working part time,"Independent (neither, no response)",0.3165200277579179
2024,Never married,22,11,1,Pretty happy,Working part time,"Independent, close to democrat",2.6606991149461794
2024,Never married,25,14,1,Pretty happy,Keeping house,"Independent (neither, no response)",0.7635076570985949
2024,Never married,22,12,NA,NA,Working full time,"Independent (neither, no response)",0.3928578026553371
2024,Never married,33,14,3,Pretty happy,In school,Strong democrat,0.2782140960199614
2024,Married,29,15,3,Very happy,Working full time,"Independent (neither, no response)",2.7933216694994027
2024,Married,55,16,2,Pretty happy,Working full time,Strong republican,4.455625690601162
2024,Never married,19,12,0,Pretty happy,Working part time,"Independent (neither, no response)",1.2792570131210996
2024,Never married,46,10,4,Very happy,Other,"Independent (neither, no response)",0.8059856479907136
2024,Never married,26,16,0,Not too happy,Working full time,"Independent, close to democrat",0.32982629589539986
2024,Divorced,72,12,0,Very happy,Retired,Not very strong democrat,0.2728822311562455
2024,Divorced,57,12,3,Not too happy,Working full time,Not very strong republican,0.9853303873666404
2024,Never married,71,14,0,Pretty happy,Retired,Not very strong republican,0.2785886001314832
2024,Married,62,16,2,Pretty happy,"With a job, but not at work because of temporary illness, vacation, strike",Strong democrat,0.9284267616358968
2024,Married,63,16,3,Pretty happy,Retired,Not very strong republican,1.1139064226502906
2024,Never married,24,13,0,Pretty happy,Working full time,"Independent (neither, no response)",0.42413813101412073
2024,Never married,39,16,0,Not too happy,Working full time,Not very strong democrat,0.2866083146994026
2024,Married,27,12,0,Pretty happy,Working full time,"Independent (neither, no response)",0.7642466660931119
2024,Married,54,14,3,Very happy,Working full time,Not very strong republican,0.6799462440666921
2024,Married,46,13,2,Pretty happy,Working full time,Strong republican,2.1999140536542017
2024,Married,43,14,2,Pretty happy,Keeping house,Strong republican,2.309731548263681
2024,Never married,30,12,4,Very happy,Keeping house,"Independent, close to democrat",0.6297425770788159
2024,Married,38,12,2,Pretty happy,"Unemployed, laid off, looking for work",Not very strong republican,2.4891570385371486
2024,Married,48,14,2,Pretty happy,Working full time,Not very strong republican,1.6136931287185026
2024,Married,45,15,3,Pretty happy,Working full time,Other party,1.0421788571383146
2024,Never married,28,14,0,Very happy,Working full time,Strong republican,0.4559225410696179
2024,Married,42,16,2,Pretty happy,Working part time,"Independent (neither, no response)",0.7093149003426101
2024,Divorced,52,13,3,Pretty happy,Working full time,Strong republican,1.08414749633284
2024,Married,66,13,3,Pretty happy,Retired,Strong republican,0.4252144411844909
2024,Widowed,74,11,4,Not too happy,Keeping house,"Independent, close to democrat",0.33271394544395927
2024,Never married,18,16,NA,Pretty happy,Working full time,NA,1.5277963558864105
2024,Married,29,14,2,Very happy,Keeping house,Strong republican,0.5122431916015452
2024,Never married,22,12,0,Not too happy,Working part time,"Independent, close to democrat",0.46918384118449846
2024,Married,30,12,5,Very happy,Working full time,"Independent (neither, no response)",0.869524341997286
2024,Never married,44,14,0,Not too happy,Retired,"Independent (neither, no response)",1.0068349823928089
2024,Divorced,51,14,5,Not too happy,Keeping house,"Independent (neither, no response)",0.3269393745275161
2024,Never married,43,12,0,Not too happy,Working full time,Not very strong republican,0.35906727693718693
2024,Married,36,20,0,Very happy,In school,Strong republican,0.3380879623179898
2024,Divorced,42,16,2,Not too happy,Working full time,"Independent (neither, no response)",0.2526119540200931
2024,Never married,39,16,0,Pretty happy,"With a job, but not at work because of temporary illness, vacation, strike",Not very strong democrat,0.30966816430033345
2024,Widowed,69,13,2,Not too happy,Retired,"Independent (neither, no response)",1.1149243733580874
2024,Separated,61,12,0,Pretty happy,Retired,Strong democrat,0.37189393732441595
2024,Married,45,14,2,Pretty happy,Working full time,Strong democrat,2.0895925792479977
2024,Never married,20,12,0,Pretty happy,"Unemployed, laid off, looking for work","Independent (neither, no response)",2.686232470432519
2024,Divorced,59,13,4,Not too happy,Other,Strong republican,1.17676444977237
2024,Never married,29,16,0,Not too happy,Working full time,"Independent (neither, no response)",0.7297111818824259
2024,Divorced,55,13,4,Pretty happy,In school,"Independent (neither, no response)",0.3269393745275161
2024,Never married,38,12,5,Not too happy,Working full time,"Independent, close to republican",0.3077619027796695
2024,Never married,58,12,0,Pretty happy,Working part time,"Independent, close to democrat",0.3269393745275161
2024,Never married,39,15,2,Very happy,Working full time,Not very strong democrat,1.0021605014366812
2024,Divorced,61,13,4,Pretty happy,Retired,Strong democrat,1.2109926905966593
2024,Widowed,54,16,3,Not too happy,Other,Strong democrat,0.3269393745275161
2024,Never married,39,14,0,Pretty happy,Keeping house,Not very strong democrat,0.3077619027796695
2024,Never married,55,12,2,Pretty happy,Working part time,"Independent (neither, no response)",0.35297111150591665
2024,Never married,39,10,0,Not too happy,Keeping house,"Independent (neither, no response)",0.31282727984646375
2024,Never married,23,12,0,Pretty happy,Working full time,Not very strong democrat,0.46918384118449846
2024,Never married,25,12,0,Not too happy,Working part time,Not very strong democrat,0.46918384118449846
2024,Never married,60,11,3,Not too happy,Other,Not very strong democrat,0.3780148476917779
2024,Never married,36,12,2,Pretty happy,Keeping house,"Independent, close to democrat",0.5687473722155825
2024,Married,42,12,4,Pretty happy,"With a job, but not at work because of temporary illness, vacation, strike",Strong republican,3.129025564791508
2024,Married,42,16,8,Not too happy,Keeping house,Not very strong republican,1.1333270509948905
2024,Never married,26,20,0,Pretty happy,Working full time,"Independent, close to democrat",1.092693841697704
2024,Never married,NA,12,2,Not too happy,Working full time,"Independent (neither, no response)",3.339049824059096
2024,Never married,67,16,0,Very happy,Retired,"Independent (neither, no response)",0.3023493585996036
2024,Married,76,16,4,Not too happy,Retired,"Independent (neither, no response)",0.5972722075736429
2024,Married,67,12,2,Pretty happy,Retired,"Independent (neither, no response)",0.6752156136109979
2024,Married,88,13,2,Pretty happy,Retired,Not very strong republican,0.901464450991288
2024,Never married,27,12,2,Pretty happy,Keeping house,Not very strong republican,1.2712197958609646
2024,Married,62,15,4,Pretty happy,"Unemployed, laid off, looking for work",Strong republican,4.074779774816696
2024,Married,84,13,4,Very happy,Retired,Strong republican,3.298041822961508
2024,Married,66,14,5,Pretty happy,Working full time,Strong republican,7.503053193114377
2024,Married,53,20,1,Pretty happy,Working full time,"Independent (neither, no response)",0.7931924257660868
2024,Divorced,73,12,0,Not too happy,Retired,"Independent (neither, no response)",0.300488150330429
2024,Married,23,16,0,Not too happy,Working full time,"Independent, close to republican",1.0524813466701315
2024,Divorced,56,18,3,Pretty happy,Working full time,Strong republican,0.32840152392391175
2024,Married,36,14,5,Pretty happy,Working full time,"Independent, close to republican",0.6150653267594479
2024,Married,61,15,3,Pretty happy,"With a job, but not at work because of temporary illness, vacation, strike",Strong republican,0.7883096758614055
2024,Married,51,18,6,Pretty happy,Working full time,Strong republican,1.47587740976298
2024,Married,71,16,4,Pretty happy,Retired,Strong republican,0.6793978646653138
2024,Married,77,11,3,Pretty happy,Retired,Strong republican,1.0294932306826576
2024,Married,38,16,4,Pretty happy,Working part time,Not very strong republican,2.9828384451822005
2024,Married,31,12,3,Pretty happy,Keeping house,"Independent, close to republican",3.3720957806626983
2024,Never married,37,18,0,Pretty happy,In school,Strong republican,0.6182765720686223
2024,Widowed,76,16,2,Pretty happy,Retired,Strong republican,0.26580134890211987
2024,Married,65,14,1,Pretty happy,Working full time,Not very strong democrat,1.1520878761617994
2024,Married,24,14,1,Very happy,Working full time,"Independent, close to republican",1.0524813466701315
2024,Never married,30,10,4,Very happy,Keeping house,"Independent (neither, no response)",3.940540865358356
2024,Divorced,31,13,0,Pretty happy,Working full time,"Independent (neither, no response)",0.9704262444765572
2024,Married,79,17,4,Pretty happy,Retired,Not very strong republican,0.5972722075736429
2024,Married,74,13,5,Not too happy,Retired,"Independent, close to republican",1.1520878761617994
2024,Married,34,14,0,Very happy,Working full time,Strong democrat,0.9906769086959416
2024,Never married,38,11,4,Pretty happy,Working full time,"Independent (neither, no response)",1.884865658799504
2024,Never married,19,15,0,Very happy,"Unemployed, laid off, looking for work",Not very strong republican,1.4430351773306065
2024,Divorced,48,18,2,Pretty happy,Working full time,"Independent (neither, no response)",0.6362592055450155
2024,Divorced,NA,15,2,Very happy,Working full time,"Independent, close to republican",0.9366973230816266
2024,Never married,NA,6,1,Not too happy,Working full time,"Independent (neither, no response)",0.4056778026550034
2024,Divorced,68,7,1,Very happy,Other,"Independent (neither, no response)",0.4382913819138546
2024,Never married,44,18,0,Not too happy,Working full time,"Independent (neither, no response)",0.9991019595584342
2024,Divorced,55,14,4,Pretty happy,Working part time,Strong democrat,1.005544046671783
2024,Never married,54,17,0,Pretty happy,Working full time,"Independent, close to republican",0.3642061227888798
2024,Married,52,6,2,Pretty happy,Working full time,Not very strong democrat,1.3056653271119605
2024,Married,61,12,1,Very happy,Working full time,Other party,0.8563491130795597
2024,Widowed,61,13,0,Pretty happy,Retired,"Independent (neither, no response)",0.411734645545941
2024,Married,57,14,2,Pretty happy,Working full time,"Independent, close to democrat",1.0524086508517017
2024,Divorced,60,16,2,Pretty happy,Retired,"Independent, close to democrat",0.3642061227888798
2024,Married,55,18,1,Very happy,Retired,Strong republican,0.9309240270707466
2024,Married,60,14,2,Not too happy,Working full time,"Independent (neither, no response)",3.487863386741751
2024,Married,42,14,6,Very happy,Working full time,"Independent (neither, no response)",1.0707756097727128
2024,Never married,55,20,0,Very happy,"Unemployed, laid off, looking for work",Strong democrat,0.3567460382100662
2024,Divorced,56,12,2,Pretty happy,Retired,"Independent (neither, no response)",1.9698946967117272
2024,Married,35,12,2,Very happy,Working part time,Strong republican,0.7499636506539837
2024,Never married,22,12,4,Very happy,Keeping house,"Independent (neither, no response)",1.2686009933152462
2024,Widowed,NA,12,4,Very happy,Keeping house,"Independent (neither, no response)",1.098558217943285
2024,Divorced,67,14,3,Pretty happy,Working full time,Strong democrat,0.7581432906072233
2024,Married,73,13,2,Pretty happy,Retired,Strong republican,0.8517976276427218
2024,Married,60,15,2,Not too happy,Working full time,"Independent (neither, no response)",0.9251934262016616
2024,Never married,34,10,4,Very happy,Working full time,Not very strong democrat,0.8285114890414844
2024,Married,80,16,0,Pretty happy,Retired,Strong democrat,2.093157047013409
2024,Married,62,17,1,Pretty happy,Working full time,"Independent, close to republican",1.0235934685499053
2024,Married,52,16,2,Pretty happy,Working full time,Not very strong democrat,0.818393871469989
2024,Never married,44,16,1,Pretty happy,Working part time,Not very strong democrat,1.5538810328374966
2024,Married,74,20,0,Very happy,Working part time,"Independent (neither, no response)",0.7534705051433572
2024,Divorced,56,14,0,Pretty happy,Working full time,"Independent, close to republican",1.964278851479806
2024,Divorced,43,20,2,Very happy,Working full time,Strong democrat,0.31812960277250774
2024,Never married,60,13,3,Not too happy,Working full time,Not very strong republican,0.411734645545941
2024,Married,32,18,1,Pretty happy,Working full time,Strong democrat,0.7703888694068131
2024,Divorced,67,15,0,Pretty happy,Working part time,Not very strong republican,0.7581432906072233
2024,Never married,47,16,2,Pretty happy,Working full time,"Independent, close to democrat",0.4931605524611958
2024,Widowed,80,12,4,Pretty happy,Retired,"Independent, close to republican",1.5497974113898023
2024,Married,70,12,3,Not too happy,Retired,Not very strong democrat,0.4399501089615462
2024,Divorced,49,16,2,Pretty happy,Working full time,"Independent (neither, no response)",0.4931605524611958
2024,Separated,44,12,2,Not too happy,Working full time,Not very strong republican,0.22828365298996048
2024,Divorced,37,20,0,Pretty happy,Working full time,Not very strong republican,0.19131259518016153
2024,Never married,33,17,0,Pretty happy,"Unemployed, laid off, looking for work","Independent, close to democrat",0.21761831037978663
2024,Never married,49,14,0,Not too happy,"Unemployed, laid off, looking for work",Strong democrat,0.20068871049728243
2024,Never married,22,16,0,Not too happy,In school,Not very strong republican,0.2898611759991837
2024,Married,27,12,0,Very happy,"Unemployed, laid off, looking for work","Independent (neither, no response)",1.709807159455576
2024,Widowed,77,12,0,NA,Retired,"Independent, close to democrat",0.5876321486309
2024,Divorced,69,16,2,Pretty happy,Retired,Strong democrat,0.1871112154588562
2024,Married,63,18,2,Very happy,Working part time,Not very strong democrat,0.5194729393768264
2024,Married,41,14,4,Very happy,Working part time,"Independent (neither, no response)",1.101340867998326
2024,Divorced,72,16,1,Pretty happy,In school,Other party,0.2230731796448453
2024,Married,70,14,2,Very happy,Working part time,Not very strong republican,0.5666731733912929
2024,Divorced,44,16,3,Pretty happy,Working full time,Strong democrat,0.2103384209051476
2024,Divorced,41,16,1,Pretty happy,Working full time,Not very strong democrat,0.21164124635062148
2024,Married,39,12,3,Pretty happy,Keeping house,Not very strong republican,1.2439651457232803
2024,Married,40,13,2,Very happy,Working full time,Strong democrat,0.5644375797042877
2024,Married,51,16,0,Very happy,Working full time,Strong democrat,0.5444507441436609
2024,Never married,37,20,0,Pretty happy,Working full time,Not very strong republican,0.22808204632891105
2024,Married,65,14,2,Pretty happy,Retired,Not very strong republican,0.6083233312096964
2024,Never married,33,14,0,Pretty happy,Working full time,Not very strong democrat,0.6297163322860997
2024,Divorced,70,12,1,Not too happy,Retired,Strong republican,0.6158872510060617
2024,Married,67,17,2,Pretty happy,Retired,"Independent, close to democrat",0.5012593465280408
2024,Married,35,18,1,Pretty happy,Keeping house,Not very strong democrat,0.45056178703254907
2024,Divorced,55,15,3,Pretty happy,Working full time,"Independent, close to republican",0.6051979346844323
2024,Divorced,44,15,2,Pretty happy,Working full time,"Independent, close to democrat",0.5136914010407586
2024,Married,37,16,3,Very happy,Keeping house,Strong republican,0.45056178703254907
2024,Married,68,12,3,Pretty happy,Retired,Not very strong democrat,0.4981736841503184
2024,Married,77,13,3,Pretty happy,Retired,Not very strong democrat,1.383937062562884
2024,Married,43,17,2,Pretty happy,Keeping house,"Independent (neither, no response)",0.6271260257022999
2024,Married,28,12,0,Pretty happy,Working full time,Not very strong democrat,0.8960098878533374
2024,Married,28,16,0,Very happy,Working full time,Strong republican,0.7026475583360892
2024,Never married,31,17,0,Pretty happy,Working full time,Not very strong republican,0.17266299699931822
2024,Divorced,62,12,2,Pretty happy,Working part time,"Independent, close to democrat",0.6689556502864833
2024,Divorced,67,16,0,Very happy,Retired,Strong democrat,0.1961080795015203
2024,Divorced,38,16,2,Very happy,Working full time,Not very strong democrat,0.979383791059552
2024,Never married,31,12,0,Not too happy,Working full time,"Independent (neither, no response)",0.2266780142759117
2024,Married,59,13,1,Not too happy,Working part time,"Independent, close to republican",0.751592532667323
2024,Never married,38,14,3,Pretty happy,Keeping house,Not very strong democrat,0.2266780142759117
2024,Married,43,5,0,Not too happy,Working full time,"Independent, close to democrat",1.3346243763763352
2024,Divorced,54,19,2,Not too happy,"Unemployed, laid off, looking for work",NA,0.20804804771431293
2024,Widowed,64,12,5,Pretty happy,Keeping house,"Independent (neither, no response)",0.24080293089285384
2024,Divorced,69,12,1,Pretty happy,Retired,"Independent (neither, no response)",0.2521839991282011
2024,Never married,38,12,1,Very happy,Working full time,"Independent (neither, no response)",0.2266780142759117
2024,Never married,39,16,1,Pretty happy,"With a job, but not at work because of temporary illness, vacation, strike","Independent (neither, no response)",0.5570251284893726
2024,Married,47,18,2,Pretty happy,Working full time,Strong democrat,0.41808401713486654
2024,Married,37,18,3,Very happy,Working part time,"Independent, close to republican",0.45056178703254907
2024,Divorced,52,18,3,Not too happy,"Unemployed, laid off, looking for work",Strong republican,0.5202059143438429
2024,Separated,56,16,2,Pretty happy,Retired,"Independent (neither, no response)",0.42601176639092936
2024,Married,61,16,4,Pretty happy,Working full time,Strong republican,0.7032502576872854
2024,Widowed,55,20,3,Very happy,Keeping house,"Independent, close to republican",0.21300588319546468
2024,Married,74,16,2,Very happy,Retired,Strong republican,1.0762032501206078
2024,Married,65,16,5,Very happy,Retired,NA,0.4406670848387342
2024,Married,63,16,2,Very happy,Working full time,Not very strong republican,0.5444507441436609
2024,Never married,19,14,0,Not too happy,In school,"Independent, close to democrat",0.9113956917203316
2024,Divorced,51,16,2,Not too happy,Working part time,Not very strong republican,0.316248560391059
2024,Married,74,16,0,Very happy,Retired,"Independent, close to democrat",0.761951618694042
2024,Married,77,16,1,Not too happy,Retired,Not very strong democrat,0.3349234292824054
2024,Never married,75,16,0,Not too happy,Retired,"Independent (neither, no response)",0.33908788234058024
2024,Married,40,18,3,Pretty happy,Working full time,Strong republican,3.104146146347993
2024,Married,49,16,5,Very happy,Working full time,Strong republican,0.3991099627205524
2024,Married,78,15,3,Pretty happy,Retired,Strong democrat,0.8613855177498044
2024,Divorced,76,18,1,Pretty happy,Retired,Strong republican,0.33908788234058024
2024,Widowed,71,12,5,Pretty happy,Retired,Strong republican,0.38333850066917496
2024,Married,43,14,0,Pretty happy,Working full time,"Independent (neither, no response)",1.0556059337299022
2024,Married,33,13,2,Pretty happy,Keeping house,"Independent, close to republican",0.9009409074314156
2024,Married,58,12,3,Pretty happy,Working full time,"Independent (neither, no response)",4.569906981931441
2024,Married,52,17,2,Pretty happy,Working full time,Not very strong republican,0.8225111744594239
2024,Married,63,13,2,Pretty happy,Retired,"Independent, close to republican",0.935607464243497
2024,Married,68,12,3,Not too happy,Keeping house,"Independent (neither, no response)",0.6520872969195121
2024,Widowed,76,12,0,Very happy,Working part time,"Independent (neither, no response)",0.33700051832726635
2024,Divorced,73,12,4,Pretty happy,Retired,"Independent, close to republican",0.38333850066917496
2024,Married,67,16,3,Pretty happy,Retired,"Independent (neither, no response)",3.271818527287305
2024,Married,79,14,2,Pretty happy,Retired,Strong republican,0.4306927588749022
2024,Widowed,66,13,0,Pretty happy,Other,"Independent (neither, no response)",1.673146661430434
2024,Married,79,13,2,Pretty happy,Retired,Strong democrat,0.8613855177498044
2024,Divorced,39,16,1,Pretty happy,Retired,Other party,0.5934229699522244
2024,Never married,30,11,1,Pretty happy,Keeping house,Strong democrat,1.4009546052888395
2024,Married,46,12,2,Pretty happy,Working full time,Strong republican,0.7184534713558495
2024,Married,75,14,3,Pretty happy,Retired,"Independent (neither, no response)",0.7572611815785373
2024,Widowed,84,17,3,Pretty happy,Retired,Not very strong republican,0.33908788234058024
2024,Married,71,12,1,Very happy,Retired,"Independent (neither, no response)",0.7697247561408769
2024,Divorced,66,18,3,Not too happy,Retired,Strong republican,1.6562502333705944
2024,Married,69,13,2,Not too happy,Retired,Strong democrat,0.8613855177498044
2024,Married,58,16,0,Very happy,Retired,Not very strong democrat,0.8895733769284837
2024,Never married,57,16,0,Pretty happy,Working full time,"Independent, close to republican",0.2790195526169963
2024,Never married,21,14,1,Pretty happy,Keeping house,"Independent (neither, no response)",1.471467289914263
2024,Never married,24,14,0,Not too happy,Working part time,Not very strong democrat,0.6834062188944767
2024,Separated,31,15,4,Pretty happy,Working full time,"Independent, close to republican",0.6226676463867543
2024,Never married,25,12,0,Not too happy,Other,"Independent, close to republican",1.0280401012965985
2024,Separated,40,13,4,Not too happy,Keeping house,"Independent (neither, no response)",0.48443975191930655
2024,Divorced,73,18,0,Very happy,Retired,"Independent, close to republican",0.25688486996803145
2024,Married,49,13,2,Pretty happy,Working full time,Strong republican,0.9286841499462372
2024,Divorced,41,14,5,Pretty happy,Other,"Independent (neither, no response)",0.2365820678519264
2024,Divorced,40,14,3,Very happy,Working full time,"Independent (neither, no response)",1.183105463150198
2024,Married,26,10,1,Not too happy,Working full time,"Independent (neither, no response)",0.9089367051802748
2024,Married,27,12,1,Pretty happy,Keeping house,"Independent (neither, no response)",0.6769429285596567
2024,Married,37,13,2,Not too happy,Working full time,Not very strong republican,0.7162578334442822
2024,Married,43,12,2,Pretty happy,Other,Strong republican,0.29529106618408807
2024,Never married,36,17,3,Pretty happy,Working full time,"Independent, close to democrat",0.525305883087579
2024,Divorced,46,13,2,Not too happy,Other,Not very strong republican,0.24221987595965327
2024,Widowed,61,11,3,Pretty happy,Keeping house,"Independent, close to republican",0.28186600281099167
2024,Divorced,54,14,1,Pretty happy,Retired,Not very strong republican,0.27730195843721234
2024,Widowed,73,12,2,Pretty happy,Retired,Strong democrat,0.5640798969320993
2024,Married,55,12,0,Pretty happy,NA,"Independent, close to republican",0.7087938387367948
2024,Married,63,9,1,Pretty happy,Retired,"Independent, close to republican",1.731026117353777
2024,Widowed,47,8,6,Pretty happy,"With a job, but not at work because of temporary illness, vacation, strike","Independent (neither, no response)",1.231032565058144
2024,Married,31,12,4,Pretty happy,Keeping house,"Independent, close to republican",0.5595246482331914
2024,Never married,20,12,0,Not too happy,Keeping house,Not very strong republican,0.9492584867536348
2024,Divorced,35,12,4,Very happy,Working full time,"Independent (neither, no response)",0.8700530615299636
2024,Married,34,12,1,Pretty happy,Keeping house,"Independent, close to republican",0.5865643899912544
2024,Never married,42,12,2,Pretty happy,Working full time,"Independent, close to republican",2.0186758612211273
2024,Divorced,26,13,2,Pretty happy,Working part time,"Independent (neither, no response)",0.6025136989777754
2024,Never married,55,11,0,Pretty happy,Working full time,Strong republican,0.7648042638987601
2024,Never married,21,12,1,Very happy,Working full time,"Independent, close to democrat",1.1050153845273885
2024,Married,64,16,3,Pretty happy,Working part time,"Independent, close to democrat",0.2755928190482062
2024,Divorced,68,15,3,Not too happy,Other,Strong democrat,0.2553035329133572
2024,Married,43,6,2,Pretty happy,Working full time,Not very strong republican,0.8298620839558775
2024,Married,73,12,2,Very happy,Retired,Strong republican,1.556609061858918
2024,Married,28,14,0,Pretty happy,Working full time,Not very strong democrat,0.8734055107953602
2024,Divorced,38,12,5,Pretty happy,Working part time,"Independent, close to democrat",0.5220721945559512
2024,Divorced,59,6,3,Pretty happy,Other,"Independent, close to democrat",0.2688724013301721
2024,Widowed,77,14,0,Pretty happy,Retired,Not very strong democrat,0.6089933599646878
2024,Divorced,63,12,0,Not too happy,Retired,Not very strong republican,0.5546039168744247
2024,Married,34,16,2,Pretty happy,Working full time,Not very strong republican,1.2671534506891424
2024,Divorced,54,14,2,Not too happy,Other,Strong republican,0.2980651531455079
2024,Married,64,14,1,Pretty happy,Retired,Not very strong republican,0.3380597510317429
2024,Married,40,18,1,Pretty happy,Working full time,"Independent, close to republican",0.5476544293860669
2024,Separated,61,13,3,Not too happy,Other,Strong republican,0.8125427835334912
2024,Divorced,56,14,3,Very happy,Working full time,Strong republican,0.661467741814515
2024,Married,48,15,2,Pretty happy,Working full time,Not very strong republican,1.3292558797893297
2024,Married,26,14,1,Very happy,Working full time,Strong republican,1.1076768063045834
2024,Married,42,12,0,Pretty happy,Working full time,Not very strong republican,1.1503691162091365
2024,Divorced,55,12,1,Pretty happy,Keeping house,Strong republican,1.118522025432849
2024,Married,37,18,2,Pretty happy,Working full time,"Independent, close to republican",0.7310828147457716
2024,Never married,18,11,0,Very happy,In school,Strong republican,3.0835181765819883
2024,Never married,32,12,0,Pretty happy,Working full time,Strong republican,0.3678083794217633
2024,Married,56,12,1,Very happy,Working full time,Strong republican,2.513388747308545
2024,Married,44,16,4,Very happy,Working full time,"Independent, close to republican",0.6783842945498106
2024,Married,51,16,2,Pretty happy,Working full time,Strong republican,1.3169836190635924
2024,Divorced,62,19,2,Very happy,Working full time,Not very strong republican,0.30384489731401093
2024,Married,35,14,0,Pretty happy,Working full time,"Independent (neither, no response)",0.8264883667773149
2024,Never married,35,16,2,Very happy,Working full time,Strong republican,0.6466953582479701
2024,Married,75,16,4,Very happy,Retired,"Independent (neither, no response)",0.7150276433150816
2024,Married,60,12,2,Pretty happy,Working full time,"Independent, close to republican",0.3780238175562627
2024,Never married,37,16,0,Very happy,Working full time,"Independent (neither, no response)",0.9584599794314616
2024,Married,41,16,2,Pretty happy,Working full time,"Independent, close to republican",2.4972865493854757
2024,Married,58,15,2,Pretty happy,Working full time,Not very strong republican,1.3169836190635924
2024,Divorced,43,17,2,Not too happy,Working full time,Not very strong republican,0.2654048090866167
2024,Married,31,16,1,Very happy,Working full time,"Independent (neither, no response)",0.7310828147457716
2024,Married,46,12,2,Pretty happy,Working full time,"Independent, close to republican",0.7669127441394237
2024,Married,39,12,2,Pretty happy,Working full time,Strong republican,2.3174971757665026
2024,Married,35,13,3,Pretty happy,Working full time,Other party,2.6286406182569433
2024,Never married,20,15,0,Pretty happy,Working part time,"Independent (neither, no response)",1.3822302864464198
2024,Married,73,12,2,Very happy,Retired,Not very strong republican,0.6119291982753647
2024,Married,35,19,0,Very happy,Working full time,Strong republican,2.6912817622982783
2024,Divorced,63,16,4,Not too happy,Working part time,Not very strong republican,0.8873672925635271
2024,Married,83,16,2,Pretty happy,Retired,Strong democrat,2.046884722074773
2024,Divorced,65,12,NA,Pretty happy,"Unemployed, laid off, looking for work",Strong republican,1.4389240366479477
2024,Married,58,19,3,Pretty happy,Retired,Strong republican,0.5708891671050138
2024,Widowed,81,13,6,Very happy,Retired,Not very strong republican,1.2915892338818131
2024,Divorced,61,12,2,Pretty happy,Other,Strong republican,0.3267072086225755
2024,Married,65,12,2,Pretty happy,Working full time,Strong democrat,0.33794633054195294
2024,Widowed,68,12,3,Not too happy,Working full time,Not very strong republican,0.6015789074096334
2024,Divorced,69,14,2,Pretty happy,Retired,Strong republican,0.2644300054102274
2024,Divorced,55,12,2,Pretty happy,Working full time,"Independent (neither, no response)",2.8057600297555987
2024,Divorced,70,14,1,Not too happy,Retired,Strong republican,0.2644300054102274
2024,Never married,57,19,0,Very happy,Working full time,Strong republican,0.2540602237404641
2024,Married,70,14,0,Very happy,Working full time,Not very strong republican,0.6758926610839059
2024,Widowed,67,10,2,Pretty happy,Retired,Not very strong republican,0.2644300054102274
2024,Widowed,71,13,3,Pretty happy,Retired,"Independent, close to republican",1.2915892338818131
2024,Married,46,15,3,Very happy,Working full time,Not very strong republican,1.0435833036236395
2024,Married,52,9,4,Pretty happy,Other,Strong republican,0.7341314727341179
2024,Married,54,16,0,Pretty happy,NA,Strong republican,0.7140307901682716
2024,Married,59,14,3,Pretty happy,Working full time,Strong republican,0.7341314727341179
2024,Married,24,15,1,Very happy,Keeping house,Strong republican,0.7202375339592939
2024,Never married,68,12,0,Pretty happy,Retired,Not very strong republican,0.3007894537048167
2024,Married,35,15,5,Pretty happy,Working full time,"Independent (neither, no response)",0.9888177693190644
2024,Married,82,12,2,Pretty happy,Working full time,Strong republican,1.2915892338818131
2024,Never married,82,12,0,Pretty happy,Retired,Strong republican,0.2644300054102274
2024,Never married,55,11,0,Not too happy,"Unemployed, laid off, looking for work",Strong republican,0.3267072086225755
2024,Married,31,12,2,Very happy,Keeping house,"Independent (neither, no response)",0.562325679680695
2024,Married,46,13,3,Pretty happy,Working part time,"Independent (neither, no response)",0.7826874777177287
2024,Divorced,58,15,4,Not too happy,Other,Not very strong republican,0.3267072086225755
2024,Widowed,71,14,3,Pretty happy,Keeping house,Strong republican,1.4691843290160422
2024,Never married,60,19,0,Not too happy,Working full time,"Independent, close to democrat",0.8669814432193258
2024,Married,40,16,4,Pretty happy,Working full time,Not very strong republican,0.567231726380531
2024,Divorced,68,14,3,Pretty happy,Retired,Strong republican,0.3007894537048167
2024,Married,30,12,2,Very happy,Working full time,Not very strong democrat,0.5950884471931579
2024,Widowed,85,13,2,Pretty happy,Retired,Not very strong republican,0.2644300054102274
2024,Married,35,16,2,Pretty happy,Keeping house,"Independent (neither, no response)",0.49741370505648985
2024,Widowed,89,12,7,Very happy,Retired,Not very strong republican,0.2644300054102274
2024,Married,75,13,2,Very happy,Retired,Not very strong republican,0.7050538539740436
2024,Divorced,54,17,0,Pretty happy,Working part time,Not very strong republican,0.3429138121602994
2024,Divorced,61,19,2,Pretty happy,Retired,Not very strong republican,0.3429138121602994
2024,Married,63,12,2,Very happy,Retired,Strong republican,0.8711045337048556
2024,Married,67,14,0,Pretty happy,Retired,"Independent (neither, no response)",0.8019996189173972
2024,Married,29,15,1,Very happy,Working full time,Not very strong republican,0.8546182863400736
2024,Never married,55,16,0,Pretty happy,Working full time,Strong republican,0.3429138121602994
2024,Married,48,14,2,Very happy,Working full time,Strong republican,4.900949020953504
2024,Never married,25,16,0,Pretty happy,Working full time,"Independent, close to republican",0.432622324370508
2024,Divorced,62,15,1,Pretty happy,Retired,Not very strong republican,0.3876637103777407
2024,Divorced,62,16,4,Very happy,Working full time,Strong democrat,1.6749377108263777
2024,Never married,38,16,1,Pretty happy,Working full time,Other party,0.5675586328680651
2024,Divorced,47,15,1,Pretty happy,Working full time,"Independent, close to republican",0.3386195192091179
2024,Married,74,16,2,Very happy,Retired,"Independent, close to republican",0.7094209215665164
2024,Married,65,14,3,Very happy,Retired,"Independent (neither, no response)",0.8019996189173972
2024,Married,74,12,3,Very happy,Retired,Strong democrat,0.7050538539740436
2024,Married,83,12,2,Very happy,Retired,Strong democrat,0.7050538539740436
2024,Widowed,59,12,2,Very happy,Retired,"Independent (neither, no response)",0.6816057928223397
2024,Widowed,69,13,3,Pretty happy,Retired,Strong republican,0.3137669274722319
2024,Never married,23,16,0,Not too happy,"Unemployed, laid off, looking for work",Not very strong democrat,0.8652446487410159
2024,Never married,63,16,0,Pretty happy,Other,Not very strong democrat,0.8604280914182285
2024,Married,50,14,1,Pretty happy,Working full time,"Independent, close to republican",0.4878840566471392
2024,Widowed,60,20,0,Pretty happy,Working part time,"Independent, close to democrat",0.2397339571429606
2024,Never married,18,11,0,Pretty happy,Other,"Independent (neither, no response)",0.646673640479805
2024,Married,43,14,8,Pretty happy,Working full time,Other party,2.9555427385934085
2024,Married,39,17,2,Pretty happy,Working full time,"Independent, close to republican",0.5366435492084336
2024,Married,78,16,3,Very happy,Retired,Not very strong republican,0.5248584217154412
2024,Never married,36,12,0,Pretty happy,Working full time,Other party,0.6593631073044326
2024,Never married,42,9,0,Pretty happy,Working full time,Not very strong republican,0.25464779895438977
2024,Married,51,14,2,Very happy,Working part time,Not very strong democrat,0.5665739218587237
2024,Married,76,11,2,Very happy,Keeping house,Strong republican,1.369312032376705
2024,Divorced,57,12,2,Pretty happy,Working part time,Strong republican,0.25213982966760573
2024,Married,33,16,2,Very happy,Working full time,Not very strong republican,0.47177404284862207
2024,Married,69,12,2,Very happy,Retired,Strong democrat,0.5933519035100843
2024,Married,64,14,3,Pretty happy,Other,"Independent, close to democrat",1.2889570544378912
2024,Divorced,67,13,4,Pretty happy,Retired,"Independent, close to republican",0.2640567137173797
2024,Widowed,70,15,3,Very happy,Retired,"Independent, close to democrat",2.7686692678906404
2024,Divorced,58,12,2,Pretty happy,Working full time,Strong republican,0.8604280914182285
2024,Never married,66,12,0,Pretty happy,Retired,"Independent, close to democrat",1.2897659176101557
2024,Divorced,53,12,4,Pretty happy,Working full time,"Independent (neither, no response)",2.1013493867331747
2024,Married,70,12,2,Pretty happy,Retired,"Independent, close to democrat",0.5933519035100843
2024,Divorced,79,13,1,Pretty happy,Retired,"Independent (neither, no response)",0.23213752136873997
2024,Never married,31,11,2,Pretty happy,Working full time,Not very strong democrat,1.7675991638587425
2024,Never married,26,12,3,Pretty happy,Working full time,"Independent, close to republican",0.7236811654761145
2024,Never married,49,17,6,Pretty happy,Working full time,"Independent (neither, no response)",1.8154125490442337
2024,Married,26,12,1,Pretty happy,Keeping house,"Independent, close to democrat",0.7147933921298418
2024,Never married,50,14,2,Pretty happy,Working full time,Not very strong republican,0.5736187276121525
2024,Widowed,80,7,4,Pretty happy,Retired,"Independent (neither, no response)",0.5762604176377895
2024,Divorced,38,12,2,Pretty happy,Working full time,"Independent (neither, no response)",1.1593185059135829
2024,Married,67,15,4,Pretty happy,Retired,"Independent (neither, no response)",0.5933519035100843
2024,Never married,18,12,0,Pretty happy,Working part time,"Independent, close to republican",0.7236811654761145
2024,Married,40,17,0,Very happy,Working full time,"Independent, close to democrat",0.4275779471876415
2024,Married,37,16,2,Not too happy,Keeping house,"Independent (neither, no response)",0.5333400680434258
2024,Divorced,70,12,2,Not too happy,Retired,Other party,0.2640567137173797
2024,Never married,43,12,0,Not too happy,"Unemployed, laid off, looking for work",Other party,0.22024106360721565
2024,Widowed,68,11,2,Not too happy,Retired,"Independent, close to republican",0.23213752136873997
2024,Divorced,62,11,3,Pretty happy,Working full time,"Independent (neither, no response)",0.25628973678505135
2024,Divorced,44,14,1,Pretty happy,Keeping house,Not very strong democrat,0.18965239910876497
2024,Never married,57,NA,3,Pretty happy,Other,"Independent (neither, no response)",0.25628973678505135
2024,Divorced,55,10,1,Not too happy,Other,Other party,0.8342723881769426
2024,Divorced,72,10,3,Pretty happy,Other,Strong republican,0.22673438591218345
2024,Married,65,12,2,Pretty happy,Retired,"Independent, close to republican",0.782441231513303
2024,Never married,18,9,0,Not too happy,Working part time,"Independent (neither, no response)",0.646673640479805
2024,Never married,NA,12,2,Very happy,Keeping house,NA,0.23213752136873997
2024,Never married,49,18,NA,Not too happy,Working full time,Other party,0.09943530558952664
2024,Never married,27,14,2,Pretty happy,Working full time,"Independent, close to democrat",0.16235956907348467
2024,Never married,60,11,0,Pretty happy,Working part time,"Independent, close to democrat",0.363395261205078
2024,Separated,40,13,2,Pretty happy,Working full time,"Independent (neither, no response)",0.1278682300180663
2024,Divorced,62,15,6,Pretty happy,Working full time,Not very strong democrat,0.14638811313657862
2024,Never married,45,15,2,Pretty happy,Keeping house,"Independent (neither, no response)",0.121361997994604
2024,Married,45,14,2,Very happy,Working full time,Strong democrat,0.25259567400823646
2024,Never married,48,16,3,Pretty happy,Working full time,Strong democrat,0.2762333882957367
2024,Separated,55,14,2,Pretty happy,Working full time,Strong democrat,0.31429511335365357
2024,Never married,36,16,2,Pretty happy,Working full time,Not very strong democrat,0.12114390615606586
2024,Never married,30,13,1,Pretty happy,Working part time,"Independent (neither, no response)",0.2958593233374259
2024,Never married,59,10,2,Not too happy,"Unemployed, laid off, looking for work","Independent, close to democrat",0.3194680189180143
2024,Divorced,67,13,1,Pretty happy,Retired,Strong democrat,0.12828315579159016
2024,Never married,47,14,2,Pretty happy,Working full time,"Independent (neither, no response)",0.11241151024083287
2024,Married,64,16,0,Very happy,Working part time,Not very strong democrat,0.7062407205896907
2024,Never married,60,11,0,Pretty happy,Working full time,"Independent, close to democrat",0.363395261205078
2024,Married,32,14,2,Not too happy,Working full time,"Independent, close to republican",0.3096482072028713
2024,Never married,51,12,3,Not too happy,Keeping house,"Independent (neither, no response)",0.3951749334086527
2024,Never married,60,14,4,Not too happy,Retired,"Independent (neither, no response)",0.14585308818727066
2024,Divorced,62,12,0,Pretty happy,Retired,Strong democrat,0.14638811313657862
2024,Never married,27,11,4,Not too happy,"Unemployed, laid off, looking for work","Independent (neither, no response)",0.4030429571665821
2024,Never married,23,12,3,Pretty happy,"Unemployed, laid off, looking for work","Independent (neither, no response)",0.3965167854300035
2024,Never married,25,14,2,Pretty happy,"Unemployed, laid off, looking for work",Strong democrat,0.16235956907348467
2024,Never married,33,13,3,Not too happy,Working full time,"Independent (neither, no response)",0.12114390615606586
2024,Never married,47,20,1,Pretty happy,Working full time,"Independent (neither, no response)",0.11310778139888228
2024,Separated,57,15,2,Not too happy,Working full time,Strong democrat,0.14638811313657862
2024,Divorced,66,14,2,Not too happy,Keeping house,Strong democrat,0.13477511183445545
2024,Never married,39,16,3,Not too happy,"Unemployed, laid off, looking for work",Strong democrat,0.26170684981048575
2024,Never married,38,12,0,Not too happy,Keeping house,Strong democrat,0.14006937922528534
2024,Married,75,12,8,Not too happy,Retired,Strong democrat,0.7396197737507532
2024,Separated,75,12,5,Very happy,"Unemployed, laid off, looking for work","Independent (neither, no response)",0.34705380149408865
2024,Widowed,73,8,4,Pretty happy,Retired,"Independent, close to democrat",0.1204335781748857
2024,Never married,66,12,6,Pretty happy,Retired,Strong democrat,0.3291496423988409
2024,Never married,52,14,0,Not too happy,Working full time,Strong democrat,0.29277622627315725
2024,Never married,34,14,2,Pretty happy,Working full time,Strong democrat,0.12114390615606586
2024,Never married,61,11,0,Very happy,Keeping house,Strong democrat,0.3194680189180143
2024,Never married,44,12,6,Very happy,Working part time,Strong democrat,0.11241151024083287
2024,Separated,34,13,4,Pretty happy,Working full time,Strong democrat,0.12114390615606586
2024,Never married,53,11,3,Not too happy,Keeping house,"Independent, close to democrat",0.12869270871008137
2024,Married,47,12,1,Pretty happy,Working full time,Not very strong democrat,0.35085807041301875
2024,Married,43,11,5,Pretty happy,Keeping house,Strong democrat,0.3851296256324716
2024,Divorced,44,12,3,Pretty happy,"Unemployed, laid off, looking for work",Strong democrat,0.11241151024083287
2024,Never married,52,12,8,Not too happy,Keeping house,Strong democrat,0.14638811313657862
2024,Never married,49,8,8,Very happy,Keeping house,"Independent (neither, no response)",0.27905141511259357
2024,Widowed,62,12,0,Pretty happy,Retired,Strong democrat,0.14879747889769487
2024,Never married,28,12,0,Pretty happy,Keeping house,"Independent (neither, no response)",0.3965167854300035
2024,Never married,39,12,4,Pretty happy,Keeping house,Not very strong republican,0.3365403411843637
2024,Never married,50,14,2,Pretty happy,Working full time,Strong democrat,0.31429511335365357
2024,Never married,28,14,2,Pretty happy,"Unemployed, laid off, looking for work",Not very strong democrat,0.16235956907348467
2024,Never married,44,16,0,Not too happy,Working full time,Strong democrat,0.09943530558952664
2024,Widowed,44,13,5,Very happy,Working full time,Not very strong democrat,0.11241151024083287
2024,Never married,42,13,3,Pretty happy,Working part time,"Independent (neither, no response)",0.3122815600874137
2024,Never married,29,12,2,Pretty happy,"Unemployed, laid off, looking for work",Not very strong republican,0.3965167854300035
2024,Never married,24,11,0,Pretty happy,"Unemployed, laid off, looking for work","Independent (neither, no response)",0.49509541523725215
2024,Never married,80,11,5,Pretty happy,Keeping house,Strong republican,0.2941245505161764
2024,Divorced,63,15,1,Not too happy,Retired,"Independent, close to democrat",0.14638811313657862
2024,Widowed,60,14,0,Pretty happy,Working full time,Strong democrat,0.31429511335365357
2024,Never married,51,16,2,Very happy,Working part time,Not very strong democrat,0.11383708652534924
2024,Married,42,12,3,Very happy,Working full time,Strong democrat,0.2873278872995811
2024,Never married,30,11,6,Pretty happy,Working full time,NA,0.3007287987919746
2024,Never married,64,14,4,Very happy,In school,Strong democrat,0.12869270871008137
2024,Never married,22,12,2,Not too happy,In school,"Independent (neither, no response)",0.16235956907348467
2024,Married,42,11,0,Pretty happy,Working part time,Strong republican,0.33395765653539145
2024,Married,39,8,2,Very happy,Keeping house,"Independent (neither, no response)",0.8871388379917089
2024,Married,66,14,2,Very happy,Retired,Strong democrat,0.8536072392433188
2024,Married,82,12,2,Pretty happy,Retired,"Independent, close to republican",0.9709792758660372
2024,Widowed,89,12,3,Very happy,Keeping house,"Independent (neither, no response)",0.3798769685688312
2024,Married,64,16,1,Pretty happy,Retired,Not very strong democrat,0.8201325180635106
2024,Separated,60,10,1,Pretty happy,Retired,Strong republican,1.431205384580335
2024,Widowed,64,11,2,Pretty happy,Other,"Independent, close to democrat",0.4315993855428817
2024,Divorced,63,18,1,Pretty happy,Retired,"Independent, close to democrat",0.3649798648179945
2024,Never married,40,14,1,Not too happy,"Unemployed, laid off, looking for work","Independent (neither, no response)",0.3604092397651947
2024,Married,84,16,4,Pretty happy,Retired,"Independent, close to republican",0.8588944389234406
2024,Never married,25,17,0,Not too happy,Working full time,Not very strong democrat,1.1842540823667314
2024,Married,85,16,5,Pretty happy,Retired,Strong republican,0.4294472194617203
2024,Married,59,19,1,Pretty happy,Retired,"Independent (neither, no response)",0.8201325180635106
2024,Married,79,18,2,Pretty happy,Retired,Strong democrat,0.8588944389234406
2024,Married,67,12,2,Very happy,Retired,"Independent, close to republican",4.169382814404347
2024,Married,84,12,4,Not too happy,Keeping house,Strong democrat,0.8536072392433188
2024,Never married,52,12,0,Pretty happy,Working full time,"Independent (neither, no response)",2.2924751105277767
2024,Widowed,83,12,5,Very happy,Retired,Strong republican,1.8554815745739337
2024,Divorced,45,18,0,Not too happy,Working full time,Not very strong republican,0.3188054569906789
2024,Married,49,16,1,Very happy,Working full time,"Independent (neither, no response)",0.9212190566884246
2024,Separated,48,20,2,Pretty happy,"Unemployed, laid off, looking for work","Independent (neither, no response)",0.7252831924090853
2024,Widowed,75,16,2,Pretty happy,Retired,"Independent, close to democrat",0.4321105151194809
2024,Widowed,71,20,1,Very happy,Retired,Strong republican,0.33602593164293126
2024,Married,65,16,0,Pretty happy,Retired,Strong democrat,0.24103376461168216
2024,Married,73,12,8,Pretty happy,Retired,Strong democrat,0.6199118245327403
2024,Never married,55,12,0,Pretty happy,Other,Strong democrat,0.599295342134442
2024,Widowed,58,12,4,Not too happy,Other,"Independent (neither, no response)",3.4311637914815996
2024,Never married,44,17,0,Not too happy,Working part time,"Independent, close to democrat",0.2300996066080033
2024,Never married,62,13,1,Very happy,Retired,Strong republican,0.26342624153048416
2024,Divorced,55,15,2,Very happy,Working full time,Strong republican,0.26342624153048416
2024,Never married,48,11,8,Pretty happy,Working full time,"Independent, close to democrat",0.7387492888771825
2024,Widowed,76,17,0,Not too happy,Retired,Strong democrat,0.21453233199986732
2024,Widowed,82,18,1,Pretty happy,Retired,Other party,0.6435969959996011
2024,Divorced,77,16,2,Pretty happy,Retired,Strong democrat,0.21453233199986732
2024,Married,63,12,0,Pretty happy,Working full time,"Independent, close to republican",0.6362567902651367
2024,Widowed,86,12,4,Pretty happy,Retired,"Independent (neither, no response)",0.7897422027836025
2024,Married,55,18,1,Very happy,Working part time,Not very strong democrat,0.5236052491212231
2024,Married,NA,16,2,Pretty happy,Working full time,"Independent, close to republican",2.084666343304866
2024,Married,65,12,2,Very happy,Retired,Not very strong democrat,0.5449768437557133
2024,Married,71,13,3,Not too happy,Retired,Strong republican,0.9298677367991104
2024,Divorced,76,13,3,Not too happy,Retired,Strong republican,0.2425285796892337
2024,Married,25,14,0,Very happy,Working part time,Strong republican,0.746789339105282
2024,Married,75,16,2,Pretty happy,Retired,Strong republican,1.5697493174088328
2024,Married,NA,20,2,Pretty happy,Retired,Not very strong republican,0.7374122707598565
2024,Widowed,83,15,3,Very happy,Retired,Strong democrat,0.275876555231913
2024,Never married,56,13,1,Not too happy,Other,"Independent (neither, no response)",0.299647671067221
2024,Divorced,74,13,2,Pretty happy,Working part time,"Independent, close to republican",0.8983327189907864
2024,Married,29,13,0,Very happy,Working full time,"Independent (neither, no response)",0.746789339105282
2024,Married,38,12,2,Not too happy,Keeping house,Not very strong republican,0.55721370862948
2024,Divorced,77,12,2,Pretty happy,Retired,Not very strong republican,1.579484405567205
2024,Divorced,45,12,1,Pretty happy,Working part time,Not very strong republican,0.7852157495736038
2024,Divorced,54,13,3,Pretty happy,Working full time,"Independent, close to republican",1.7155818957407998
2024,Married,58,12,0,Pretty happy,Working part time,Strong republican,0.6733270042904307
2024,Married,46,12,2,Very happy,Other,Strong republican,0.5881429196485153
2024,Never married,27,13,0,Pretty happy,Working full time,Not very strong democrat,0.7560749515024577
2024,Married,52,12,3,Very happy,Keeping house,"Independent, close to republican",0.591935193186993
2024,Divorced,73,20,0,Not too happy,Keeping house,"Independent, close to democrat",0.21453233199986732
2024,Married,60,16,2,Very happy,Retired,Not very strong republican,0.591935193186993
2024,Never married,24,12,0,Not too happy,"With a job, but not at work because of temporary illness, vacation, strike",Not very strong democrat,4.788237118419987
2024,Married,71,16,3,Pretty happy,Retired,Not very strong democrat,0.5483524025156564
2024,Married,39,18,4,Pretty happy,Working full time,Strong democrat,1.825685292763486
2024,Married,83,19,2,Not too happy,Retired,Strong democrat,0.5483524025156564
2024,Married,84,20,3,Pretty happy,Working part time,Not very strong democrat,0.5483524025156564
2024,Married,68,14,4,Pretty happy,Working part time,"Independent, close to democrat",0.6199118245327403
2024,Married,74,12,3,Pretty happy,Retired,"Independent (neither, no response)",0.5449768437557133
2024,Separated,51,20,3,Pretty happy,Working full time,"Independent, close to democrat",0.932070702395718
2024,Married,69,18,2,Pretty happy,Retired,Not very strong democrat,0.4820675292233643
