title,author,date_time,date,month,day,column,url
Find your tree,Arnav Jain,2026-09-29T12:00:00Z,2026-09-29,Sep,29,Opinion,https://www2.stat.duke.edu/~cr173/data/dukechronicle-opinion/www.dukechronicle.com/article/find-your-tree-20260929.html
"‘I hate Barack Obama’: Mitt Romney encourages political retribution, urges extremism in Sanford lecture",Monday Monday,2026-09-28T21:42:00Z,2026-09-28,Sep,28,Campus Voices,https://www2.stat.duke.edu/~cr173/data/dukechronicle-opinion/www.dukechronicle.com/article/20260928-mondaymonday-20260928.html
Duke’s Roots of Faith,Luke A. Powery,2026-09-28T14:36:00Z,2026-09-28,Sep,28,Campus Voices,https://www2.stat.duke.edu/~cr173/data/dukechronicle-opinion/www.dukechronicle.com/article/20260928-lukepowery-20260928.html
Music’s connection to the self and the past,Robert Wallace,2026-09-24T10:00:00Z,2026-09-24,Sep,24,Campus Voices,https://www2.stat.duke.edu/~cr173/data/dukechronicle-opinion/www.dukechronicle.com/article/musics-connection-to-the-self-and-the-past-20260924.html
Response to the DukeEngage Ghana Revelations,Charles D. Piot,2026-09-23T20:27:00Z,2026-09-23,Sep,23,Opinion,https://www2.stat.duke.edu/~cr173/data/dukechronicle-opinion/www.dukechronicle.com/article/response-dukeengage-ghana-20260923.html
Sacrality of the University,Luke A. Powery,2026-09-15T02:19:00Z,2026-09-15,Sep,15,Campus Voices,https://www2.stat.duke.edu/~cr173/data/dukechronicle-opinion/www.dukechronicle.com/article/20260914-lukepowery-20260915.html
The Chronicle’s Board of Directors supports student press freedom,Duke Student Publishing Company Board,2026-09-05T00:37:00Z,2026-09-05,Sep,5,Opinion,https://www2.stat.duke.edu/~cr173/data/dukechronicle-opinion/www.dukechronicle.com/article/20260409-dukestudentboard-20260905.html
Do you,Luke A. Powery,2026-08-31T13:57:00Z,2026-08-31,Aug,31,Campus Voices,https://www2.stat.duke.edu/~cr173/data/dukechronicle-opinion/www.dukechronicle.com/article/lukepowery-doyou-20260831.html
Community members share remembrances for Alex Dittmar,Remembrances,2026-08-30T16:29:00Z,2026-08-30,Aug,30,Campus Voices,https://www2.stat.duke.edu/~cr173/data/dukechronicle-opinion/www.dukechronicle.com/article/20260830-alexdittarcommunity-20260830.html
The Chronicle is accepting remembrances for Alex Dittmar,Remembrances,2026-08-28T12:00:00Z,2026-08-28,Aug,28,Campus Voices,https://www2.stat.duke.edu/~cr173/data/dukechronicle-opinion/www.dukechronicle.com/article/20260827-remembrances-alex-dittmar-20260828.html
Duke should call the Justice Department’s bluff,Leo Goldberg,2026-08-11T16:49:00Z,2026-08-11,Aug,11,Campus Voices,https://www2.stat.duke.edu/~cr173/data/dukechronicle-opinion/www.dukechronicle.com/article/duke-calling-doj-departmentofjustice-bluff-20260811.html
"Scott Dyreng’s AI classroom: Actually, we liked it.",The Students of Scott Dyreng’s Tax and Global Management Decisions Class,2026-06-19T10:00:00Z,2026-06-19,Jun,19,Opinion,https://www2.stat.duke.edu/~cr173/data/dukechronicle-opinion/www.dukechronicle.com/article/scott-dyrengs-ai-classroom-actually-we-liked-it-20260619.html
Credit to my teammates,Sophie Levenson,2026-05-09T01:30:00Z,2026-05-09,May,9,Campus Voices,https://www2.stat.duke.edu/~cr173/data/dukechronicle-opinion/www.dukechronicle.com/article/credit-to-my-teammates-20260509.html
Duke is increasing writing course sizes again: Here's why that's a bad idea,"Lecturers, Instructors and Professors of the Thompson Writing Program",2026-05-05T12:00:00Z,2026-05-05,May,5,Opinion,https://www2.stat.duke.edu/~cr173/data/dukechronicle-opinion/www.dukechronicle.com/article/duke-increase-writing-sizes-bad-idea-20260505.html
In defense of legacy admissions,Tate Arges,2026-05-02T12:00:00Z,2026-05-02,May,2,Campus Voices,https://www2.stat.duke.edu/~cr173/data/dukechronicle-opinion/www.dukechronicle.com/article/in-defense-of-legacy-admissions-20260502.html
"Sanford, I can’t change the world",Jasmine Fan,2026-04-26T10:00:00Z,2026-04-26,Apr,26,Campus Voices,https://www2.stat.duke.edu/~cr173/data/dukechronicle-opinion/www.dukechronicle.com/article/sanford-i-cant-change-the-world-20260426.html
Things I’ve found in a second review,Andrew Negus,2026-04-25T04:00:00Z,2026-04-25,Apr,25,Campus Voices,https://www2.stat.duke.edu/~cr173/data/dukechronicle-opinion/www.dukechronicle.com/article/things-ive-found-in-a-second-review-20260425.html
The weight of the story,Lucas Lin,2026-04-24T02:52:00Z,2026-04-24,Apr,24,Campus Voices,https://www2.stat.duke.edu/~cr173/data/dukechronicle-opinion/www.dukechronicle.com/article/the-weight-of-the-story-20260424.html
Farewell columns 2026,Staff Reports,2026-04-22T10:05:00Z,2026-04-22,Apr,22,Campus Voices,https://www2.stat.duke.edu/~cr173/data/dukechronicle-opinion/www.dukechronicle.com/article/farewell-columns-2026-landing-page-20260422.html
"For the first time, I couldn't pick a bead",Ana Despa,2026-04-22T10:02:00Z,2026-04-22,Apr,22,Campus Voices,https://www2.stat.duke.edu/~cr173/data/dukechronicle-opinion/www.dukechronicle.com/article/i-could-not-pick-a-bead-chronicle-farewell-column-ana-despa-editor-in-chief-volume-121-20260422.html
It was all a gift,Amy Zhang,2026-04-22T10:01:00Z,2026-04-22,Apr,22,Campus Voices,https://www2.stat.duke.edu/~cr173/data/dukechronicle-opinion/www.dukechronicle.com/article/it-was-all-a-gift-20260422.html
A house of glass,Shambhavi Sinha,2026-04-22T10:01:00Z,2026-04-22,Apr,22,Campus Voices,https://www2.stat.duke.edu/~cr173/data/dukechronicle-opinion/www.dukechronicle.com/article/pictures-on-a-wall-and-houses-made-of-glass-20260422.html
On buzzer-beaters and belief,Abby DiSalvo,2026-04-22T10:01:00Z,2026-04-22,Apr,22,Campus Voices,https://www2.stat.duke.edu/~cr173/data/dukechronicle-opinion/www.dukechronicle.com/article/on-buzzer-beaters-and-belief-20260422.html
All my favorite singers couldn't sing,Kadin Purath,2026-04-22T10:01:00Z,2026-04-22,Apr,22,Campus Voices,https://www2.stat.duke.edu/~cr173/data/dukechronicle-opinion/www.dukechronicle.com/article/all-my-favorite-singers-couldnt-sing-20260422.html
Why I’m staying,Claire Cranford,2026-04-22T10:01:00Z,2026-04-22,Apr,22,Campus Voices,https://www2.stat.duke.edu/~cr173/data/dukechronicle-opinion/www.dukechronicle.com/article/why-im-staying-20260422.html
I’ll read this when I’m older,Anna Garziera,2026-04-22T10:00:00Z,2026-04-22,Apr,22,Campus Voices,https://www2.stat.duke.edu/~cr173/data/dukechronicle-opinion/www.dukechronicle.com/article/ill-read-this-when-im-older-20260422.html
The things we love,Martin Heintzelman,2026-04-22T10:00:00Z,2026-04-22,Apr,22,Campus Voices,https://www2.stat.duke.edu/~cr173/data/dukechronicle-opinion/www.dukechronicle.com/article/the-things-we-love-20260422.html
Chasing the story,Jun Tan,2026-04-22T10:00:00Z,2026-04-22,Apr,22,Campus Voices,https://www2.stat.duke.edu/~cr173/data/dukechronicle-opinion/www.dukechronicle.com/article/chasing-the-story-20260422.html
An ode to Opinion,Anna Sorensen,2026-04-22T10:00:00Z,2026-04-22,Apr,22,Campus Voices,https://www2.stat.duke.edu/~cr173/data/dukechronicle-opinion/www.dukechronicle.com/article/an-ode-to-opinion-20260422.html
An ode to IM Chron sports,Luke Jovanovic,2026-04-22T10:00:00Z,2026-04-22,Apr,22,Campus Voices,https://www2.stat.duke.edu/~cr173/data/dukechronicle-opinion/www.dukechronicle.com/article/an-ode-to-im-chron-sports-20260422.html
Do things for the plot,Arnav Jindal,2026-04-22T10:00:00Z,2026-04-22,Apr,22,Campus Voices,https://www2.stat.duke.edu/~cr173/data/dukechronicle-opinion/www.dukechronicle.com/article/20260421-farewell-jindal-arnav-20260422.html
Driving through the storm,Zoe Kolenovsky,2026-04-22T10:00:00Z,2026-04-22,Apr,22,Campus Voices,https://www2.stat.duke.edu/~cr173/data/dukechronicle-opinion/www.dukechronicle.com/article/driving-through-the-storm-20260422.html
Journalism is the best teacher,Ranjan Jindal,2026-04-22T10:00:00Z,2026-04-22,Apr,22,Campus Voices,https://www2.stat.duke.edu/~cr173/data/dukechronicle-opinion/www.dukechronicle.com/article/journalism-is-the-best-teacher-20260422.html
Finding my way back home,Mackenzie Sheehy,2026-04-22T10:00:00Z,2026-04-22,Apr,22,Campus Voices,https://www2.stat.duke.edu/~cr173/data/dukechronicle-opinion/www.dukechronicle.com/article/finding-my-way-back-home-20260422.html
 Art is for everyone,Zev van Zanten,2026-04-22T10:00:00Z,2026-04-22,Apr,22,Campus Voices,https://www2.stat.duke.edu/~cr173/data/dukechronicle-opinion/www.dukechronicle.com/article/20260421-farewell-van-zanten-20260422.html
Beyond the bounds of uncertainty,Dom Fenoglio,2026-04-22T10:00:00Z,2026-04-22,Apr,22,Campus Voices,https://www2.stat.duke.edu/~cr173/data/dukechronicle-opinion/www.dukechronicle.com/article/beyond-the-bounds-of-uncertainty-20260422.html
The stories I didn’t write,Mia Penner,2026-04-22T10:00:00Z,2026-04-22,Apr,22,Campus Voices,https://www2.stat.duke.edu/~cr173/data/dukechronicle-opinion/www.dukechronicle.com/article/the-stories-i-didnt-write-20260422.html
“Monday Monday is just like us!” cry adoring fans,Landen Meier and Monday Monday,2026-04-20T10:00:00Z,2026-04-20,Apr,20,Campus Voices,https://www2.stat.duke.edu/~cr173/data/dukechronicle-opinion/www.dukechronicle.com/article/monday-monday-is-just-like-us-cry-adoring-fans-20260420.html
"In suspending SJP, Duke administration gets its long-desired, cheap victory",Leo Goldberg,2026-04-20T10:00:00Z,2026-04-20,Apr,20,Campus Voices,https://www2.stat.duke.edu/~cr173/data/dukechronicle-opinion/www.dukechronicle.com/article/in-suspending-sjp-duke-administration-gets-its-long-desired-cheap-victory-20260420.html
Flourishing from an integrated education,Luke A. Powery,2026-04-20T09:00:00Z,2026-04-20,Apr,20,Campus Voices,https://www2.stat.duke.edu/~cr173/data/dukechronicle-opinion/www.dukechronicle.com/article/flourishing-from-an-integrated-education-20260420.html
Stop saving “yes” for senior year,Gabrielle Mollin,2026-04-19T10:00:00Z,2026-04-19,Apr,19,Campus Voices,https://www2.stat.duke.edu/~cr173/data/dukechronicle-opinion/www.dukechronicle.com/article/stop-saving-yes-for-senior-year-20260419.html
Duke Mi Gente condemns the removal of Latino Student Recruitment Weekend,"Aaron Andino, Yeddailin Gonzalez and Krishna Shah",2026-04-17T18:00:00Z,2026-04-17,Apr,17,Opinion,https://www2.stat.duke.edu/~cr173/data/dukechronicle-opinion/www.dukechronicle.com/article/duke-mi-gente-condemns-the-removal-of-lsrw-20260417.html
Is WU eating healthy?,Naima Sheikh-Mohamed,2026-04-17T10:00:00Z,2026-04-17,Apr,17,Campus Voices,https://www2.stat.duke.edu/~cr173/data/dukechronicle-opinion/www.dukechronicle.com/article/is-wu-eating-healthy-20260417.html
"There can be no liberal arts at Duke, without the arts",Stella Kaye,2026-04-16T16:00:00Z,2026-04-16,Apr,16,Campus Voices,https://www2.stat.duke.edu/~cr173/data/dukechronicle-opinion/www.dukechronicle.com/article/there-can-be-no-liberal-arts-at-duke-without-the-arts-20260416.html
AI for medical diagnosis: Where does Duke stand?,Anagha Gowda,2026-04-09T23:49:00Z,2026-04-09,Apr,9,Campus Voices,https://www2.stat.duke.edu/~cr173/data/dukechronicle-opinion/www.dukechronicle.com/article/ai-for-medical-diagnosis-where-does-duke-stand-20260409.html
Adventures in chaos,Robert Wallace,2026-04-09T11:00:00Z,2026-04-09,Apr,9,Campus Voices,https://www2.stat.duke.edu/~cr173/data/dukechronicle-opinion/www.dukechronicle.com/article/adventures-in-chaos-20260409.html
Don’t give me the Duke answer: Say what you really think,Sarah Pusser,2026-04-09T10:00:00Z,2026-04-09,Apr,9,Campus Voices,https://www2.stat.duke.edu/~cr173/data/dukechronicle-opinion/www.dukechronicle.com/article/say-what-you-really-think-20260409.html
Kant wouldn’t want you to be on your phone,Ryan Growney,2026-04-08T20:00:00Z,2026-04-08,Apr,8,Campus Voices,https://www2.stat.duke.edu/~cr173/data/dukechronicle-opinion/www.dukechronicle.com/article/kant-wouldnt-want-you-to-be-on-your-phone-20260408.html
Community members share remembrances for Abigail Yohannes,Remembrances,2026-04-06T21:13:00Z,2026-04-06,Apr,6,Campus Voices,https://www2.stat.duke.edu/~cr173/data/dukechronicle-opinion/www.dukechronicle.com/article/community-remembrances-abigail-yohannes-20260406.html
"Under, but not over",Luke A. Powery,2026-04-06T10:00:00Z,2026-04-06,Apr,6,Campus Voices,https://www2.stat.duke.edu/~cr173/data/dukechronicle-opinion/www.dukechronicle.com/article/under-but-not-over-20260406.html
Freedom of the press includes the right to offend,Leo Goldberg,2026-04-06T10:00:00Z,2026-04-06,Apr,6,Campus Voices,https://www2.stat.duke.edu/~cr173/data/dukechronicle-opinion/www.dukechronicle.com/article/freedom-of-the-press-includes-the-right-to-offend-20260406.html
Jesus issues Easter retraction: “I forgive everybody’s sins except for Hill After Hours”,Monday Monday,2026-04-06T10:00:00Z,2026-04-06,Apr,6,Opinion,https://www2.stat.duke.edu/~cr173/data/dukechronicle-opinion/www.dukechronicle.com/article/jesus-issues-easter-retraction-i-forgive-everybodys-sins-except-for-hill-after-hours-20260406.html
The Chronicle is accepting remembrances for Abigail Yohannes,Remembrances,2026-04-06T02:44:00Z,2026-04-06,Apr,6,Campus Voices,https://www2.stat.duke.edu/~cr173/data/dukechronicle-opinion/www.dukechronicle.com/article/remembrances-abigail-yohannes-20260406.html
The West House Barber: Why big impact starts with small cuts,Jacob Kim,2026-04-03T10:00:00Z,2026-04-03,Apr,3,Campus Voices,https://www2.stat.duke.edu/~cr173/data/dukechronicle-opinion/www.dukechronicle.com/article/the-west-house-barber-why-big-impact-start-with-small-cuts-20260403.html
Why I would rather go live on a farm,Ryan Growney,2026-04-02T10:00:00Z,2026-04-02,Apr,2,Campus Voices,https://www2.stat.duke.edu/~cr173/data/dukechronicle-opinion/www.dukechronicle.com/article/why-i-would-rather-go-live-on-a-farm-20260402.html
My brain is rotting,Alex Berkman,2026-03-30T21:00:00Z,2026-03-30,Mar,30,Campus Voices,https://www2.stat.duke.edu/~cr173/data/dukechronicle-opinion/www.dukechronicle.com/article/my-brain-is-rotting-20260330.html
Engineering Student Government endorses Yash Sharma for DSG president,Anavi Kaul and Anika Suman,2026-03-29T22:00:00Z,2026-03-29,Mar,29,Letters To The Editor,https://www2.stat.duke.edu/~cr173/data/dukechronicle-opinion/www.dukechronicle.com/article/engineering-student-government-endorses-yash-sharma-for-dsg-president-20260329.html
Round Table endorses Angela Chen for DSG president,Latham Hall and Ethan Kothavale,2026-03-29T18:14:00Z,2026-03-29,Mar,29,Letters To The Editor,https://www2.stat.duke.edu/~cr173/data/dukechronicle-opinion/www.dukechronicle.com/article/round-table-endorses-angela-chen-duke-student-government-dsg-president-20260329.html
Black Student Alliance endorses Angela Chen for DSG president,Makyla Pirtle,2026-03-29T18:03:00Z,2026-03-29,Mar,29,Letters To The Editor,https://www2.stat.duke.edu/~cr173/data/dukechronicle-opinion/www.dukechronicle.com/article/black-student-alliance-endorses-angela-chen-duke-student-government-dsg-president-20260329.html
The April myth,Anna Garziera,2026-03-29T10:00:00Z,2026-03-29,Mar,29,Campus Voices,https://www2.stat.duke.edu/~cr173/data/dukechronicle-opinion/www.dukechronicle.com/article/the-april-myth-20260329.html
Duke Creator Lab endorses Angela Chen for DSG president,Josh Cho,2026-03-28T20:26:00Z,2026-03-28,Mar,28,Letters To The Editor,https://www2.stat.duke.edu/~cr173/data/dukechronicle-opinion/www.dukechronicle.com/article/creator-lab-endorses-angela-chen-duke-student-government-dsg-president-20260328.html
Beyond Borders endorses Yash Sharma for DSG president,Suhhyun Lee,2026-03-28T15:08:00Z,2026-03-28,Mar,28,Letters To The Editor,https://www2.stat.duke.edu/~cr173/data/dukechronicle-opinion/www.dukechronicle.com/article/beyond-borders-endorses-yash-sharma-duke-student-government-dsg-president-20260328.html
Hoof ’n’ Horn endorses Angela Chen for DSG president,Sophia Horridge,2026-03-27T21:50:00Z,2026-03-27,Mar,27,Letters To The Editor,https://www2.stat.duke.edu/~cr173/data/dukechronicle-opinion/www.dukechronicle.com/article/hoofnhorn-endorses-angela-chen-for-dsg-president-20260327.html
Muslim Students Association endorses Angela Chen for DSG president,Yasmine Abdel-Rahman,2026-03-27T19:39:00Z,2026-03-27,Mar,27,Letters To The Editor,https://www2.stat.duke.edu/~cr173/data/dukechronicle-opinion/www.dukechronicle.com/article/muslim-students-association-endorses-angela-chen-for-duke-student-government-dsg-president-20260327.html
Duke Questbridge endorses Angela Chen for DSG president,Fernanda Ivana Villalva Moreno,2026-03-26T14:35:00Z,2026-03-26,Mar,26,Letters To The Editor,https://www2.stat.duke.edu/~cr173/data/dukechronicle-opinion/www.dukechronicle.com/article/duke-questbridge-chapter-endorses-angela-chen-student-government-dsg-president-20260326.html
Mi Gente endorses Angela Chen for DSG president,Yeddailin Gonzalez and Aaron Andino,2026-03-26T14:21:00Z,2026-03-26,Mar,26,Letters To The Editor,https://www2.stat.duke.edu/~cr173/data/dukechronicle-opinion/www.dukechronicle.com/article/mi-gente-endorses-angela-chen-for-dsg-president-20260326.html
Faculty oversight is a necessity for AI at Duke,Robin Kirk,2026-03-26T10:00:00Z,2026-03-26,Mar,26,Opinion,https://www2.stat.duke.edu/~cr173/data/dukechronicle-opinion/www.dukechronicle.com/article/faculty-oversight-is-a-necessity-for-ai-at-duke-20260326.html
"Dear professors, stop force feeding us AI",Wendy House,2026-03-25T10:00:00Z,2026-03-25,Mar,25,Campus Voices,https://www2.stat.duke.edu/~cr173/data/dukechronicle-opinion/www.dukechronicle.com/article/dear-professors-stop-force-feeding-us-ai-20260325.html
Progress Period retracts its endorsement of Edison Chen for DSG president,Sneha Sengupta,2026-03-25T00:53:00Z,2026-03-25,Mar,25,Letters To The Editor,https://www2.stat.duke.edu/~cr173/data/dukechronicle-opinion/www.dukechronicle.com/article/duke-progress-period-endorses-edison-chen-student-government-dsg-president-20260325.html
Carbon offsets or net zero? The administration’s lack of transparency makes it difficult to answer,Carbon Reduction Resource Allocation Ad Hoc Committee,2026-03-24T18:00:00Z,2026-03-24,Mar,24,Opinion,https://www2.stat.duke.edu/~cr173/data/dukechronicle-opinion/www.dukechronicle.com/article/carbon-offsets-or-net-zero-20260324.html
Sunrise Duke endorses Angela Chen for DSG president,Artivista Karlin and Claire Stafford,2026-03-24T16:27:00Z,2026-03-24,Mar,24,Letters To The Editor,https://www2.stat.duke.edu/~cr173/data/dukechronicle-opinion/www.dukechronicle.com/article/duke-sunrise-movement-endorses-angela-chen-student-government-dsg-president-20260324.html
The Sanford School’s crisis of meaning,Sherman Criner,2026-03-24T10:00:00Z,2026-03-24,Mar,24,Campus Voices,https://www2.stat.duke.edu/~cr173/data/dukechronicle-opinion/www.dukechronicle.com/article/the-sanford-schools-crisis-of-meaning-20260324.html
Poetry during pandemonium,Luke A. Powery,2026-03-23T10:00:00Z,2026-03-23,Mar,23,Campus Voices,https://www2.stat.duke.edu/~cr173/data/dukechronicle-opinion/www.dukechronicle.com/article/poetry-during-pandemonium-20260323.html
"What’s missing at Duke: A curriculum of categories, not curiosity",Devyn Deschamps,2026-03-22T10:00:00Z,2026-03-22,Mar,22,Campus Voices,https://www2.stat.duke.edu/~cr173/data/dukechronicle-opinion/www.dukechronicle.com/article/whats-missing-at-duke-20260322.html
Before ICE comes knocking: Duke must become a Fourth Amendment campus,Adam Rosenblatt and Leila Zak,2026-03-19T10:00:00Z,2026-03-19,Mar,19,Opinion,https://www2.stat.duke.edu/~cr173/data/dukechronicle-opinion/www.dukechronicle.com/article/before-ice-comes-knocking-duke-20260319.html
"David James Duncan at Duke, silence and the search for meaning",Robert Wallace,2026-03-19T05:33:00Z,2026-03-19,Mar,19,Campus Voices,https://www2.stat.duke.edu/~cr173/data/dukechronicle-opinion/www.dukechronicle.com/article/david-james-duncan-at-duke-20260319.html
"The Chronicle is accepting endorsements for DSG presidential, EVP candidates",Ana Despa and Shambhavi Sinha,2026-03-18T13:05:00Z,2026-03-18,Mar,18,Opinion,https://www2.stat.duke.edu/~cr173/data/dukechronicle-opinion/www.dukechronicle.com/article/the-chronicle-accepting-duke-student-government-dsg-president-evp-endorsements-20260318.html
"At Duke, we are not getting a liberal arts education",Jasmine Fan,2026-03-17T20:00:00Z,2026-03-17,Mar,17,Campus Voices,https://www2.stat.duke.edu/~cr173/data/dukechronicle-opinion/www.dukechronicle.com/article/at-duke-we-are-not-getting-a-liberal-arts-education-20260317.html
Turnout trouble: Why aren’t women’s games a slam dunk?,Wendy House,2026-03-06T11:00:00Z,2026-03-06,Mar,6,Campus Voices,https://www2.stat.duke.edu/~cr173/data/dukechronicle-opinion/www.dukechronicle.com/article/turnout-trouble-why-aren-t-women-s-games-a-slam-dunk-20260306.html
Reclaiming history: Memory beneath the Atlantic,Robert Wallace,2026-03-05T20:00:00Z,2026-03-05,Mar,5,Campus Voices,https://www2.stat.duke.edu/~cr173/data/dukechronicle-opinion/www.dukechronicle.com/article/reclaiming-history-memory-beneath-the-atlantic-20260305.html
"No, actually: ‘AI in the humanities’ is not our advantage",Anna Sorensen,2026-03-04T11:00:00Z,2026-03-04,Mar,4,Campus Voices,https://www2.stat.duke.edu/~cr173/data/dukechronicle-opinion/www.dukechronicle.com/article/no-actually-ai-in-the-humanities-is-not-our-advantage-20260304.html
"Fuqua should focus on preparing students, not surveilling them",Shezaz Hannan,2026-03-03T11:00:00Z,2026-03-03,Mar,3,Opinion,https://www2.stat.duke.edu/~cr173/data/dukechronicle-opinion/www.dukechronicle.com/article/fuqua-should-focus-on-preparing-students-not-surveilling-them-20260303.html
Nida Allam and the fight to change the Democratic Party,Wesley Knott,2026-03-02T11:00:00Z,2026-03-02,Mar,2,Opinion,https://www2.stat.duke.edu/~cr173/data/dukechronicle-opinion/www.dukechronicle.com/article/nida-allam-and-the-fight-to-change-the-democratic-party-20260302.html
"Meet Thom Tillis, your senator",Kris Sun,2026-03-02T11:00:00Z,2026-03-02,Mar,2,Campus Voices,https://www2.stat.duke.edu/~cr173/data/dukechronicle-opinion/www.dukechronicle.com/article/meet-thom-tillis-your-senator-20260302.html
‘Abolish ICE!’ says Duke student who won’t vote,Monday Monday,2026-03-02T11:00:00Z,2026-03-02,Mar,2,Campus Voices,https://www2.stat.duke.edu/~cr173/data/dukechronicle-opinion/www.dukechronicle.com/article/abolish-ice-says-duke-student-who-wont-vote-20260302.html
Don’t forget,Luke A. Powery,2026-03-02T11:00:00Z,2026-03-02,Mar,2,Campus Voices,https://www2.stat.duke.edu/~cr173/data/dukechronicle-opinion/www.dukechronicle.com/article/dont-forget-20260302.html
The real heated rivalry: Jewish Life at Duke ,Stella Kaye,2026-03-01T11:00:00Z,2026-03-01,Mar,1,Campus Voices,https://www2.stat.duke.edu/~cr173/data/dukechronicle-opinion/www.dukechronicle.com/article/the-real-heated-rivalry-jewish-life-at-duke-20260301.html
Students can lead a new generation,Nida Allam,2026-02-27T11:00:00Z,2026-02-27,Feb,27,Opinion,https://www2.stat.duke.edu/~cr173/data/dukechronicle-opinion/www.dukechronicle.com/article/students-can-lead-a-new-generation-20260227.html
Why Valerie Foushee deserves reelection,Michael Parker,2026-02-27T11:00:00Z,2026-02-27,Feb,27,Opinion,https://www2.stat.duke.edu/~cr173/data/dukechronicle-opinion/www.dukechronicle.com/article/why-valerie-foushee-deserves-reelection-20260227.html
Community members share remembrances for Olivia Ayiku,Remembrances,2026-02-26T22:00:00Z,2026-02-26,Feb,26,Campus Voices,https://www2.stat.duke.edu/~cr173/data/dukechronicle-opinion/www.dukechronicle.com/article/remembrances-olivia-ayiku-69a09c6b86dec-20260226.html
"When history calls, will Duke students answer?",Gabrielle Mollin,2026-02-26T21:00:00Z,2026-02-26,Feb,26,Campus Voices,https://www2.stat.duke.edu/~cr173/data/dukechronicle-opinion/www.dukechronicle.com/article/when-history-calls-will-we-answer-20260226.html
After Stephen Buckley,Noor Nazir,2026-02-26T11:00:00Z,2026-02-26,Feb,26,Campus Voices,https://www2.stat.duke.edu/~cr173/data/dukechronicle-opinion/www.dukechronicle.com/article/after-stephen-buckley-20260226.html
 Why can’t I do everything?,Ryan Growney,2026-02-25T11:00:00Z,2026-02-25,Feb,25,Campus Voices,https://www2.stat.duke.edu/~cr173/data/dukechronicle-opinion/www.dukechronicle.com/article/why-cant-i-do-everything-20260225.html
The Chronicle is accepting remembrances for Olivia Ayiku,Remembrances,2026-02-24T22:30:00Z,2026-02-24,Feb,24,Campus Voices,https://www2.stat.duke.edu/~cr173/data/dukechronicle-opinion/www.dukechronicle.com/article/remembrances-olivia-ayiku-20260224.html
On writing,Anna Garziera,2026-02-22T11:00:00Z,2026-02-22,Feb,22,Campus Voices,https://www2.stat.duke.edu/~cr173/data/dukechronicle-opinion/www.dukechronicle.com/article/on-writing-20260222.html
North Carolina’s Zohran Mamdani: Nida Allam is exactly what Congress needs,Leo Goldberg,2026-02-20T11:00:00Z,2026-02-20,Feb,20,Campus Voices,https://www2.stat.duke.edu/~cr173/data/dukechronicle-opinion/www.dukechronicle.com/article/north-carolinas-zohran-mamdani-nida-allam-20260220.html
Within the stacks of books,Robert Wallace,2026-02-19T11:00:00Z,2026-02-19,Feb,19,Campus Voices,https://www2.stat.duke.edu/~cr173/data/dukechronicle-opinion/www.dukechronicle.com/article/within-the-stacks-of-books-20260219.html
"Um, so about those layoffs …",Wendy House,2026-02-18T12:00:00Z,2026-02-18,Feb,18,Campus Voices,https://www2.stat.duke.edu/~cr173/data/dukechronicle-opinion/www.dukechronicle.com/article/um-about-those-layoffs-20260218.html
To any freshman who watched the North Carolina vs. Duke game,Hana Stepnick,2026-02-18T11:00:00Z,2026-02-18,Feb,18,Opinion,https://www2.stat.duke.edu/~cr173/data/dukechronicle-opinion/www.dukechronicle.com/article/to-any-freshman-who-watched-the-north-carolina-vs-duke-game-20260218.html
Linking lamentation with love,Luke A. Powery,2026-02-17T16:45:00Z,2026-02-17,Feb,17,Campus Voices,https://www2.stat.duke.edu/~cr173/data/dukechronicle-opinion/www.dukechronicle.com/article/linking-lamentation-with-love-20260217.html
Why the UNC area studies closures matter to all of us,"Anne Allison, Barbara Dickinson, Shai Ginsburg, Bruce Lawrence, Omid Safi, Kenneth Surin, Miriam Cooke, Charles Piot and Anne-Gaëlle Saliot",2026-02-16T17:00:00Z,2026-02-16,Feb,16,Opinion,https://www2.stat.duke.edu/~cr173/data/dukechronicle-opinion/www.dukechronicle.com/article/why-the-unc-area-studies-centers-closures-matter-to-all-of-us-20260216.html
Stuck on the surface: The issue with icebreakers,Sarah Pusser,2026-02-15T20:00:00Z,2026-02-15,Feb,15,Campus Voices,https://www2.stat.duke.edu/~cr173/data/dukechronicle-opinion/www.dukechronicle.com/article/stuck-on-the-surface-the-issue-with-icebreakers-20260215.html
Why Duke missing the Playoff didn’t matter,Tate Arges,2026-02-13T20:00:00Z,2026-02-13,Feb,13,Campus Voices,https://www2.stat.duke.edu/~cr173/data/dukechronicle-opinion/www.dukechronicle.com/article/why-duke-missing-the-playoff-didnt-matter-20260213.html
Just go for it,Alex Berkman,2026-02-11T17:00:00Z,2026-02-11,Feb,11,Campus Voices,https://www2.stat.duke.edu/~cr173/data/dukechronicle-opinion/www.dukechronicle.com/article/just-go-for-it-20260211.html
In defense of snow days,Molly Huff,2026-02-10T11:00:00Z,2026-02-10,Feb,10,Campus Voices,https://www2.stat.duke.edu/~cr173/data/dukechronicle-opinion/www.dukechronicle.com/article/in-defense-of-snow-days-20260210.html
"Remembering Deah, Yusor and Razan means facing what’s still broken",Fiza Khan,2026-02-10T11:00:00Z,2026-02-10,Feb,10,Campus Voices,https://www2.stat.duke.edu/~cr173/data/dukechronicle-opinion/www.dukechronicle.com/article/remembering-deah-yusor-and-razan-means-facing-whats-still-broken-20260210.html
"Weekend at Duke quiet, unremarkable",Monday Monday,2026-02-09T11:00:00Z,2026-02-09,Feb,9,Campus Voices,https://www2.stat.duke.edu/~cr173/data/dukechronicle-opinion/www.dukechronicle.com/article/weekend-at-duke-quiet-unremarkable-20260209.html
Free honey,Anna Garziera,2026-02-08T11:00:00Z,2026-02-08,Feb,8,Campus Voices,https://www2.stat.duke.edu/~cr173/data/dukechronicle-opinion/www.dukechronicle.com/article/free-honey-20260208.html
Is Duke conservative? The New York Times and I disagree,Katelyn Cai,2026-02-05T11:00:00Z,2026-02-05,Feb,5,Campus Voices,https://www2.stat.duke.edu/~cr173/data/dukechronicle-opinion/www.dukechronicle.com/article/is-duke-conservative-the-new-york-times-and-i-disagree-20260205.html
Ridges of ice and what remains of 1984 today,Robert Wallace,2026-02-05T11:00:00Z,2026-02-05,Feb,5,Campus Voices,https://www2.stat.duke.edu/~cr173/data/dukechronicle-opinion/www.dukechronicle.com/article/ridges-of-ice-and-what-remains-of-1984-today-20260205.html
"Facts, feelings and our failure to act",Devyn Deschamps,2026-02-04T20:00:00Z,2026-02-04,Feb,4,Campus Voices,https://www2.stat.duke.edu/~cr173/data/dukechronicle-opinion/www.dukechronicle.com/article/facts-feelings-and-our-failure-to-act-20260204.html
My impossible plea: Zohran Mamdani for commencement speaker,Noor Nazir,2026-02-03T11:00:00Z,2026-02-03,Feb,3,Campus Voices,https://www2.stat.duke.edu/~cr173/data/dukechronicle-opinion/www.dukechronicle.com/article/my-impossible-plea-zohran-mamdani-for-commencement-speaker-20260203.html
My connection with Jeffrey Epstein,Dan Ariely,2026-02-02T19:28:00Z,2026-02-02,Feb,2,Opinion,https://www2.stat.duke.edu/~cr173/data/dukechronicle-opinion/www.dukechronicle.com/article/my-connection-with-jeffrey-epstein-20260202.html
A call to heal,Luke A. Powery,2026-02-02T11:00:00Z,2026-02-02,Feb,2,Campus Voices,https://www2.stat.duke.edu/~cr173/data/dukechronicle-opinion/www.dukechronicle.com/article/a-call-to-heal-20260202.html
"Darian Mensah walked away from Duke Football, but fans don’t have to",Craig Principe,2026-01-29T11:00:00Z,2026-01-29,Jan,29,Opinion,https://www2.stat.duke.edu/~cr173/data/dukechronicle-opinion/www.dukechronicle.com/article/darian-mensah-walked-away-from-duke-football-but-fans-dont-have-to-20260129.html
On being far away,Ryan Growney,2026-01-28T22:00:00Z,2026-01-28,Jan,28,Campus Voices,https://www2.stat.duke.edu/~cr173/data/dukechronicle-opinion/www.dukechronicle.com/article/on-being-far-away-20260128.html
"Tips for Duke tenting: Testing, tent checks, sexual tension and more",Monday Monday,2026-01-26T23:00:00Z,2026-01-26,Jan,26,Campus Voices,https://www2.stat.duke.edu/~cr173/data/dukechronicle-opinion/www.dukechronicle.com/article/tips-for-duke-tenting-testing-tent-checks-sexual-tension-and-more-20260126.html
Why Tony the Tiger’s Sun Bowl mattered,Tate Arges,2026-01-24T11:00:00Z,2026-01-24,Jan,24,Campus Voices,https://www2.stat.duke.edu/~cr173/data/dukechronicle-opinion/www.dukechronicle.com/article/why-tony-the-tigers-sun-bowl-mattered-20260124.html
Why do peaceful protests succeed?,Brian Hare,2026-01-22T11:00:00Z,2026-01-22,Jan,22,Opinion,https://www2.stat.duke.edu/~cr173/data/dukechronicle-opinion/www.dukechronicle.com/article/why-do-peaceful-protests-succeed-20260122.html
The sun also rises: An ode to my time at Duke,Advikaa Anand,2026-01-20T11:00:00Z,2026-01-20,Jan,20,Opinion,https://www2.stat.duke.edu/~cr173/data/dukechronicle-opinion/www.dukechronicle.com/article/farwell-column-anand-the-sun-also-rises-20260120.html
"Remembering King, remembering our humanity",Luke A. Powery,2026-01-19T11:00:00Z,2026-01-19,Jan,19,Campus Voices,https://www2.stat.duke.edu/~cr173/data/dukechronicle-opinion/www.dukechronicle.com/article/remembering-king-remembering-our-humanity-20260119.html
On fresh starts,Anna Garziera,2026-01-18T20:00:00Z,2026-01-18,Jan,18,Campus Voices,https://www2.stat.duke.edu/~cr173/data/dukechronicle-opinion/www.dukechronicle.com/article/on-fresh-starts-20260118.html
The LinkedIn doomscroll: Investing in your future or avoiding the present?,Devyn Deschamps,2026-01-18T11:00:00Z,2026-01-18,Jan,18,Campus Voices,https://www2.stat.duke.edu/~cr173/data/dukechronicle-opinion/www.dukechronicle.com/article/investing-in-your-future-or-avoiding-the-present-20260118.html
Stop bragging about your private high school,Stella Kaye,2026-01-17T11:00:00Z,2026-01-17,Jan,17,Campus Voices,https://www2.stat.duke.edu/~cr173/data/dukechronicle-opinion/www.dukechronicle.com/article/stop-bragging-about-your-private-high-school-20260117.html
Middle East Studies are being marginalized nationwide. Duke is letting it happen here.,Leo Goldberg,2026-01-12T12:00:00Z,2026-01-12,Jan,12,Campus Voices,https://www2.stat.duke.edu/~cr173/data/dukechronicle-opinion/www.dukechronicle.com/article/middle-east-studies-are-being-marginalized-nationwide-20260112.html
Build back breakfast for new Devils,Anagha Gowda,2025-12-27T00:30:00Z,2025-12-27,Dec,27,Campus Voices,https://www2.stat.duke.edu/~cr173/data/dukechronicle-opinion/www.dukechronicle.com/article/build-back-breakfast-for-new-devils-20251227.html
Duke shows what not to do when feds come knocking,Dominic Coletti,2025-12-21T11:30:00Z,2025-12-21,Dec,21,Opinion,https://www2.stat.duke.edu/~cr173/data/dukechronicle-opinion/www.dukechronicle.com/article/duke-shows-what-not-to-do-when-feds-come-knocking-20251221.html
Stephen Miller is dead wrong … About Christmas,Sherman Criner,2025-12-19T00:30:00Z,2025-12-19,Dec,19,Campus Voices,https://www2.stat.duke.edu/~cr173/data/dukechronicle-opinion/www.dukechronicle.com/article/stephen-miller-is-dead-wrong-about-christmas-20251219.html
Rewritten: Honoring your inner child and an encounter worth remembering,David Goh and Jerry Wang,2025-12-17T11:00:00Z,2025-12-17,Dec,17,Rewritten,https://www2.stat.duke.edu/~cr173/data/dukechronicle-opinion/www.dukechronicle.com/article/rewritten-honoring-your-inner-child-and-an-encounter-worth-remembering-20251217.html
On the preventable Blue Devil pandemic,Anagha Gowda,2025-12-16T09:30:00Z,2025-12-16,Dec,16,Campus Voices,https://www2.stat.duke.edu/~cr173/data/dukechronicle-opinion/www.dukechronicle.com/article/on-the-preventable-blue-devil-pandemic-20251216.html
Who are you now?,Fiza Khan,2025-12-13T11:00:00Z,2025-12-13,Dec,13,Campus Voices,https://www2.stat.duke.edu/~cr173/data/dukechronicle-opinion/www.dukechronicle.com/article/who-are-you-now-20251213.html
The costumes we wear,Ashlei Tomlinson,2025-12-12T11:00:00Z,2025-12-12,Dec,12,Campus Voices,https://www2.stat.duke.edu/~cr173/data/dukechronicle-opinion/www.dukechronicle.com/article/the-costumes-we-wear-20251212.html
"Duke, protect our research mission and workforce","Abhishek Chhetri, Aleksander Grimsrud, Cheyenne Lee and Hannah Soliman",2025-12-08T12:00:00Z,2025-12-08,Dec,8,Opinion,https://www2.stat.duke.edu/~cr173/data/dukechronicle-opinion/www.dukechronicle.com/article/duke-protect-our-research-mission-and-workforce-20251208.html
My dad is the granite foundation of my flimsy cardboard castle,Anna Garziera,2025-12-07T11:00:00Z,2025-12-07,Dec,7,Campus Voices,https://www2.stat.duke.edu/~cr173/data/dukechronicle-opinion/www.dukechronicle.com/article/my-dad-is-the-granite-foundation-of-my-flimsy-cardboard-castle-20251207.html
MAHA at Duke? The truth behind TrueBlue,Adam Levin,2025-12-04T20:00:00Z,2025-12-04,Dec,4,Opinion,https://www2.stat.duke.edu/~cr173/data/dukechronicle-opinion/www.dukechronicle.com/article/the-truth-behind-trueblue-20251204.html
Tilt at your own windmills,Robert Wallace,2025-12-04T11:00:00Z,2025-12-04,Dec,4,Campus Voices,https://www2.stat.duke.edu/~cr173/data/dukechronicle-opinion/www.dukechronicle.com/article/tilt-at-your-own-windmills-20251204.html
"Durham melts ICE, Duke should follow",Wendy House,2025-12-03T11:00:00Z,2025-12-03,Dec,3,Campus Voices,https://www2.stat.duke.edu/~cr173/data/dukechronicle-opinion/www.dukechronicle.com/article/durham-melts-ice-duke-should-follow-20251203.html
The Android-iOS war at Duke,Kris Sun,2025-12-02T11:00:00Z,2025-12-02,Dec,2,Campus Voices,https://www2.stat.duke.edu/~cr173/data/dukechronicle-opinion/www.dukechronicle.com/article/the-android-ios-war-at-duke-20251202.html
Duke students bring back insufferability this Thanksgiving ,Monday Monday,2025-12-01T11:00:00Z,2025-12-01,Dec,1,Campus Voices,https://www2.stat.duke.edu/~cr173/data/dukechronicle-opinion/www.dukechronicle.com/article/duke-students-bring-pretension-insufferability-back-during-thanksgiving-break-20251201.html
Anticipating joy,Luke A. Powery,2025-12-01T11:00:00Z,2025-12-01,Dec,1,Opinion,https://www2.stat.duke.edu/~cr173/data/dukechronicle-opinion/www.dukechronicle.com/article/anticipating-joy-20251201.html
Missing period products: Why Duke must provide this basic care,Aria Dwoskin,2025-11-28T20:00:00Z,2025-11-28,Nov,28,Campus Voices,https://www2.stat.duke.edu/~cr173/data/dukechronicle-opinion/www.dukechronicle.com/article/missing-period-products-why-duke-must-provide-this-basic-care-20251128.html
"Duke, leave legacy behind",Harrison Walley,2025-11-27T11:00:00Z,2025-11-27,Nov,27,Campus Voices,https://www2.stat.duke.edu/~cr173/data/dukechronicle-opinion/www.dukechronicle.com/article/111925-walley-20251127.html
Villages don’t build themselves,Molly Huff,2025-11-27T11:00:00Z,2025-11-27,Nov,27,Campus Voices,https://www2.stat.duke.edu/~cr173/data/dukechronicle-opinion/www.dukechronicle.com/article/villages-dont-build-themselves-20251127.html
A record shouldn’t be a life sentence,Lucas Barilovits,2025-11-25T11:00:00Z,2025-11-25,Nov,25,Campus Voices,https://www2.stat.duke.edu/~cr173/data/dukechronicle-opinion/www.dukechronicle.com/article/a-record-shouldnt-be-a-life-sentence-20251125.html
How language at Duke has become a formula,Rohit Suresh,2025-11-25T11:00:00Z,2025-11-25,Nov,25,Campus Voices,https://www2.stat.duke.edu/~cr173/data/dukechronicle-opinion/www.dukechronicle.com/article/112425-suresh-20251125.html
Fiber Arts as tools for resistance,Sam St. Lawrence,2025-11-24T11:00:00Z,2025-11-24,Nov,24,Campus Voices,https://www2.stat.duke.edu/~cr173/data/dukechronicle-opinion/www.dukechronicle.com/article/fiber-arts-as-tools-for-resistance-20251124.html
Books are my love language,Anna Garziera,2025-11-23T11:00:00Z,2025-11-23,Nov,23,Campus Voices,https://www2.stat.duke.edu/~cr173/data/dukechronicle-opinion/www.dukechronicle.com/article/books-are-my-love-language-20251123.html
The real “utility” of a useless language class,Neel Dutta Gupta,2025-11-21T11:00:00Z,2025-11-21,Nov,21,Campus Voices,https://www2.stat.duke.edu/~cr173/data/dukechronicle-opinion/www.dukechronicle.com/article/the-real-utility-of-a-useless-class-20251121.html
Rewritten: The sellout arc and being who I am,Alec Higgins and Alexander Hong,2025-11-21T11:00:00Z,2025-11-21,Nov,21,Rewritten,https://www2.stat.duke.edu/~cr173/data/dukechronicle-opinion/www.dukechronicle.com/article/1120225-rewritten-20251121.html
The secret of the universe,Robert Wallace,2025-11-20T11:00:00Z,2025-11-20,Nov,20,Campus Voices,https://www2.stat.duke.edu/~cr173/data/dukechronicle-opinion/www.dukechronicle.com/article/the-secret-of-the-universe-20251120.html
The Marriage Pact won’t save you,Wendy House,2025-11-19T11:00:00Z,2025-11-19,Nov,19,Campus Voices,https://www2.stat.duke.edu/~cr173/data/dukechronicle-opinion/www.dukechronicle.com/article/the-marriage-pact-wont-save-you-20251119.html
How do Australian Flying Foxes compare to Blue Devil Baseball and Softball players?,"Aditya Baliga, Rose Cassidy and Wyatt Nowacek",2025-11-18T11:00:00Z,2025-11-18,Nov,18,Opinion,https://www2.stat.duke.edu/~cr173/data/dukechronicle-opinion/www.dukechronicle.com/article/how-do-australian-flying-foxes-compare-to-blue-devil-baseball-and-softball-players-20251118.html
Learning to listen in a world full of noise,Meena Puram,2025-11-18T11:00:00Z,2025-11-18,Nov,18,Campus Voices,https://www2.stat.duke.edu/~cr173/data/dukechronicle-opinion/www.dukechronicle.com/article/learning-to-listen-in-a-world-full-of-noise-20251118.html
A purpose within,Luke A. Powery,2025-11-17T11:00:00Z,2025-11-17,Nov,17,Campus Voices,https://www2.stat.duke.edu/~cr173/data/dukechronicle-opinion/www.dukechronicle.com/article/a-purpose-within-20251117.html
Only Duke male applying to Baldwin Scholars can’t take hint,Monday Monday,2025-11-17T11:00:00Z,2025-11-17,Nov,17,Campus Voices,https://www2.stat.duke.edu/~cr173/data/dukechronicle-opinion/www.dukechronicle.com/article/only-duke-male-applying-to-baldwin-scholars-cant-take-hint-20251117.html
Landfills and Mobile Orders: What are we missing?,Anagha Gowda,2025-11-16T22:00:00Z,2025-11-16,Nov,16,Opinion,https://www2.stat.duke.edu/~cr173/data/dukechronicle-opinion/www.dukechronicle.com/article/landfills-and-mobile-orders-what-are-we-missing-20251116.html
The death of the essay,Evelyn Doan,2025-11-16T11:00:00Z,2025-11-16,Nov,16,Campus Voices,https://www2.stat.duke.edu/~cr173/data/dukechronicle-opinion/www.dukechronicle.com/article/the-death-of-the-essay-20251116.html
"Left, right or anyone in between: Here’s what we can learn from Kamala Harris's tour",Stella Kaye,2025-11-15T20:00:00Z,2025-11-15,Nov,15,Campus Voices,https://www2.stat.duke.edu/~cr173/data/dukechronicle-opinion/www.dukechronicle.com/article/left-right-or-anyone-in-between-20251115.html
For when you're blankly staring in the C-1,Sarah Pusser,2025-11-13T11:00:00Z,2025-11-13,Nov,13,Campus Voices,https://www2.stat.duke.edu/~cr173/data/dukechronicle-opinion/www.dukechronicle.com/article/for-when-youre-blanking-staring-in-the-c-1-20251113.html
Let's get lunch! (Not really.),Katelyn Cai,2025-11-13T11:00:00Z,2025-11-13,Nov,13,Campus Voices,https://www2.stat.duke.edu/~cr173/data/dukechronicle-opinion/www.dukechronicle.com/article/lets-get-lunch-not-really-20251113.html
What does it mean to be informed?,Ryan Growney,2025-11-12T20:00:00Z,2025-11-12,Nov,12,Campus Voices,https://www2.stat.duke.edu/~cr173/data/dukechronicle-opinion/www.dukechronicle.com/article/what-does-it-mean-to-be-informed-20251112.html
Rewritten: Delete later; Between expectations and needs,Heidi Smith & Madysen Rufener,2025-11-12T12:17:00Z,2025-11-12,Nov,12,Campus Voices,https://www2.stat.duke.edu/~cr173/data/dukechronicle-opinion/www.dukechronicle.com/article/rewritten-delete-later-between-expectations-and-needs-20251112.html
North Carolina Republicans choose Trump over democracy,Neil Sanderson,2025-11-12T11:00:00Z,2025-11-12,Nov,12,Opinion,https://www2.stat.duke.edu/~cr173/data/dukechronicle-opinion/www.dukechronicle.com/article/north-carolina-republicans-choose-trump-over-democracy-20251112.html
I wrote this two months late: My hypocritical objection to flakiness culture,Annie Ming Kowalik,2025-11-12T11:00:00Z,2025-11-12,Nov,12,Campus Voices,https://www2.stat.duke.edu/~cr173/data/dukechronicle-opinion/www.dukechronicle.com/article/i-wrote-this-two-months-late-20251112.html
The Trump cuts have hit our clubs. Now what?,Kris Sun,2025-11-10T11:00:00Z,2025-11-10,Nov,10,Campus Voices,https://www2.stat.duke.edu/~cr173/data/dukechronicle-opinion/www.dukechronicle.com/article/the-trump-cuts-have-hit-our-clubs-now-what-20251110.html
More professors should ban technology,Samantha George,2025-11-10T10:00:00Z,2025-11-10,Nov,10,Campus Voices,https://www2.stat.duke.edu/~cr173/data/dukechronicle-opinion/www.dukechronicle.com/article/more-professors-should-ban-technology-20251110.html
Library captures her,Robert Wallace,2025-11-06T22:00:00Z,2025-11-06,Nov,6,Campus Voices,https://www2.stat.duke.edu/~cr173/data/dukechronicle-opinion/www.dukechronicle.com/article/library-captures-her-20251106.html
A realist’s case for frat reaffiliation,Wendy House,2025-11-05T20:00:00Z,2025-11-05,Nov,5,Campus Voices,https://www2.stat.duke.edu/~cr173/data/dukechronicle-opinion/www.dukechronicle.com/article/a-realists-case-for-frat-reaffiliation-20251105.html
"Rewritten: More than a name, a canvas to shape and brownies",Maya Singla and Fiza Khan,2025-11-04T11:00:00Z,2025-11-04,Nov,4,Rewritten,https://www2.stat.duke.edu/~cr173/data/dukechronicle-opinion/www.dukechronicle.com/article/more-than-a-name-a-canvas-to-shape-and-brownies-20251104.html
Live a-humble,Luke A. Powery,2025-11-03T11:00:00Z,2025-11-03,Nov,3,Campus Voices,https://www2.stat.duke.edu/~cr173/data/dukechronicle-opinion/www.dukechronicle.com/article/live-a-humble-20251103.html
Halloweekend Survey reveals Pratt students’ biggest fear is introspection,Monday Monday,2025-11-03T11:00:00Z,2025-11-03,Nov,3,Campus Voices,https://www2.stat.duke.edu/~cr173/data/dukechronicle-opinion/www.dukechronicle.com/article/halloweekend-survey-reveals-pratt-students-biggest-fear-is-introspection-20251103.html
10 things to toss today,Anna Garziera,2025-11-02T11:00:00Z,2025-11-02,Nov,2,Campus Voices,https://www2.stat.duke.edu/~cr173/data/dukechronicle-opinion/www.dukechronicle.com/article/10-things-to-toss-today-20251102.html
"At the height of resources, facing burnout",Devyn Deschamps,2025-11-01T10:00:00Z,2025-11-01,Nov,1,Campus Voices,https://www2.stat.duke.edu/~cr173/data/dukechronicle-opinion/www.dukechronicle.com/article/at-the-height-of-resources-facing-burnout-20251101.html
80% of college is stuff you do not plan for,David Goh,2025-10-31T10:00:00Z,2025-10-31,Oct,31,Opinion,https://www2.stat.duke.edu/~cr173/data/dukechronicle-opinion/www.dukechronicle.com/article/80-of-college-is-stuff-you-do-not-plan-for-20251031.html
Stop protecting your peace: Engage in politics,Molly Huff,2025-10-31T09:00:00Z,2025-10-31,Oct,31,Campus Voices,https://www2.stat.duke.edu/~cr173/data/dukechronicle-opinion/www.dukechronicle.com/article/stop-protecting-your-peace-engage-in-politics-20251031.html
Duke has an accessibility problem,Suhani Karkra,2025-10-30T10:00:00Z,2025-10-30,Oct,30,Campus Voices,https://www2.stat.duke.edu/~cr173/data/dukechronicle-opinion/www.dukechronicle.com/article/duke-has-an-accessibility-problem-20251030.html
What activities should a Duke student take part in?,Ryan Growney,2025-10-29T10:00:00Z,2025-10-29,Oct,29,Campus Voices,https://www2.stat.duke.edu/~cr173/data/dukechronicle-opinion/www.dukechronicle.com/article/what-activities-should-a-duke-student-take-part-in-20251029.html
"Look away, children are dying",Fiza Khan,2025-10-28T18:00:00Z,2025-10-28,Oct,28,Campus Voices,https://www2.stat.duke.edu/~cr173/data/dukechronicle-opinion/www.dukechronicle.com/article/look-away-children-are-dying-20251028.html
Can we talk about how we talk about food?,Samantha George,2025-10-27T22:30:00Z,2025-10-27,Oct,27,Campus Voices,https://www2.stat.duke.edu/~cr173/data/dukechronicle-opinion/www.dukechronicle.com/article/can-we-talk-about-how-we-talk-about-food-20251027.html
The effort factor,Anna Garziera,2025-10-26T22:00:00Z,2025-10-26,Oct,26,Campus Voices,https://www2.stat.duke.edu/~cr173/data/dukechronicle-opinion/www.dukechronicle.com/article/the-effort-factor-20251026.html
"8,760",Aaron Siegle,2025-10-24T10:00:00Z,2025-10-24,Oct,24,Campus Voices,https://www2.stat.duke.edu/~cr173/data/dukechronicle-opinion/www.dukechronicle.com/article/8760-20251024.html
Duke needs to bring back its queer essay prompt,Aaron Dai,2025-10-24T10:00:00Z,2025-10-24,Oct,24,Campus Voices,https://www2.stat.duke.edu/~cr173/data/dukechronicle-opinion/www.dukechronicle.com/article/duke-needs-to-bring-back-its-queer-essay-prompt-20251024.html
Trick or Treat,Robert Wallace,2025-10-23T22:00:00Z,2025-10-23,Oct,23,Campus Voices,https://www2.stat.duke.edu/~cr173/data/dukechronicle-opinion/www.dukechronicle.com/article/trick-or-treat-20251023.html
"Celebrate … Everything, even grief",Lauren Haigler Henderson,2025-10-23T10:00:00Z,2025-10-23,Oct,23,Opinion,https://www2.stat.duke.edu/~cr173/data/dukechronicle-opinion/www.dukechronicle.com/article/celebrate-everything-even-grief-20251023.html
BookTok: A literary marketing echo chamber,Sarah Pusser,2025-10-23T10:00:00Z,2025-10-23,Oct,23,Campus Voices,https://www2.stat.duke.edu/~cr173/data/dukechronicle-opinion/www.dukechronicle.com/article/102125-pusser-20251023.html
When Duke chose courage — and must again,Tate Arges,2025-10-22T10:00:00Z,2025-10-22,Oct,22,Campus Voices,https://www2.stat.duke.edu/~cr173/data/dukechronicle-opinion/www.dukechronicle.com/article/when-duke-chose-courage-and-must-again-20251022.html
Respect versus renovations: the Price is wrong,Wendy House,2025-10-22T10:00:00Z,2025-10-22,Oct,22,Campus Voices,https://www2.stat.duke.edu/~cr173/data/dukechronicle-opinion/www.dukechronicle.com/article/respect-versus-renovations-the-price-is-wrong-20251022.html
Rethinking mandatory service — What a new era of youth service could look like,Stella Kaye,2025-10-21T10:00:00Z,2025-10-21,Oct,21,Campus Voices,https://www2.stat.duke.edu/~cr173/data/dukechronicle-opinion/www.dukechronicle.com/article/rethinking-mandatory-service-what-a-new-era-of-youth-service-could-look-like-20251021.html
"The Chronicle is soliciting submissions for ""rewritten"" Duke supplements",Shambhavi Sinha,2025-10-21T10:00:00Z,2025-10-21,Oct,21,Rewritten,https://www2.stat.duke.edu/~cr173/data/dukechronicle-opinion/www.dukechronicle.com/article/soliciting-submissions-for-rewritten-duke-supplements-20251021.html
Bill Belichick to become Duke assistant coach after dropping UNC,Monday Monday,2025-10-20T10:00:00Z,2025-10-20,Oct,20,Campus Voices,https://www2.stat.duke.edu/~cr173/data/dukechronicle-opinion/www.dukechronicle.com/article/bill-belichick-to-become-duke-assistant-coach-20251020.html
Fix me,Luke A. Powery,2025-10-20T10:00:00Z,2025-10-20,Oct,20,Campus Voices,https://www2.stat.duke.edu/~cr173/data/dukechronicle-opinion/www.dukechronicle.com/article/fix-me-20251020.html
"Duke: Reject Trump’s higher education compact, immediately.",Leo Goldberg,2025-10-20T09:00:00Z,2025-10-20,Oct,20,Campus Voices,https://www2.stat.duke.edu/~cr173/data/dukechronicle-opinion/www.dukechronicle.com/article/duke-dont-even-think-about-taking-trumps-higher-education-compact-20251020.html
Go ahead and take that ‘undeserved’ break,Harrison Walley,2025-10-19T10:00:00Z,2025-10-19,Oct,19,Campus Voices,https://www2.stat.duke.edu/~cr173/data/dukechronicle-opinion/www.dukechronicle.com/article/go-ahead-and-take-that-undeserved-break-20251019.html
All your friends look just like you,Katelyn Cai,2025-10-17T10:00:00Z,2025-10-17,Oct,17,Campus Voices,https://www2.stat.duke.edu/~cr173/data/dukechronicle-opinion/www.dukechronicle.com/article/all-your-friends-look-just-like-you-20251017.html
"Salud, dinero, amor — and what else?",Anna Garziera,2025-10-16T10:00:00Z,2025-10-16,Oct,16,Campus Voices,https://www2.stat.duke.edu/~cr173/data/dukechronicle-opinion/www.dukechronicle.com/article/salud-dinero-amor-and-what-else-20251016.html
What does a gap year actually do?,Ryan Growney,2025-10-15T21:00:00Z,2025-10-15,Oct,15,Campus Voices,https://www2.stat.duke.edu/~cr173/data/dukechronicle-opinion/www.dukechronicle.com/article/what-does-a-gap-year-actually-do-20251015.html
Hard times,Robert Wallace,2025-10-09T10:00:00Z,2025-10-09,Oct,9,Campus Voices,https://www2.stat.duke.edu/~cr173/data/dukechronicle-opinion/www.dukechronicle.com/article/hard-times-20251009.html
Institutionalizing community will not solve our community crisis,Sam St. Lawrence,2025-10-09T10:00:00Z,2025-10-09,Oct,9,Campus Voices,https://www2.stat.duke.edu/~cr173/data/dukechronicle-opinion/www.dukechronicle.com/article/institutionalizing-community-will-not-solve-our-community-crisis-20251009.html
"On Tylenol, autism and medical anti-intellectualism",Wendy House,2025-10-08T10:00:00Z,2025-10-08,Oct,8,Campus Voices,https://www2.stat.duke.edu/~cr173/data/dukechronicle-opinion/www.dukechronicle.com/article/who-cares-if-tylenol-causes-autism-20251008.html
Saturdays at Wallace Wade and discovering the Gospel in Duke Football,Tate Arges,2025-10-08T09:00:00Z,2025-10-08,Oct,8,Campus Voices,https://www2.stat.duke.edu/~cr173/data/dukechronicle-opinion/www.dukechronicle.com/article/saturdays-at-wallace-wade-discovering-the-gospel-in-duke-football-20251008.html
I’ll take Durham’s food scene over New York’s … Easily,Alex Berkman,2025-10-08T09:00:00Z,2025-10-08,Oct,8,Campus Voices,https://www2.stat.duke.edu/~cr173/data/dukechronicle-opinion/www.dukechronicle.com/article/ill-take-durhams-food-scene-over-new-yorks-20251008.html
The problem with censorship and discourse at Duke,Harrison Walley,2025-10-07T10:00:00Z,2025-10-07,Oct,7,Campus Voices,https://www2.stat.duke.edu/~cr173/data/dukechronicle-opinion/www.dukechronicle.com/article/the-problem-with-censorship-and-discourse-at-duke-20251007.html
The United States is a frat. And I can’t unsee it.,Noor Nazir,2025-10-07T10:00:00Z,2025-10-07,Oct,7,Opinion,https://www2.stat.duke.edu/~cr173/data/dukechronicle-opinion/www.dukechronicle.com/article/the-united-states-is-a-frat-and-i-cant-unsee-it-20251007.html
The 'Duke Difference' we actually need,Gabrielle Mollin,2025-10-06T14:30:00Z,2025-10-06,Oct,6,Campus Voices,https://www2.stat.duke.edu/~cr173/data/dukechronicle-opinion/www.dukechronicle.com/article/the-duke-difference-we-actually-need-20251006.html
Death ain’t nothin’ but a robber,Luke A. Powery,2025-10-06T10:00:00Z,2025-10-06,Oct,6,Campus Voices,https://www2.stat.duke.edu/~cr173/data/dukechronicle-opinion/www.dukechronicle.com/article/death-aint-nothin-but-a-robber-20251006.html
Hazing ban forces Greek life leaders to get creative,Monday Monday,2025-10-06T04:00:00Z,2025-10-06,Oct,6,Campus Voices,https://www2.stat.duke.edu/~cr173/data/dukechronicle-opinion/www.dukechronicle.com/article/hazing-ban-forces-greek-life-leaders-to-get-creative-20251006.html
Duke’s hold on Durham,Lucas Barilovits,2025-10-04T10:00:00Z,2025-10-04,Oct,4,Campus Voices,https://www2.stat.duke.edu/~cr173/data/dukechronicle-opinion/www.dukechronicle.com/article/dukes-hold-on-durham-20251004.html
The world needs more Jane Goodalls,Leo Goldberg,2025-10-03T10:00:00Z,2025-10-03,Oct,3,Campus Voices,https://www2.stat.duke.edu/~cr173/data/dukechronicle-opinion/www.dukechronicle.com/article/the-world-needs-more-jane-goodalls-20251003.html
We’ve grown the future of botany here. Why are we cutting its roots?,Kaylee McKinzie,2025-10-02T14:00:00Z,2025-10-02,Oct,2,Opinion,https://www2.stat.duke.edu/~cr173/data/dukechronicle-opinion/www.dukechronicle.com/article/weve-grown-the-future-of-botany-here-20251002.html
How Duke introduces you to Duke,Neel Dutta Gupta,2025-10-01T10:00:00Z,2025-10-01,Oct,1,Campus Voices,https://www2.stat.duke.edu/~cr173/data/dukechronicle-opinion/www.dukechronicle.com/article/how-duke-introduces-you-to-duke-20251001.html
Why aren’t we all excited to do service?,Ryan Growney,2025-10-01T10:00:00Z,2025-10-01,Oct,1,Campus Voices,https://www2.stat.duke.edu/~cr173/data/dukechronicle-opinion/www.dukechronicle.com/article/why-arent-we-all-excited-to-do-service-20251001.html
ChatGPT and the environment: Where do we draw the line?,Samantha George,2025-09-29T10:00:00Z,2025-09-29,Sep,29,Campus Voices,https://www2.stat.duke.edu/~cr173/data/dukechronicle-opinion/www.dukechronicle.com/article/chatgpt-and-the-environment-where-do-we-draw-the-line-20250929.html
Kitchen talk: Defying a study abroad stereotype,Anna Garziera,2025-09-28T10:00:00Z,2025-09-28,Sep,28,Campus Voices,https://www2.stat.duke.edu/~cr173/data/dukechronicle-opinion/www.dukechronicle.com/article/kitchen-talk-defying-a-study-abroad-stereotype-20250928.html
Let's talk about political violence,Meena Puram,2025-09-27T10:00:00Z,2025-09-27,Sep,27,Campus Voices,https://www2.stat.duke.edu/~cr173/data/dukechronicle-opinion/www.dukechronicle.com/article/lets-talk-about-political-violence-20250927.html
What if she wasn't okay?,Nia Mitchell,2025-09-27T09:00:00Z,2025-09-27,Sep,27,Opinion,https://www2.stat.duke.edu/~cr173/data/dukechronicle-opinion/www.dukechronicle.com/article/what-if-she-wasnt-okay-20250927.html
A tale of two vigils,Kris Sun,2025-09-26T10:00:00Z,2025-09-26,Sep,26,Campus Voices,https://www2.stat.duke.edu/~cr173/data/dukechronicle-opinion/www.dukechronicle.com/article/a-tale-of-two-vigils-20250926.html
Being in the world,Robert Wallace,2025-09-25T10:00:00Z,2025-09-25,Sep,25,Campus Voices,https://www2.stat.duke.edu/~cr173/data/dukechronicle-opinion/www.dukechronicle.com/article/being-in-the-world-20250925.html
You got rejected from ‘every’ club. Now what?,Katelyn Cai,2025-09-25T10:00:00Z,2025-09-25,Sep,25,Campus Voices,https://www2.stat.duke.edu/~cr173/data/dukechronicle-opinion/www.dukechronicle.com/article/092425-cai-20250925.html
Is Tallman Trask what Duke stands for?,Adam Levin,2025-09-24T10:00:00Z,2025-09-24,Sep,24,Campus Voices,https://www2.stat.duke.edu/~cr173/data/dukechronicle-opinion/www.dukechronicle.com/article/is-tallman-trask-what-duke-stands-for-20250924.html
The unfed mind devours itself: Duke has an AI problem,Wendy House,2025-09-24T10:00:00Z,2025-09-24,Sep,24,Campus Voices,https://www2.stat.duke.edu/~cr173/data/dukechronicle-opinion/www.dukechronicle.com/article/the-unfed-mind-devours-itself-duke-has-an-ai-problem-20250924.html
Gonna lay down my sword and shield,Luke A. Powery,2025-09-23T19:15:00Z,2025-09-23,Sep,23,Campus Voices,https://www2.stat.duke.edu/~cr173/data/dukechronicle-opinion/www.dukechronicle.com/article/gonna-lay-down-my-sword-and-shield-20250923.html
Duke students lack empathy,Sherman Criner,2025-09-19T10:00:00Z,2025-09-19,Sep,19,Opinion,https://www2.stat.duke.edu/~cr173/data/dukechronicle-opinion/www.dukechronicle.com/article/duke-students-lack-empathy-20250919.html
The arts are vastly underrepresented at Duke. Can Deborah Rutter change that?,Leo Goldberg,2025-09-18T10:30:00Z,2025-09-18,Sep,18,Campus Voices,https://www2.stat.duke.edu/~cr173/data/dukechronicle-opinion/www.dukechronicle.com/article/the-arts-are-vastly-underrepresented-at-duke-can-deborah-rutter-change-that-20250918.html
Beyond numbers and community lines,Linda Garziera,2025-09-18T10:00:00Z,2025-09-18,Sep,18,Opinion,https://www2.stat.duke.edu/~cr173/data/dukechronicle-opinion/www.dukechronicle.com/article/beyond-numbers-and-community-lines-20250918.html
In defense of constructive dialogue on campus,"Bruce Jentleson, Abbas Benmamoun and Noah Pickus",2025-09-17T21:00:00Z,2025-09-17,Sep,17,Opinion,https://www2.stat.duke.edu/~cr173/data/dukechronicle-opinion/www.dukechronicle.com/article/in-defense-of-constructive-dialogue-on-campus-20250917.html
Duke Dining takes a massive risk with the humble spud,Alex Berkman,2025-09-16T10:00:00Z,2025-09-16,Sep,16,Campus Voices,https://www2.stat.duke.edu/~cr173/data/dukechronicle-opinion/www.dukechronicle.com/article/duke-dining-takes-a-massive-risk-with-the-humble-spud-20250916.html
"A radical imagination comes from the people, not the University",Bindu Thota,2025-09-14T09:00:00Z,2025-09-14,Sep,14,Opinion,https://www2.stat.duke.edu/~cr173/data/dukechronicle-opinion/www.dukechronicle.com/article/a-radical-imagination-comes-from-the-people-not-the-university-20250914.html
"If you are born here, you do belong here — and we must say it full stop",Isaac Velez,2025-09-12T09:00:00Z,2025-09-12,Sep,12,Opinion,https://www2.stat.duke.edu/~cr173/data/dukechronicle-opinion/www.dukechronicle.com/article/if-you-are-born-here-you-do-belong-here-20250912.html
"Who the hell cares what Jerry Seinfeld thinks, anyway?",Leo Goldberg,2025-09-12T09:00:00Z,2025-09-12,Sep,12,Campus Voices,https://www2.stat.duke.edu/~cr173/data/dukechronicle-opinion/www.dukechronicle.com/article/who-the-hell-cares-what-jerry-seinfeld-thinks-anyway-20250912.html
"A birthday card, deli and a pair of flip flops",Kareena Sukhnanan,2025-09-11T10:00:00Z,2025-09-11,Sep,11,Campus Voices,https://www2.stat.duke.edu/~cr173/data/dukechronicle-opinion/www.dukechronicle.com/article/a-birthday-card-deli-and-a-pair-of-flip-flops-20250911.html
Luis Juárez shows how all politics is personal,Leo Goldberg and Harrison Walley,2025-09-08T14:00:00Z,2025-09-08,Sep,8,Campus Voices,https://www2.stat.duke.edu/~cr173/data/dukechronicle-opinion/www.dukechronicle.com/article/luis-jurez-shows-how-all-politics-is-personal-20250908.html
Keep a-inchin’ along,Luke A. Powery,2025-09-08T09:00:00Z,2025-09-08,Sep,8,Campus Voices,https://www2.stat.duke.edu/~cr173/data/dukechronicle-opinion/www.dukechronicle.com/article/keep-a-inchin-along-20250908.html
Duke must stand with its immigrant service workers,"Leila Zak, Suhhyun Lee and Luis Pereira-Lazo",2025-09-04T10:00:00Z,2025-09-04,Sep,4,Letters To The Editor,https://www2.stat.duke.edu/~cr173/data/dukechronicle-opinion/www.dukechronicle.com/article/duke-must-stand-with-its-immigrant-service-workers-20250904.html
Great day!,Luke A. Powery,2025-08-25T16:00:00Z,2025-08-25,Aug,25,Opinion,https://www2.stat.duke.edu/~cr173/data/dukechronicle-opinion/www.dukechronicle.com/article/great-day-20250825.html
Community members share farewells for departing staff,Opinion,2025-08-16T00:30:00Z,2025-08-16,Aug,16,Campus Voices,https://www2.stat.duke.edu/~cr173/data/dukechronicle-opinion/www.dukechronicle.com/article/community-members-share-farewells-for-departing-staff-20250816.html
The Chronicle is inviting submissions honoring Duke's departing staff and faculty ,Opinion,2025-08-11T05:43:00Z,2025-08-11,Aug,11,Opinion,https://www2.stat.duke.edu/~cr173/data/dukechronicle-opinion/www.dukechronicle.com/article/farewell-pieces-for-departing-staff-and-faculty-duke-20250811.html
"Roy Cooper for US Senate, obviously.",Leo Goldberg,2025-08-04T10:00:00Z,2025-08-04,Aug,4,Campus Voices,https://www2.stat.duke.edu/~cr173/data/dukechronicle-opinion/www.dukechronicle.com/article/roy-cooper-for-us-senate-obviously-20250804.html
The costs of cost cutting and the Duke administration's misguided priorities,Orin Starn,2025-07-31T10:00:00Z,2025-07-31,Jul,31,Letters To The Editor,https://www2.stat.duke.edu/~cr173/data/dukechronicle-opinion/www.dukechronicle.com/article/costs-of-cost-cutting-20250731.html
Setting the record straight on being a 'reverse discrimination' activist,Mark Perry,2025-07-29T10:00:00Z,2025-07-29,Jul,29,Letters To The Editor,https://www2.stat.duke.edu/~cr173/data/dukechronicle-opinion/www.dukechronicle.com/article/setting-the-record-straight-on-being-a-reverse-discrimination-activist-20250729.html
"Duke, keep your commitment to the University Scholars Program",Students and Alumni of the University Scholars Program,2025-07-22T10:00:00Z,2025-07-22,Jul,22,Opinion,https://www2.stat.duke.edu/~cr173/data/dukechronicle-opinion/www.dukechronicle.com/article/duke-keep-your-commitment-to-the-university-scholars-program-20250722.html
My friend needs science. Science needs help.,Albert Xue,2025-07-05T13:15:00Z,2025-07-05,Jul,5,Opinion,https://www2.stat.duke.edu/~cr173/data/dukechronicle-opinion/www.dukechronicle.com/article/070425-xue-20250705.html
Duke: Forget institutional neutrality and join Harvard’s lawsuit against Trump,Leo Goldberg,2025-06-29T16:11:00Z,2025-06-29,Jun,29,Campus Voices,https://www2.stat.duke.edu/~cr173/data/dukechronicle-opinion/www.dukechronicle.com/article/duke-forget-institutional-neutrality-20250629.html
Community members share remembrances for Bradley Simmons,Remembrances,2025-06-17T09:00:00Z,2025-06-17,Jun,17,Campus Voices,https://www2.stat.duke.edu/~cr173/data/dukechronicle-opinion/www.dukechronicle.com/article/remembrances-bradley-simmons-685027e63a621-20250617.html
The problem with Duke’s Inclusive Excellence Working Group’s drafting principles,Sherman Criner,2025-06-16T09:00:00Z,2025-06-16,Jun,16,Opinion,https://www2.stat.duke.edu/~cr173/data/dukechronicle-opinion/www.dukechronicle.com/article/problem-with-dukes-inclusive-excellence-20250616.html
Chronicle Leadership: We stand with student journalists and Columbia Spectator,Chronicle Leadership,2025-06-09T16:00:00Z,2025-06-09,Jun,9,Opinion,https://www2.stat.duke.edu/~cr173/data/dukechronicle-opinion/www.dukechronicle.com/article/statement-in-support-of-student-press-columbia-spectator-20250609.html
The Chronicle is accepting remembrances for Bradley Simmons,Remembrances,2025-06-09T09:00:00Z,2025-06-09,Jun,9,Campus Voices,https://www2.stat.duke.edu/~cr173/data/dukechronicle-opinion/www.dukechronicle.com/article/remembrances-bradley-simmons-20250609.html
Is there such a thing as institutional neutrality?,Kenneth Surin,2025-05-30T10:00:00Z,2025-05-30,May,30,Letters To The Editor,https://www2.stat.duke.edu/~cr173/data/dukechronicle-opinion/www.dukechronicle.com/article/such-a-thing-as-institutional-neutrality-20250530.html
Duke should commit to institutional neutrality,Timur Kuran and Bruce Caldwell,2025-05-16T11:00:00Z,2025-05-16,May,16,Opinion,https://www2.stat.duke.edu/~cr173/data/dukechronicle-opinion/www.dukechronicle.com/article/duke-should-commit-to-institutional-neutrality-20250516.html
Community members share remembrances for Ian Hyun Kim,Remembrances,2025-05-06T10:00:00Z,2025-05-06,May,6,Campus Voices,https://www2.stat.duke.edu/~cr173/data/dukechronicle-opinion/www.dukechronicle.com/article/remembrances-ian-hyun-kim-20250506.html
The Chronicle is accepting remembrances for Ian Hyun Kim,Remembrances,2025-05-03T10:00:00Z,2025-05-03,May,3,Campus Voices,https://www2.stat.duke.edu/~cr173/data/dukechronicle-opinion/www.dukechronicle.com/article/remembrances-ian-kim-20250503.html
The end,Audrey Wang,2025-05-01T10:00:00Z,2025-05-01,May,1,Opinion,https://www2.stat.duke.edu/~cr173/data/dukechronicle-opinion/www.dukechronicle.com/article/farewell-column-wang-the-end-20250501.html
Stop banning reporters from covering campus protests,Robin Kirk,2025-04-26T10:00:00Z,2025-04-26,Apr,26,Opinion,https://www2.stat.duke.edu/~cr173/data/dukechronicle-opinion/www.dukechronicle.com/article/stop-banning-reporters-from-covering-campus-protests-20250426.html
On charging the grounder,Michael Austin,2025-04-23T10:00:00Z,2025-04-23,Apr,23,Opinion,https://www2.stat.duke.edu/~cr173/data/dukechronicle-opinion/www.dukechronicle.com/article/farewell-column-austin-charging-grounder-20250423.html
I’m still on that tightrope,Tyler Walley,2025-04-23T10:00:00Z,2025-04-23,Apr,23,Opinion,https://www2.stat.duke.edu/~cr173/data/dukechronicle-opinion/www.dukechronicle.com/article/farewell-column-walley-still-on-tightrope-20250423.html
For the love of the game,Ranjan Jindal,2025-04-23T10:00:00Z,2025-04-23,Apr,23,Opinion,https://www2.stat.duke.edu/~cr173/data/dukechronicle-opinion/www.dukechronicle.com/article/farewell-column-jindal-for-love-of-game-20250423.html
Walking on,Andrew Long,2025-04-23T10:00:00Z,2025-04-23,Apr,23,Opinion,https://www2.stat.duke.edu/~cr173/data/dukechronicle-opinion/www.dukechronicle.com/article/farewell-column-long-walking-on-20250423.html
This is not goodbye,Rachael Kaplan,2025-04-23T10:00:00Z,2025-04-23,Apr,23,Opinion,https://www2.stat.duke.edu/~cr173/data/dukechronicle-opinion/www.dukechronicle.com/article/farewell-column-kaplan-this-is-not-goodbye-20250423.html
A thousand words,Abigail Bromberger,2025-04-23T10:00:00Z,2025-04-23,Apr,23,Opinion,https://www2.stat.duke.edu/~cr173/data/dukechronicle-opinion/www.dukechronicle.com/article/farewell-column-bromberger-thousand-words-20250423.html
Farewell columns 2025,Staff Reports,2025-04-23T10:00:00Z,2025-04-23,Apr,23,Campus Voices,https://www2.stat.duke.edu/~cr173/data/dukechronicle-opinion/www.dukechronicle.com/article/farewell-columns-2025-landing-page-20250423.html
Ten things I didn’t learn at Duke,Nathan Luzum,2025-04-23T10:00:00Z,2025-04-23,Apr,23,Opinion,https://www2.stat.duke.edu/~cr173/data/dukechronicle-opinion/www.dukechronicle.com/article/farewell-column-luzum-ten-things-didnt-learn-20250423.html
The end of a four-year identity crisis,Alyssa Ting,2025-04-23T10:00:00Z,2025-04-23,Apr,23,Opinion,https://www2.stat.duke.edu/~cr173/data/dukechronicle-opinion/www.dukechronicle.com/article/farewell-column-ting-four-year-identity-crisis-20250423.html
Journalism is in crisis. We should look to student newspapers for answers.,Zoe Kolenovsky,2025-04-23T10:00:00Z,2025-04-23,Apr,23,Opinion,https://www2.stat.duke.edu/~cr173/data/dukechronicle-opinion/www.dukechronicle.com/article/farewell-column-kolenovsky-journalism-in-crisis-20250423.html
Your voice is a currency — so use it thoughtfully,Alice Qin,2025-04-23T10:00:00Z,2025-04-23,Apr,23,Opinion,https://www2.stat.duke.edu/~cr173/data/dukechronicle-opinion/www.dukechronicle.com/article/farewell-column-qin-speech-currency-new-playbook-20250423.html
You can just do things,Jules Kourelakos,2025-04-23T10:00:00Z,2025-04-23,Apr,23,Opinion,https://www2.stat.duke.edu/~cr173/data/dukechronicle-opinion/www.dukechronicle.com/article/farewell-column-kourelakos-you-can-do-things-20250423.html
"Oh, the places you’ll go",Karen Xu,2025-04-23T10:00:00Z,2025-04-23,Apr,23,Opinion,https://www2.stat.duke.edu/~cr173/data/dukechronicle-opinion/www.dukechronicle.com/article/farewell-column-xu-oh-places-youll-go-20250423.html
A fortune cookie come true,Abby Spiller,2025-04-23T10:00:00Z,2025-04-23,Apr,23,Opinion,https://www2.stat.duke.edu/~cr173/data/dukechronicle-opinion/www.dukechronicle.com/article/farewell-column-spiller-fortune-cookie-come-true-20250423.html
"Workers at Duke deserve better wages, conditions and support: My story",Lee Brodie,2025-04-22T10:01:00Z,2025-04-22,Apr,22,Opinion,https://www2.stat.duke.edu/~cr173/data/dukechronicle-opinion/www.dukechronicle.com/article/workers-duke-better-conditions-story-20250422.html
"Before we leave campus, let’s talk about who can’t",Noor Nazir,2025-04-22T10:00:00Z,2025-04-22,Apr,22,Campus Voices,https://www2.stat.duke.edu/~cr173/data/dukechronicle-opinion/www.dukechronicle.com/article/before-leave-campus-talk-who-cant-20250422.html
You can be an artist,Arya Krishnan,2025-04-22T10:00:00Z,2025-04-22,Apr,22,Campus Voices,https://www2.stat.duke.edu/~cr173/data/dukechronicle-opinion/www.dukechronicle.com/article/you-can-be-an-artist-20250422.html
Duke braces for online surge as anonymous Chronicle satirist reveals identity,Macey Davis and Monday Monday,2025-04-21T10:01:00Z,2025-04-21,Apr,21,Campus Voices,https://www2.stat.duke.edu/~cr173/data/dukechronicle-opinion/www.dukechronicle.com/article/monday-monday-reveal-macey-davis-20250421.html
We are under attack,Thomas Nechyba,2025-04-21T10:00:00Z,2025-04-21,Apr,21,Opinion,https://www2.stat.duke.edu/~cr173/data/dukechronicle-opinion/www.dukechronicle.com/article/we-are-under-attack-20250421.html
Movement as a movement: Dance as a vessel for change,Aria Dwoskin,2025-04-21T09:55:00Z,2025-04-21,Apr,21,Campus Voices,https://www2.stat.duke.edu/~cr173/data/dukechronicle-opinion/www.dukechronicle.com/article/dance-as-a-vessel-for-change-20250421.html
Protecting student journalism: Rumeysa Ozturk and the tilting risk-reward equation of free speech,Alice Qin,2025-04-18T10:00:00Z,2025-04-18,Apr,18,Campus Voices,https://www2.stat.duke.edu/~cr173/data/dukechronicle-opinion/www.dukechronicle.com/article/ozturk-tilting-risk-reward-equation-free-speech-20250418.html
Is due process dead? The answer lies in El Salvador,Leo Goldberg,2025-04-17T10:00:00Z,2025-04-17,Apr,17,Campus Voices,https://www2.stat.duke.edu/~cr173/data/dukechronicle-opinion/www.dukechronicle.com/article/due-process-el-salvador-20250417.html
Medicine beyond the bubble: What I learned working outside Duke Health,Kareena Sukhnanan,2025-04-17T10:00:00Z,2025-04-17,Apr,17,Campus Voices,https://www2.stat.duke.edu/~cr173/data/dukechronicle-opinion/www.dukechronicle.com/article/working-outside-duke-health-20250417.html
"Someone, please teach me JOMO",Annie Ming Kowalik,2025-04-16T10:00:00Z,2025-04-16,Apr,16,Campus Voices,https://www2.stat.duke.edu/~cr173/data/dukechronicle-opinion/www.dukechronicle.com/article/someone-teach-me-jomo-20250416.html
‘The White Lotus’ Season 4 to be filmed at Washington Duke Inn,Monday Monday,2025-04-16T10:00:00Z,2025-04-16,Apr,16,Campus Voices,https://www2.stat.duke.edu/~cr173/data/dukechronicle-opinion/www.dukechronicle.com/article/white-lotus-film-washington-duke-20250416.html
Underwater: The rise and fall of the Marine Lab library,Aaron Siegle,2025-04-15T10:00:00Z,2025-04-15,Apr,15,Campus Voices,https://www2.stat.duke.edu/~cr173/data/dukechronicle-opinion/www.dukechronicle.com/article/rise-and-fall-of-the-marine-lab-library-20250415.html
Not an easy road,Luke A. Powery,2025-04-14T17:00:00Z,2025-04-14,Apr,14,Campus Voices,https://www2.stat.duke.edu/~cr173/data/dukechronicle-opinion/www.dukechronicle.com/article/not-an-easy-road-20250414.html
‘Cowardice as policy’: Duke’s obligation to resist,Adam Levin,2025-04-14T10:00:00Z,2025-04-14,Apr,14,Campus Voices,https://www2.stat.duke.edu/~cr173/data/dukechronicle-opinion/www.dukechronicle.com/article/cowardice-as-policy-20250414.html
(Am I) on your Google Calendar,Anna Garziera,2025-04-13T10:00:00Z,2025-04-13,Apr,13,Campus Voices,https://www2.stat.duke.edu/~cr173/data/dukechronicle-opinion/www.dukechronicle.com/article/am-i-on-google-calendar-20250413.html
The Blue Devils who stole my daughter's heart,Jimmy Soni,2025-04-11T10:00:00Z,2025-04-11,Apr,11,Opinion,https://www2.stat.duke.edu/~cr173/data/dukechronicle-opinion/www.dukechronicle.com/article/blue-devils-stole-my-daughters-heart-20250411.html
Every major is a climate major,Aaron Siegle,2025-04-10T10:00:00Z,2025-04-10,Apr,10,Campus Voices,https://www2.stat.duke.edu/~cr173/data/dukechronicle-opinion/www.dukechronicle.com/article/every-major-climate-major-20250410.html
"Independence, community or both",Lisa Maria Stirbu,2025-04-09T10:00:00Z,2025-04-09,Apr,9,Campus Voices,https://www2.stat.duke.edu/~cr173/data/dukechronicle-opinion/www.dukechronicle.com/article/independence-community-both-20250409.html
"When speech feels risky, speak anyway",Noor Nazir,2025-04-08T10:00:00Z,2025-04-08,Apr,8,Campus Voices,https://www2.stat.duke.edu/~cr173/data/dukechronicle-opinion/www.dukechronicle.com/article/when-speech-feels-risky-speak-anyway-20250408.html
The Chronicle is accepting remembrances for Sayan Mukherjee,Remembrances,2025-04-07T18:20:00Z,2025-04-07,Apr,7,Campus Voices,https://www2.stat.duke.edu/~cr173/data/dukechronicle-opinion/www.dukechronicle.com/article/remembrances-sayan-mukherjee-20250407.html
Every devil for themselves ,Krisha Patel,2025-04-07T10:00:00Z,2025-04-07,Apr,7,Campus Voices,https://www2.stat.duke.edu/~cr173/data/dukechronicle-opinion/www.dukechronicle.com/article/every-devil-for-themselves-20250407.html
Learning to love Madrid (study abroad) without a ‘found family’,Valentina Garbelotto,2025-04-04T10:00:00Z,2025-04-04,Apr,4,Campus Voices,https://www2.stat.duke.edu/~cr173/data/dukechronicle-opinion/www.dukechronicle.com/article/learning-to-love-madrid-20250404.html
Duke’s ‘White Lotus’ blunder: Sometimes less is more,Alex Berkman,2025-04-04T10:00:00Z,2025-04-04,Apr,4,Campus Voices,https://www2.stat.duke.edu/~cr173/data/dukechronicle-opinion/www.dukechronicle.com/article/duke-white-lotus-less-is-more-20250404.html
It’s time to reaffiliate Greek life,Adam Levin,2025-04-03T10:00:00Z,2025-04-03,Apr,3,Campus Voices,https://www2.stat.duke.edu/~cr173/data/dukechronicle-opinion/www.dukechronicle.com/article/time-to-reaffiliate-greek-life-20250403.html
The road less traveled: Choosing Duke over studying abroad,Kareena Sukhnanan,2025-04-03T10:00:00Z,2025-04-03,Apr,3,Campus Voices,https://www2.stat.duke.edu/~cr173/data/dukechronicle-opinion/www.dukechronicle.com/article/road-less-traveled-20250403.html
Tell me more,Shruthi Narayanan,2025-04-02T10:00:00Z,2025-04-02,Apr,2,Campus Voices,https://www2.stat.duke.edu/~cr173/data/dukechronicle-opinion/www.dukechronicle.com/article/tell-me-more-20250402.html
The dangerous path of permitless carry in North Carolina,Aria Dwoskin,2025-04-02T10:00:00Z,2025-04-02,Apr,2,Campus Voices,https://www2.stat.duke.edu/~cr173/data/dukechronicle-opinion/www.dukechronicle.com/article/dangerous-path-permitless-carry-north-carolina-20250402.html
It’s more than just a fun thing: On the 3/29 Holi ‘darty’,Advikaa Anand,2025-04-01T10:00:00Z,2025-04-01,Apr,1,Campus Voices,https://www2.stat.duke.edu/~cr173/data/dukechronicle-opinion/www.dukechronicle.com/article/more-than-fun-thing-holi-darty-20250401.html
Duke introduces mandatory P-Construction program for Class of 2029 amid Duke housing crisis,Monday Monday,2025-04-01T10:00:00Z,2025-04-01,Apr,1,Campus Voices,https://www2.stat.duke.edu/~cr173/data/dukechronicle-opinion/www.dukechronicle.com/article/mandatory-p-construction-20250401.html
Why I write … and why maybe you should too,Samantha George,2025-03-31T10:00:00Z,2025-03-31,Mar,31,Campus Voices,https://www2.stat.duke.edu/~cr173/data/dukechronicle-opinion/www.dukechronicle.com/article/why-i-write-20250331.html
Jazz as a way of life,Luke A. Powery,2025-03-31T10:00:00Z,2025-03-31,Mar,31,Campus Voices,https://www2.stat.duke.edu/~cr173/data/dukechronicle-opinion/www.dukechronicle.com/article/jazz-as-a-way-of-life-20250331.html
Harvard and MIT are making more students tuition-free. What about Duke?,Shambhavi Sinha,2025-03-31T10:00:00Z,2025-03-31,Mar,31,Campus Voices,https://www2.stat.duke.edu/~cr173/data/dukechronicle-opinion/www.dukechronicle.com/article/harvard-mit-tuition-free-duke-20250331.html
Engineering Student Government endorses Tara Singh for DSG president,Kate Stutheit and Pranav Mukund,2025-03-30T20:15:00Z,2025-03-30,Mar,30,Letters To The Editor,https://www2.stat.duke.edu/~cr173/data/dukechronicle-opinion/www.dukechronicle.com/article/esg-endorses-tara-singh-20250330.html
Black Student Alliance endorses Tara Singh for DSG president,Joe Asamoah-Boadu,2025-03-30T20:15:00Z,2025-03-30,Mar,30,Letters To The Editor,https://www2.stat.duke.edu/~cr173/data/dukechronicle-opinion/www.dukechronicle.com/article/black-student-alliance-endorses-tara-singh-20250330.html
Small Town Rural Student Coalition endorses Tara Singh for DSG president,Olivia McConnell,2025-03-30T20:15:00Z,2025-03-30,Mar,30,Letters To The Editor,https://www2.stat.duke.edu/~cr173/data/dukechronicle-opinion/www.dukechronicle.com/article/small-town-rural-student-coalition-endorses-tara-singh-20250330.html
Degrees of fiction,Barbara Cardenas,2025-03-30T10:00:00Z,2025-03-30,Mar,30,Campus Voices,https://www2.stat.duke.edu/~cr173/data/dukechronicle-opinion/www.dukechronicle.com/article/degrees-of-fiction-20250330.html
The final countdown,Anna Garziera,2025-03-30T10:00:00Z,2025-03-30,Mar,30,Campus Voices,https://www2.stat.duke.edu/~cr173/data/dukechronicle-opinion/www.dukechronicle.com/article/final-countdown-20250330.html
The Backpack Project Durham endorses Tara Singh for DSG president,Ashley Talwar and Grace Zhang,2025-03-29T10:00:00Z,2025-03-29,Mar,29,Letters To The Editor,https://www2.stat.duke.edu/~cr173/data/dukechronicle-opinion/www.dukechronicle.com/article/the-backpack-project-durham-endorse-tara-singh-20250329.html
Mi Gente Executive Council endorses Tara Singh for DSG president,Mariana Meza,2025-03-29T10:00:00Z,2025-03-29,Mar,29,Letters To The Editor,https://www2.stat.duke.edu/~cr173/data/dukechronicle-opinion/www.dukechronicle.com/article/mi-gente-endorse-tara-singh-20250329.html
It’s time for the left to reclaim free speech,Leo Goldberg,2025-03-28T10:00:00Z,2025-03-28,Mar,28,Campus Voices,https://www2.stat.duke.edu/~cr173/data/dukechronicle-opinion/www.dukechronicle.com/article/time-for-left-reclaim-free-speech-20250328.html
The privilege to care about your CV,Annie Ming Kowalik,2025-03-27T10:00:00Z,2025-03-27,Mar,27,Campus Voices,https://www2.stat.duke.edu/~cr173/data/dukechronicle-opinion/www.dukechronicle.com/article/privilege-care-about-cv-20250327.html
Where have all the backpacks gone?,Juliette Workman,2025-03-26T10:00:00Z,2025-03-26,Mar,26,Campus Voices,https://www2.stat.duke.edu/~cr173/data/dukechronicle-opinion/www.dukechronicle.com/article/where-are-all-the-backpacks-20250326.html
Why Duke is failing at being an elite institution,Krisha Patel,2025-03-25T10:00:00Z,2025-03-25,Mar,25,Campus Voices,https://www2.stat.duke.edu/~cr173/data/dukechronicle-opinion/www.dukechronicle.com/article/duke-failing-as-elite-institution-20250325.html
Beyond quick fixes: Rethinking crisis response in an interconnected world,Jakob Hagedorn,2025-03-24T10:00:00Z,2025-03-24,Mar,24,Campus Voices,https://www2.stat.duke.edu/~cr173/data/dukechronicle-opinion/www.dukechronicle.com/article/rethinking-crisis-response-interconnected-world-20250324.html
Look around,Aaron Siegle,2025-03-24T10:00:00Z,2025-03-24,Mar,24,Campus Voices,https://www2.stat.duke.edu/~cr173/data/dukechronicle-opinion/www.dukechronicle.com/article/look-around-20250324.html
"The Chronicle is accepting endorsements for DSG presidential, EVP candidates",Alice Qin and Abby Spiller,2025-03-21T12:00:00Z,2025-03-21,Mar,21,Campus Voices,https://www2.stat.duke.edu/~cr173/data/dukechronicle-opinion/www.dukechronicle.com/article/chronicle-dsg-endorsements-20250321.html
Diversity isn't just for STEM,Sonia Green,2025-03-21T10:00:00Z,2025-03-21,Mar,21,Campus Voices,https://www2.stat.duke.edu/~cr173/data/dukechronicle-opinion/www.dukechronicle.com/article/diversity-isnt-just-for-stem-20250321.html
Sustainability without sacrifice: Rethinking the path to a greener future,Aaron Siegle,2025-03-20T10:00:00Z,2025-03-20,Mar,20,Campus Voices,https://www2.stat.duke.edu/~cr173/data/dukechronicle-opinion/www.dukechronicle.com/article/sustainability-without-sacrifice-20250320.html
Research should not be understood as a financial loss,Francesco Ria,2025-03-19T10:00:00Z,2025-03-19,Mar,19,Opinion,https://www2.stat.duke.edu/~cr173/data/dukechronicle-opinion/www.dukechronicle.com/article/research-not-financial-loss-20250319.html
Community members share remembrances for John Feinstein,Remembrances,2025-03-18T12:00:00Z,2025-03-18,Mar,18,Campus Voices,https://www2.stat.duke.edu/~cr173/data/dukechronicle-opinion/www.dukechronicle.com/article/remembrances-john-feinstein-67d8fdb6e2e2f-20250318.html
"Seriously, block my shot: March Madness, gender inequity and playing pickup in Wilson",Samantha George,2025-03-17T10:00:00Z,2025-03-17,Mar,17,Campus Voices,https://www2.stat.duke.edu/~cr173/data/dukechronicle-opinion/www.dukechronicle.com/article/block-my-shot-march-madness-gender-inequity-pickup-20250317.html
Getting close enough to care,Luke A. Powery,2025-03-17T10:00:00Z,2025-03-17,Mar,17,Campus Voices,https://www2.stat.duke.edu/~cr173/data/dukechronicle-opinion/www.dukechronicle.com/article/getting-close-enough-to-care-20250317.html
Favors for your future self,Anna Garziera,2025-03-16T10:00:00Z,2025-03-16,Mar,16,Campus Voices,https://www2.stat.duke.edu/~cr173/data/dukechronicle-opinion/www.dukechronicle.com/article/favors-for-your-future-self-20250316.html
Full of hot air (or steam): A plan to replace natural gas at Duke,Aaron Siegle,2025-03-16T10:00:00Z,2025-03-16,Mar,16,Campus Voices,https://www2.stat.duke.edu/~cr173/data/dukechronicle-opinion/www.dukechronicle.com/article/full-of-hot-air-replace-natural-gas-20250316.html
The Chronicle is accepting remembrances for John Feinstein,Remembrances,2025-03-14T16:00:00Z,2025-03-14,Mar,14,Campus Voices,https://www2.stat.duke.edu/~cr173/data/dukechronicle-opinion/www.dukechronicle.com/article/remembrances-john-feinstein-20250314.html
"If academic freedom trumps the freedom to protest, democracy dies",Eli Meyerhoff,2025-03-07T23:00:00Z,2025-03-07,Mar,7,Opinion,https://www2.stat.duke.edu/~cr173/data/dukechronicle-opinion/www.dukechronicle.com/article/academic-freedom-trumps-protest-democracy-dies-20250307.html
"On the recent anniversary of Paul Farmer’s death: Language, community engagement and global health",Mya Harris,2025-03-06T11:00:00Z,2025-03-06,Mar,6,Opinion,https://www2.stat.duke.edu/~cr173/data/dukechronicle-opinion/www.dukechronicle.com/article/paul-farmer-anniversary-global-health-20250306.html
Navigating the Duke journey as a 22-year-old freshman,Myat Theingi,2025-03-05T11:00:00Z,2025-03-05,Mar,5,Campus Voices,https://www2.stat.duke.edu/~cr173/data/dukechronicle-opinion/www.dukechronicle.com/article/navigating-duke-journey-22-year-old-freshman-20250305.html
How language subjugates women: The hidden sexism in titles,Aria Dwoskin,2025-03-05T11:00:00Z,2025-03-05,Mar,5,Campus Voices,https://www2.stat.duke.edu/~cr173/data/dukechronicle-opinion/www.dukechronicle.com/article/language-subjugates-women-titles-20250305.html
What’s fizzin’?,Adam Levin,2025-03-04T11:00:00Z,2025-03-04,Mar,4,Campus Voices,https://www2.stat.duke.edu/~cr173/data/dukechronicle-opinion/www.dukechronicle.com/article/whats-fizzin-20250304.html
The calculated ambush on Zelenskyy that shook the world,Leo Goldberg,2025-03-04T11:00:00Z,2025-03-04,Mar,4,Campus Voices,https://www2.stat.duke.edu/~cr173/data/dukechronicle-opinion/www.dukechronicle.com/article/calculated-ambush-zelenskyy-20250304.html
Ashes for action,Luke A. Powery,2025-03-03T11:00:00Z,2025-03-03,Mar,3,Campus Voices,https://www2.stat.duke.edu/~cr173/data/dukechronicle-opinion/www.dukechronicle.com/article/ashes-for-action-20250303.html
The value of the commute,Marc Wang,2025-03-02T11:00:00Z,2025-03-02,Mar,2,Campus Voices,https://www2.stat.duke.edu/~cr173/data/dukechronicle-opinion/www.dukechronicle.com/article/value-of-commute-20250302.html
Duke has a spending problem: Invest in students not aesthetics,Noor Nazir,2025-02-28T11:00:00Z,2025-02-28,Feb,28,Campus Voices,https://www2.stat.duke.edu/~cr173/data/dukechronicle-opinion/www.dukechronicle.com/article/duke-spending-problem-students-aesthetics-20250228.html
An Instagram post is not enough to ‘save research’,Coral Lin,2025-02-28T11:00:00Z,2025-02-28,Feb,28,Opinion,https://www2.stat.duke.edu/~cr173/data/dukechronicle-opinion/www.dukechronicle.com/article/instagram-post-not-save-research-20250228.html
"Streamlining research is a worthy goal, but the NIH cuts are dangerous and misguided",Alex Berkman,2025-02-27T11:00:00Z,2025-02-27,Feb,27,Campus Voices,https://www2.stat.duke.edu/~cr173/data/dukechronicle-opinion/www.dukechronicle.com/article/streamlining-research-worthy-cuts-dangerous-misguided-20250227.html
My losing battle against AI cheating,Orin Starn,2025-02-27T11:00:00Z,2025-02-27,Feb,27,Opinion,https://www2.stat.duke.edu/~cr173/data/dukechronicle-opinion/www.dukechronicle.com/article/losing-battle-ai-cheating-20250227.html
Calle de change: Why the honeymoon stage of study abroad matters,Valentina Garbelotto,2025-02-26T22:00:00Z,2025-02-26,Feb,26,Campus Voices,https://www2.stat.duke.edu/~cr173/data/dukechronicle-opinion/www.dukechronicle.com/article/calle-de-change-20250226.html
On taking up space,Annie Ming Kowalik,2025-02-26T11:00:00Z,2025-02-26,Feb,26,Campus Voices,https://www2.stat.duke.edu/~cr173/data/dukechronicle-opinion/www.dukechronicle.com/article/on-taking-up-space-20250226.html
On becoming children (even if for a day),Shambhavi Sinha,2025-02-25T11:00:00Z,2025-02-25,Feb,25,Campus Voices,https://www2.stat.duke.edu/~cr173/data/dukechronicle-opinion/www.dukechronicle.com/article/on-becoming-children-20250225.html
"A call on Duke from Black queer alums to openly support transgender, gender-diverse Blue Devils","Seth C. Pearson, Tim'm West, Lee Levingston Perine, Ace Robinson and Jillian Johnson",2025-02-25T11:00:00Z,2025-02-25,Feb,25,Opinion,https://www2.stat.duke.edu/~cr173/data/dukechronicle-opinion/www.dukechronicle.com/article/call-on-duke-from-black-queer-alums-20250225.html
The quiet power of today,Samantha George,2025-02-24T11:00:00Z,2025-02-24,Feb,24,Campus Voices,https://www2.stat.duke.edu/~cr173/data/dukechronicle-opinion/www.dukechronicle.com/article/quiet-power-today-20250224.html
Duke selected as the first college for a Bachelor franchise spin-off: ‘The Baccalaureatte’,Monday Monday,2025-02-24T11:00:00Z,2025-02-24,Feb,24,Campus Voices,https://www2.stat.duke.edu/~cr173/data/dukechronicle-opinion/www.dukechronicle.com/article/duke-first-college-bachelor-spinoff-20250224.html
Mother (Nature) knows best,Anna Garziera,2025-02-23T11:00:00Z,2025-02-23,Feb,23,Campus Voices,https://www2.stat.duke.edu/~cr173/data/dukechronicle-opinion/www.dukechronicle.com/article/mother-nature-knows-best-20250223.html
Home is where the bull is,Shruthi Narayanan,2025-02-21T11:00:00Z,2025-02-21,Feb,21,Campus Voices,https://www2.stat.duke.edu/~cr173/data/dukechronicle-opinion/www.dukechronicle.com/article/home-is-where-bull-is-20250221.html
"Paper promises, priceless losses: The closure of Duke’s herbarium",Jakob Hagedorn,2025-02-21T11:00:00Z,2025-02-21,Feb,21,Campus Voices,https://www2.stat.duke.edu/~cr173/data/dukechronicle-opinion/www.dukechronicle.com/article/paper-promises-priceless-losses-20250221.html
Duke’s administration should speak publicly about the University’s vital interests,"Timur Kuran, John Aldrich and Michael Munger",2025-02-20T11:00:00Z,2025-02-20,Feb,20,Opinion,https://www2.stat.duke.edu/~cr173/data/dukechronicle-opinion/www.dukechronicle.com/article/duke-should-speak-publicly-about-vital-interests-20250220.html
What’s up with protests at Duke?,Adam Levin,2025-02-19T11:00:00Z,2025-02-19,Feb,19,Campus Voices,https://www2.stat.duke.edu/~cr173/data/dukechronicle-opinion/www.dukechronicle.com/article/whats-up-with-protests-duke-20250219.html
Tradition as an antidote to campus polarization,Sherman Criner,2025-02-18T11:00:00Z,2025-02-18,Feb,18,Opinion,https://www2.stat.duke.edu/~cr173/data/dukechronicle-opinion/www.dukechronicle.com/article/tradition-antidote-campus-polarization-20250218.html
HUMBLE,Luke A. Powery,2025-02-17T11:00:00Z,2025-02-17,Feb,17,Campus Voices,https://www2.stat.duke.edu/~cr173/data/dukechronicle-opinion/www.dukechronicle.com/article/humble-kendrick-lamar-20250217.html
‘The revolution’: Trump and the changing landscape of political activism,Aria Dwoskin,2025-02-16T11:00:00Z,2025-02-16,Feb,16,Campus Voices,https://www2.stat.duke.edu/~cr173/data/dukechronicle-opinion/www.dukechronicle.com/article/the-revolution-trump-political-activism-20250216.html
They love me ... they love me not,Shruthi Narayanan,2025-02-14T11:00:00Z,2025-02-14,Feb,14,Campus Voices,https://www2.stat.duke.edu/~cr173/data/dukechronicle-opinion/www.dukechronicle.com/article/they-love-me-not-20250214.html
Leg up to legacies: Self-serving bias and the 'Forever Duke' generation,Kareena Sukhnanan,2025-02-13T11:00:00Z,2025-02-13,Feb,13,Campus Voices,https://www2.stat.duke.edu/~cr173/data/dukechronicle-opinion/www.dukechronicle.com/article/leg-up-to-legacies-20250213.html
The Department of Education may be on its way out. Is Duke prepared?,Leo Goldberg,2025-02-13T11:00:00Z,2025-02-13,Feb,13,Campus Voices,https://www2.stat.duke.edu/~cr173/data/dukechronicle-opinion/www.dukechronicle.com/article/department-of-education-duke-prepared-20250213.html
Do we trust others the way we want to be trusted?,Angarag Gantogoo,2025-02-12T11:00:00Z,2025-02-12,Feb,12,Campus Voices,https://www2.stat.duke.edu/~cr173/data/dukechronicle-opinion/www.dukechronicle.com/article/trust-others-way-we-want-to-be-trusted-20250212.html
Why I went back to therapy,Barbara Cardenas,2025-02-11T11:00:00Z,2025-02-11,Feb,11,Campus Voices,https://www2.stat.duke.edu/~cr173/data/dukechronicle-opinion/www.dukechronicle.com/article/why-went-back-therapy-20250211.html
The hottest thing this Valentine’s Day may be specificity,Samantha George,2025-02-10T11:00:00Z,2025-02-10,Feb,10,Campus Voices,https://www2.stat.duke.edu/~cr173/data/dukechronicle-opinion/www.dukechronicle.com/article/hottest-thing-valentines-day-specificity-20250210.html
Want not lack not,Anna Garziera,2025-02-09T11:00:00Z,2025-02-09,Feb,9,Campus Voices,https://www2.stat.duke.edu/~cr173/data/dukechronicle-opinion/www.dukechronicle.com/article/want-not-lack-not-20250209.html
A plea to Duke’s administration: Will you stand for higher education?,Noor Nazir,2025-02-07T11:00:00Z,2025-02-07,Feb,7,Opinion,https://www2.stat.duke.edu/~cr173/data/dukechronicle-opinion/www.dukechronicle.com/article/plea-to-duke-stand-for-higher-education-20250207.html
America’s oldest Black town can teach us something about the lost art of democracy,Avery Smedley,2025-02-06T11:00:00Z,2025-02-06,Feb,6,Opinion,https://www2.stat.duke.edu/~cr173/data/dukechronicle-opinion/www.dukechronicle.com/article/americas-oldest-black-town-20250206.html
Trump’s Executive Order 14160: Worrisome for American democracy,Harrison Walley,2025-02-05T11:00:00Z,2025-02-05,Feb,5,Campus Voices,https://www2.stat.duke.edu/~cr173/data/dukechronicle-opinion/www.dukechronicle.com/article/trumps-executive-order-20250205.html
The transfer portal has taken over college sports: Is Greek life next?,Alex Berkman,2025-02-05T11:00:00Z,2025-02-05,Feb,5,Campus Voices,https://www2.stat.duke.edu/~cr173/data/dukechronicle-opinion/www.dukechronicle.com/article/transfer-portal-greek-life-20250205.html
No midnight oil to burn: Keep the libraries open later on Fridays and Saturdays ,Cara Eaton,2025-02-04T11:00:00Z,2025-02-04,Feb,4,Campus Voices,https://www2.stat.duke.edu/~cr173/data/dukechronicle-opinion/www.dukechronicle.com/article/keep-libraries-open-later-fridays-saturdays-20250204.html
On glass and rubber balls: Happy Valentine’s Day,Advikaa Anand,2025-02-04T11:00:00Z,2025-02-04,Feb,4,Campus Voices,https://www2.stat.duke.edu/~cr173/data/dukechronicle-opinion/www.dukechronicle.com/article/glass-rubber-balls-valentines-20250204.html
Breath support,Luke A. Powery,2025-02-03T13:00:00Z,2025-02-03,Feb,3,Campus Voices,https://www2.stat.duke.edu/~cr173/data/dukechronicle-opinion/www.dukechronicle.com/article/breath-support-20250203.html
"Air Jordan drops UNC, proposes sponsoring Duke after Saturday's showing",Monday Monday,2025-02-03T11:00:00Z,2025-02-03,Feb,3,Campus Voices,https://www2.stat.duke.edu/~cr173/data/dukechronicle-opinion/www.dukechronicle.com/article/air-jordan-drops-unc-monday-monday-20250203.html
Trump’s strategy of manufactured crisis: The TikTok ban and beyond,Aria Dwoskin,2025-02-02T11:00:00Z,2025-02-02,Feb,2,Campus Voices,https://www2.stat.duke.edu/~cr173/data/dukechronicle-opinion/www.dukechronicle.com/article/trump-manufactured-crisis-tiktok-20250202.html
North Carolina: Ground zero for right-wing policy,Adam Levin,2025-02-02T11:00:00Z,2025-02-02,Feb,2,Campus Voices,https://www2.stat.duke.edu/~cr173/data/dukechronicle-opinion/www.dukechronicle.com/article/north-carolina-ground-zero-right-wing-policy-20250202.html
From Berlin to Duke: A tale for the uncertain at heart,Lisa Maria Stirbu,2025-01-31T11:00:00Z,2025-01-31,Jan,31,Campus Voices,https://www2.stat.duke.edu/~cr173/data/dukechronicle-opinion/www.dukechronicle.com/article/from-berlin-to-duke-20250131.html
Golden or gilded? Trump’s inauguration sends an ominous message to the working class,Quaid Sutherland and Polyna Uzun,2025-01-30T11:00:00Z,2025-01-30,Jan,30,Opinion,https://www2.stat.duke.edu/~cr173/data/dukechronicle-opinion/www.dukechronicle.com/article/golden-or-gilded-20250130.html
Hopefully someday I can go back home,Myat Theingi,2025-01-29T11:00:00Z,2025-01-29,Jan,29,Campus Voices,https://www2.stat.duke.edu/~cr173/data/dukechronicle-opinion/www.dukechronicle.com/article/hopefully-someday-go-back-home-20250129.html
Let’s bring back the comedy movie,Alex Berkman,2025-01-28T11:00:00Z,2025-01-28,Jan,28,Campus Voices,https://www2.stat.duke.edu/~cr173/data/dukechronicle-opinion/www.dukechronicle.com/article/bring-back-comedy-movies-20250128.html
"A man, a plan, a canal, America?",Leo Goldberg,2025-01-28T11:00:00Z,2025-01-28,Jan,28,Campus Voices,https://www2.stat.duke.edu/~cr173/data/dukechronicle-opinion/www.dukechronicle.com/article/man-plan-canal-america-20250128.html
Embrace contradiction: Owning unique experiences in the face of their commonality,Samantha George,2025-01-27T11:00:00Z,2025-01-27,Jan,27,Campus Voices,https://www2.stat.duke.edu/~cr173/data/dukechronicle-opinion/www.dukechronicle.com/article/embrace-contradiction-unique-experience-20250127.html
Here’s your diploma,Anna Garziera,2025-01-26T11:00:00Z,2025-01-26,Jan,26,Campus Voices,https://www2.stat.duke.edu/~cr173/data/dukechronicle-opinion/www.dukechronicle.com/article/heres-your-diploma-20250126.html
Rekindling hope: Finding a path forward amidst destruction,Aaron Siegle,2025-01-24T11:00:00Z,2025-01-24,Jan,24,Campus Voices,https://www2.stat.duke.edu/~cr173/data/dukechronicle-opinion/www.dukechronicle.com/article/rekindling-hope-20250124.html
"It’s all an act, really",Ashlei Tomlinson,2025-01-24T11:00:00Z,2025-01-24,Jan,24,Campus Voices,https://www2.stat.duke.edu/~cr173/data/dukechronicle-opinion/www.dukechronicle.com/article/its-all-an-act-20250124.html
One more minute: Romanticizing the wonder of being,Annie Ming Kowalik,2025-01-21T11:00:00Z,2025-01-21,Jan,21,Campus Voices,https://www2.stat.duke.edu/~cr173/data/dukechronicle-opinion/www.dukechronicle.com/article/one-more-minute-20250121.html
"Duke professor to launch new academic TikTok, GPAs expected to hit record highs",Monday Monday,2025-01-20T11:00:00Z,2025-01-20,Jan,20,Campus Voices,https://www2.stat.duke.edu/~cr173/data/dukechronicle-opinion/www.dukechronicle.com/article/duke-professor-launch-new-academic-tiktok-20250120.html
Stranger danger? A lesson from Howard Thurman on King Day,Luke A. Powery,2025-01-20T11:00:00Z,2025-01-20,Jan,20,Campus Voices,https://www2.stat.duke.edu/~cr173/data/dukechronicle-opinion/www.dukechronicle.com/article/lesson-from-howard-thurman-king-day-20250120.html
What Duke (and universities like it) can get wrong about civil dialogue,Alice Qin,2025-01-14T11:00:00Z,2025-01-14,Jan,14,Campus Voices,https://www2.stat.duke.edu/~cr173/data/dukechronicle-opinion/www.dukechronicle.com/article/duke-can-get-civil-dialogue-wrong-20250114.html
Duke Athletics to change 2025-2026 Duke men's basketball tenting entry test for UNC game,Monday Monday,2025-01-13T11:00:00Z,2025-01-13,Jan,13,Campus Voices,https://www2.stat.duke.edu/~cr173/data/dukechronicle-opinion/www.dukechronicle.com/article/duke-athletics-change-tenting-test-monday-monday-20250113.html
The Chronicle is accepting remembrances for Tom Mehen,Remembrances,2025-01-07T03:00:00Z,2025-01-07,Jan,7,Campus Voices,https://www2.stat.duke.edu/~cr173/data/dukechronicle-opinion/www.dukechronicle.com/article/remembrances-tom-mehen-20250107.html
Community members share remembrances for Jiani 'Thea' Yu,Remembrances,2024-12-27T16:00:00Z,2024-12-27,Dec,27,Campus Voices,https://www2.stat.duke.edu/~cr173/data/dukechronicle-opinion/www.dukechronicle.com/article/remembrances-jiani-thea-yu-20241227.html
How the Grinch is stealing our voting rights ,Katherine Gallagher,2024-12-23T11:00:00Z,2024-12-23,Dec,23,Opinion,https://www2.stat.duke.edu/~cr173/data/dukechronicle-opinion/www.dukechronicle.com/article/grinch-is-stealing-our-voting-rights-20241223.html
What the trans-exclusionary story about sport gets wrong,Joseph Hiller,2024-12-13T17:00:00Z,2024-12-13,Dec,13,Opinion,https://www2.stat.duke.edu/~cr173/data/dukechronicle-opinion/www.dukechronicle.com/article/trans-exclusionary-story-about-sport-gets-wrong-20241213.html
A love letter to Duke fitness classes: Rediscovering the joy of movement,Valentina Garbelotto,2024-12-12T17:00:00Z,2024-12-12,Dec,12,Campus Voices,https://www2.stat.duke.edu/~cr173/data/dukechronicle-opinion/www.dukechronicle.com/article/love-letter-to-duke-fitness-classes-20241212.html
Reflections on the greatest war criminal in American history,Leo Goldberg,2024-12-11T13:00:00Z,2024-12-11,Dec,11,Campus Voices,https://www2.stat.duke.edu/~cr173/data/dukechronicle-opinion/www.dukechronicle.com/article/greatest-war-criminal-american-history-20241211.html
Beyond red and blue,Jasmine Fan,2024-12-10T13:00:00Z,2024-12-10,Dec,10,Campus Voices,https://www2.stat.duke.edu/~cr173/data/dukechronicle-opinion/www.dukechronicle.com/article/beyond-red-and-blue-20241210.html
"Duke extends winter break through spring, dorms to become Airbnbs",Monday Monday,2024-12-09T13:00:00Z,2024-12-09,Dec,9,Campus Voices,https://www2.stat.duke.edu/~cr173/data/dukechronicle-opinion/www.dukechronicle.com/article/monday-monday-duke-extends-winter-break-20241209.html
Beyond the spectacular: Why storytelling matters,Natalia Harnisch,2024-12-06T13:00:00Z,2024-12-06,Dec,6,Opinion,https://www2.stat.duke.edu/~cr173/data/dukechronicle-opinion/www.dukechronicle.com/article/beyond-the-spectacular-20241206.html
Writing in a time of robots,Aaron Siegle,2024-12-06T13:00:00Z,2024-12-06,Dec,6,Campus Voices,https://www2.stat.duke.edu/~cr173/data/dukechronicle-opinion/www.dukechronicle.com/article/writing-in-time-of-robots-20241206.html
The subtle politics of Duke merchandise,Cara Eaton,2024-12-05T13:00:00Z,2024-12-05,Dec,5,Campus Voices,https://www2.stat.duke.edu/~cr173/data/dukechronicle-opinion/www.dukechronicle.com/article/subtle-politics-duke-merchandise-20241205.html
The Chronicle is accepting remembrances for Jiani Yu,Remembrances,2024-12-05T04:00:00Z,2024-12-05,Dec,5,Campus Voices,https://www2.stat.duke.edu/~cr173/data/dukechronicle-opinion/www.dukechronicle.com/article/remembrances-jiani-yu-20241205.html
Revisiting the complicated history of the Duke rice diet,Nik Narain,2024-12-04T16:30:00Z,2024-12-04,Dec,4,Campus Voices,https://www2.stat.duke.edu/~cr173/data/dukechronicle-opinion/www.dukechronicle.com/article/complicated-history-duke-rice-diet-20241204.html
Confessions of a discount factor,Anna Garziera,2024-12-03T13:00:00Z,2024-12-03,Dec,3,Campus Voices,https://www2.stat.duke.edu/~cr173/data/dukechronicle-opinion/www.dukechronicle.com/article/confessions-discount-factor-20241203.html
How will you end?,Luke A. Powery,2024-12-02T16:00:00Z,2024-12-02,Dec,2,Campus Voices,https://www2.stat.duke.edu/~cr173/data/dukechronicle-opinion/www.dukechronicle.com/article/how-will-you-end-20241202.html
I deleted Instagram. Here’s what changed.,Susan Chemmanoor,2024-11-26T13:00:00Z,2024-11-26,Nov,26,Campus Voices,https://www2.stat.duke.edu/~cr173/data/dukechronicle-opinion/www.dukechronicle.com/article/i-deleted-instagram-20241126.html
What your favorite library says about you,Shambhavi Sinha,2024-11-25T13:00:00Z,2024-11-25,Nov,25,Campus Voices,https://www2.stat.duke.edu/~cr173/data/dukechronicle-opinion/www.dukechronicle.com/article/favorite-library-says-about-you-20241125.html
Cutting people off over politics,Sonia Green,2024-11-22T13:00:00Z,2024-11-22,Nov,22,Campus Voices,https://www2.stat.duke.edu/~cr173/data/dukechronicle-opinion/www.dukechronicle.com/article/cutting-people-off-over-politics-20241122.html
Life beyond the game: Redefining purpose after golf,Sophia Bae,2024-11-22T13:00:00Z,2024-11-22,Nov,22,Opinion,https://www2.stat.duke.edu/~cr173/data/dukechronicle-opinion/www.dukechronicle.com/article/life-beyond-the-game-20241122.html
The bitter brew,Gabriel Markwei,2024-11-22T13:00:00Z,2024-11-22,Nov,22,Opinion,https://www2.stat.duke.edu/~cr173/data/dukechronicle-opinion/www.dukechronicle.com/article/the-bitter-brew-20241122.html
You can’t park here (even though you go here),Paul Dilly,2024-11-21T13:00:00Z,2024-11-21,Nov,21,Campus Voices,https://www2.stat.duke.edu/~cr173/data/dukechronicle-opinion/www.dukechronicle.com/article/you-cant-park-here-20241121.html
Pelleted by pollution: Why wood biomass is a false solution to the climate crisis,Aaron Siegle,2024-11-20T13:00:00Z,2024-11-20,Nov,20,Campus Voices,https://www2.stat.duke.edu/~cr173/data/dukechronicle-opinion/www.dukechronicle.com/article/wood-biomass-false-solution-to-climate-crisis-20241120.html
Stop listening to sad music this fall — listen to house music instead ,Kate-Yeonjae Jeong,2024-11-20T13:00:00Z,2024-11-20,Nov,20,Campus Voices,https://www2.stat.duke.edu/~cr173/data/dukechronicle-opinion/www.dukechronicle.com/article/stop-listening-sad-music-listen-house-20241120.html
The fall of fluency,Anna Garziera,2024-11-19T13:00:00Z,2024-11-19,Nov,19,Campus Voices,https://www2.stat.duke.edu/~cr173/data/dukechronicle-opinion/www.dukechronicle.com/article/fall-of-fluency-20241119.html
Maybe I am entitled to an A,Umang Dhingra,2024-11-19T13:00:00Z,2024-11-19,Nov,19,Campus Voices,https://www2.stat.duke.edu/~cr173/data/dukechronicle-opinion/www.dukechronicle.com/article/maybe-i-am-entitled-to-an-a-20241119.html
Circus Fusion and three other classes you should take in the spring,Monday Monday,2024-11-18T13:00:00Z,2024-11-18,Nov,18,Campus Voices,https://www2.stat.duke.edu/~cr173/data/dukechronicle-opinion/www.dukechronicle.com/article/circus-fustion-and-three-other-classes-20241118.html
Generous pluralism at Duke,Luke A. Powery,2024-11-18T13:00:00Z,2024-11-18,Nov,18,Campus Voices,https://www2.stat.duke.edu/~cr173/data/dukechronicle-opinion/www.dukechronicle.com/article/generous-pluralism-20241118.html
Duke needs a Jewish movement in solidarity with Palestinian liberation,"Eli Meyerhoff, Bindu Thota, Abi Human and Matthew Slayton",2024-11-15T13:00:00Z,2024-11-15,Nov,15,Opinion,https://www2.stat.duke.edu/~cr173/data/dukechronicle-opinion/www.dukechronicle.com/article/duke-needs-jewish-solidarity-movement-20241115.html
Leaving your room 101: A homebody’s guide to West Campus study spaces ,Valentina Garbelotto,2024-11-14T23:00:00Z,2024-11-14,Nov,14,Campus Voices,https://www2.stat.duke.edu/~cr173/data/dukechronicle-opinion/www.dukechronicle.com/article/111424-garbelotto-study-spaces-20241114.html
Beyond the stained glass,Arya Krishnan,2024-11-13T13:00:00Z,2024-11-13,Nov,13,Campus Voices,https://www2.stat.duke.edu/~cr173/data/dukechronicle-opinion/www.dukechronicle.com/article/111324-krishnan-beyond-stained-glass-20241113.html
The tragedy of the tragedy ,Aaron Siegle,2024-11-11T13:00:00Z,2024-11-11,Nov,11,Campus Voices,https://www2.stat.duke.edu/~cr173/data/dukechronicle-opinion/www.dukechronicle.com/article/111124-siegle-tragedy-of-tragedy-20241111.html
Is my algorithm transphobic? And other questions for the algorithm,Nik Narain,2024-11-08T13:00:00Z,2024-11-08,Nov,8,Campus Voices,https://www2.stat.duke.edu/~cr173/data/dukechronicle-opinion/www.dukechronicle.com/article/110824-narain-is-my-algorithm-transphobic-20241108.html
A selfish victory: The policy possibilities of a Trump victory,Advikaa Anand,2024-11-08T13:00:00Z,2024-11-08,Nov,8,Campus Voices,https://www2.stat.duke.edu/~cr173/data/dukechronicle-opinion/www.dukechronicle.com/article/110824-anand-policy-possibilities-trump-20241108.html
What do we watch now?,Sonia Green,2024-11-07T13:00:00Z,2024-11-07,Nov,7,Campus Voices,https://www2.stat.duke.edu/~cr173/data/dukechronicle-opinion/www.dukechronicle.com/article/110724-green-what-do-we-watch-now-20241107.html
‭Tim Walz coming to Duke was momentous. If only we all could have seen him.‬,Cara Eaton,2024-11-07T13:00:00Z,2024-11-07,Nov,7,Campus Voices,https://www2.stat.duke.edu/~cr173/data/dukechronicle-opinion/www.dukechronicle.com/article/110724-eaton-if-only-all-see-walz-20241107.html
What students can do to lower their risk for burnout,Bridgette Hard and Natalie Lewis,2024-11-06T13:00:00Z,2024-11-06,Nov,6,Opinion,https://www2.stat.duke.edu/~cr173/data/dukechronicle-opinion/www.dukechronicle.com/article/110624-lewis-students-can-lower-burnout-20241106.html
It’s time for Duke to up its game on climate change,Tom Campbell,2024-11-06T13:00:00Z,2024-11-06,Nov,6,Opinion,https://www2.stat.duke.edu/~cr173/data/dukechronicle-opinion/www.dukechronicle.com/article/110624-campbell-up-game-on-climate-change-20241106.html
Why accept the outcome of an election?,Alexander Kirshner,2024-11-05T13:00:00Z,2024-11-05,Nov,5,Campus Voices,https://www2.stat.duke.edu/~cr173/data/dukechronicle-opinion/www.dukechronicle.com/article/110524-kirshner-why-accept-election-outcome-20241105.html
How economics can guide us: A story of rationality and equilibrium,Ling Lei,2024-11-05T13:00:00Z,2024-11-05,Nov,5,Opinion,https://www2.stat.duke.edu/~cr173/data/dukechronicle-opinion/www.dukechronicle.com/article/110424-lei-how-economics-can-guide-us-20241105.html
The best place to leave a mark,Anna Garziera,2024-11-05T13:00:00Z,2024-11-05,Nov,5,Campus Voices,https://www2.stat.duke.edu/~cr173/data/dukechronicle-opinion/www.dukechronicle.com/article/110524-garziera-best-place-to-leave-mark-20241105.html
Understanding the Hispanic vote,Katherine Ramirez,2024-11-04T13:00:00Z,2024-11-04,Nov,4,Campus Voices,https://www2.stat.duke.edu/~cr173/data/dukechronicle-opinion/www.dukechronicle.com/article/110424-ramirez-understanding-hispanic-vote-20241104.html
A poetic prayer to elect our common humanity,Luke A. Powery,2024-11-04T13:00:00Z,2024-11-04,Nov,4,Campus Voices,https://www2.stat.duke.edu/~cr173/data/dukechronicle-opinion/www.dukechronicle.com/article/110424-powery-elect-common-humanity-20241104.html
"Duke-inspired romcom, “Midnight in K-Ville,” greenlit at Netflix",Monday Monday,2024-11-04T13:00:00Z,2024-11-04,Nov,4,Campus Voices,https://www2.stat.duke.edu/~cr173/data/dukechronicle-opinion/www.dukechronicle.com/article/110424-monday-monday-midnight-in-k-ville-20241104.html
Democracy is on the ballot,David E. Price,2024-11-01T12:00:00Z,2024-11-01,Nov,1,Campus Voices,https://www2.stat.duke.edu/~cr173/data/dukechronicle-opinion/www.dukechronicle.com/article/103124-price-democracy-is-on-ballot-20241101.html
Nothing is that deep! Or is it?,Angarag Gantogoo,2024-11-01T12:00:00Z,2024-11-01,Nov,1,Campus Voices,https://www2.stat.duke.edu/~cr173/data/dukechronicle-opinion/www.dukechronicle.com/article/110124-gantogoo-nothing-is-that-deep-20241101.html
Finding the right answer was never the point,Islam Tayeb,2024-11-01T12:00:00Z,2024-11-01,Nov,1,Campus Voices,https://www2.stat.duke.edu/~cr173/data/dukechronicle-opinion/www.dukechronicle.com/article/110124-tayeb-right-answer-never-the-point-20241101.html
The art of going solo: Fall break adventures in DC,Valentina Garbelotto,2024-10-31T12:00:00Z,2024-10-31,Oct,31,Campus Voices,https://www2.stat.duke.edu/~cr173/data/dukechronicle-opinion/www.dukechronicle.com/article/103124-garbelotto-art-going-solo-20241031.html
Duke students don’t care about art,Shambhavi Sinha,2024-10-30T12:00:00Z,2024-10-30,Oct,30,Campus Voices,https://www2.stat.duke.edu/~cr173/data/dukechronicle-opinion/www.dukechronicle.com/article/103024-sinha-duke-students-dont-care-art-20241030.html
Raining gumdrops and bombs,Emily Esmaili,2024-10-30T12:00:00Z,2024-10-30,Oct,30,Opinion,https://www2.stat.duke.edu/~cr173/data/dukechronicle-opinion/www.dukechronicle.com/article/103024-esmaili-raining-gumdrops-and-bombs-20241030.html
A mistaken view of liberal learning,Marc Wang,2024-10-29T12:00:00Z,2024-10-29,Oct,29,Campus Voices,https://www2.stat.duke.edu/~cr173/data/dukechronicle-opinion/www.dukechronicle.com/article/102924-wang-mistaken-view-of-liberal-learning-20241029.html
Truth and civil discourse,Jay A. Pearson and Douglas Brook,2024-10-29T12:00:00Z,2024-10-29,Oct,29,Campus Voices,https://www2.stat.duke.edu/~cr173/data/dukechronicle-opinion/www.dukechronicle.com/article/102924-pearson-brook-truth-civil-discourse-20241029.html
Scientology and the dangers of neuroessentialism,Nik Narain,2024-10-28T12:00:00Z,2024-10-28,Oct,28,Campus Voices,https://www2.stat.duke.edu/~cr173/data/dukechronicle-opinion/www.dukechronicle.com/article/102824-narain-scientology-neuroessentialism-20241028.html
"Five years after landmark case, Duke researchers must be alert ",Gary Jackson,2024-10-28T12:00:00Z,2024-10-28,Oct,28,Opinion,https://www2.stat.duke.edu/~cr173/data/dukechronicle-opinion/www.dukechronicle.com/article/102824-jackson-researchers-must-be-alert-20241028.html
Our computing conundrum,Aaron Siegle,2024-10-25T12:00:00Z,2024-10-25,Oct,25,Campus Voices,https://www2.stat.duke.edu/~cr173/data/dukechronicle-opinion/www.dukechronicle.com/article/102524-siegle-our-computing-conundrum-20241025.html
A requiem for the Duke student from the middle of nowhere,Cara Eaton,2024-10-25T12:00:00Z,2024-10-25,Oct,25,Campus Voices,https://www2.stat.duke.edu/~cr173/data/dukechronicle-opinion/www.dukechronicle.com/article/102524-eaton-requiem-from-middle-of-nowhere-20241025.html
The conscienceless Micheal Parsons and fake Christian values,Ethan Khorana,2024-10-25T12:00:00Z,2024-10-25,Oct,25,Campus Voices,https://www2.stat.duke.edu/~cr173/data/dukechronicle-opinion/www.dukechronicle.com/article/102524-khorana-conscienceless-micheal-parsons-20241025.html
Finding the known in the unknown as a medical student away from home,Nathan Luzum,2024-10-24T12:00:00Z,2024-10-24,Oct,24,Campus Voices,https://www2.stat.duke.edu/~cr173/data/dukechronicle-opinion/www.dukechronicle.com/article/102424-luzum-known-in-unknown-20241024.html
Trash talk: Duke’s disconnect with a sustainable future,Annie Ming Kowalik and Jakob Hagedorn,2024-10-24T12:00:00Z,2024-10-24,Oct,24,Campus Voices,https://www2.stat.duke.edu/~cr173/data/dukechronicle-opinion/www.dukechronicle.com/article/102424-ming-kowalik-trash-tralk-duke-sustainable-20241024.html
Duke needs College Republicans — here’s why,Sherman Criner and Zander Pitrus,2024-10-24T12:00:00Z,2024-10-24,Oct,24,Opinion,https://www2.stat.duke.edu/~cr173/data/dukechronicle-opinion/www.dukechronicle.com/article/102424-criner-pitrus-duke-needs-college-republicans-20241024.html
Between the marvelous and the mundane,Advikaa Anand,2024-10-23T12:00:00Z,2024-10-23,Oct,23,Campus Voices,https://www2.stat.duke.edu/~cr173/data/dukechronicle-opinion/www.dukechronicle.com/article/102324-anand-marvelous-and-mundane-20241023.html
Biden’s Israel policy has been a disaster. Don’t be fooled into thinking Trump’s would be better.,Leo Goldberg,2024-10-23T12:00:00Z,2024-10-23,Oct,23,Campus Voices,https://www2.stat.duke.edu/~cr173/data/dukechronicle-opinion/www.dukechronicle.com/article/102324-goldberg-biden-trump-israel-policy-20241023.html
Stress blows,Paul Dilly,2024-10-23T12:00:00Z,2024-10-23,Oct,23,Campus Voices,https://www2.stat.duke.edu/~cr173/data/dukechronicle-opinion/www.dukechronicle.com/article/102324-dilly-stress-blows-20241023.html
How time escapes us,Anna Garziera,2024-10-22T12:00:00Z,2024-10-22,Oct,22,Campus Voices,https://www2.stat.duke.edu/~cr173/data/dukechronicle-opinion/www.dukechronicle.com/article/102224-garziera-time-escapes-us-20241022.html
"Why your vote matters … despite, you know, everything",Asher D. Hildebrand,2024-10-22T12:00:00Z,2024-10-22,Oct,22,Campus Voices,https://www2.stat.duke.edu/~cr173/data/dukechronicle-opinion/www.dukechronicle.com/article/102224-hildebrand-why-your-vote-matters-20241022.html
Fall break: Forever elite,Ashlei Tomlinson,2024-10-22T12:00:00Z,2024-10-22,Oct,22,Campus Voices,https://www2.stat.duke.edu/~cr173/data/dukechronicle-opinion/www.dukechronicle.com/article/102224-tomlinson-fall-break-elite-20241022.html
A vote is a prayer,Luke A. Powery,2024-10-21T12:00:00Z,2024-10-21,Oct,21,Campus Voices,https://www2.stat.duke.edu/~cr173/data/dukechronicle-opinion/www.dukechronicle.com/article/102124-powery-vote-is-prayer-20241021.html
"Duke to open a third campus, Duke Las Vegas, after record-breaking fall break attendance ",Monday Monday,2024-10-21T12:00:00Z,2024-10-21,Oct,21,Campus Voices,https://www2.stat.duke.edu/~cr173/data/dukechronicle-opinion/www.dukechronicle.com/article/102124-monday-monday-duke-las-vegas-20241021.html
Vote! (And wash your hands),Herman Pontzer,2024-10-17T12:00:00Z,2024-10-17,Oct,17,Campus Voices,https://www2.stat.duke.edu/~cr173/data/dukechronicle-opinion/www.dukechronicle.com/article/101724-pontzer-vote-and-wash-hands-20241017.html
Why do we care so much about the legacy ban?,Katherine Ramirez,2024-10-16T12:00:00Z,2024-10-16,Oct,16,Campus Voices,https://www2.stat.duke.edu/~cr173/data/dukechronicle-opinion/www.dukechronicle.com/article/101624-ramirez-legacy-ban-20241016.html
The things we can’t electrify,Aaron Siegle,2024-10-15T12:00:00Z,2024-10-15,Oct,15,Campus Voices,https://www2.stat.duke.edu/~cr173/data/dukechronicle-opinion/www.dukechronicle.com/article/101524-siegle-20241015.html
Our desire to be loved can be deadly,Susan Chemmanoor,2024-10-14T12:00:00Z,2024-10-14,Oct,14,Campus Voices,https://www2.stat.duke.edu/~cr173/data/dukechronicle-opinion/www.dukechronicle.com/article/101424-chemmanoor-desire-loved-deadly-20241014.html
Community members share remembrances for Joel Fleishman,Remembrances,2024-10-11T12:00:00Z,2024-10-11,Oct,11,Opinion,https://www2.stat.duke.edu/~cr173/data/dukechronicle-opinion/www.dukechronicle.com/article/101124-remembrances-to-joel-fleishman-20241011.html
Eruditio et religio,Arya Krishnan,2024-10-11T12:00:00Z,2024-10-11,Oct,11,Campus Voices,https://www2.stat.duke.edu/~cr173/data/dukechronicle-opinion/www.dukechronicle.com/article/101124-krishnan-eruditio-et-religio-20241011.html
Searching for resonance in a sea of contention: A coming out piece,Nik Narain,2024-10-11T12:00:00Z,2024-10-11,Oct,11,Campus Voices,https://www2.stat.duke.edu/~cr173/data/dukechronicle-opinion/www.dukechronicle.com/article/101124-narain-a-coming-out-piece-20241011.html
Twelve easy steps to prepare for the coming dictatorship,Vanessa Woods and Brian Hare,2024-10-10T12:00:00Z,2024-10-10,Oct,10,Campus Voices,https://www2.stat.duke.edu/~cr173/data/dukechronicle-opinion/www.dukechronicle.com/article/101024-hare-woods-twelve-steps-dictatorship-20241010.html
Rethink following your dream,Jasmine Fan,2024-10-10T12:00:00Z,2024-10-10,Oct,10,Campus Voices,https://www2.stat.duke.edu/~cr173/data/dukechronicle-opinion/www.dukechronicle.com/article/101024-fan-rethink-dream-20241010.html
Masters of none,Anna Garziera,2024-10-09T12:00:00Z,2024-10-09,Oct,9,Campus Voices,https://www2.stat.duke.edu/~cr173/data/dukechronicle-opinion/www.dukechronicle.com/article/100924-garziera-masters-of-none-20241009.html
What are they doing over there? American politics from a European perspective,Jakob Hagedorn,2024-10-08T12:00:00Z,2024-10-08,Oct,8,Campus Voices,https://www2.stat.duke.edu/~cr173/data/dukechronicle-opinion/www.dukechronicle.com/article/100824-hagedorn-american-politics-european-perspective-20241008.html
"Puppy kindergarten to shut down after puppy is kidnapped, eaten",Monday Monday,2024-10-07T12:00:00Z,2024-10-07,Oct,7,Campus Voices,https://www2.stat.duke.edu/~cr173/data/dukechronicle-opinion/www.dukechronicle.com/article/100724-monday-monday-puppy-kindergarten-20241007.html
In the eye of the hurricane,Adam Levin,2024-10-07T12:00:00Z,2024-10-07,Oct,7,Opinion,https://www2.stat.duke.edu/~cr173/data/dukechronicle-opinion/www.dukechronicle.com/article/100724-levin-eye-of-hurricane-20241007.html
Time to lament,Luke A. Powery,2024-10-07T12:00:00Z,2024-10-07,Oct,7,Campus Voices,https://www2.stat.duke.edu/~cr173/data/dukechronicle-opinion/www.dukechronicle.com/article/100724-powery-time-to-lament-20241007.html
'You’re so mature for your age': On the pressure to perform and missing out on a childhood,Leila Zak,2024-10-04T14:30:00Z,2024-10-04,Oct,4,Campus Voices,https://www2.stat.duke.edu/~cr173/data/dukechronicle-opinion/www.dukechronicle.com/article/100424-zak-pressure-to-perform-20241004.html
Democracy at work ,Matthew S. Johnson,2024-10-03T12:00:00Z,2024-10-03,Oct,3,Campus Voices,https://www2.stat.duke.edu/~cr173/data/dukechronicle-opinion/www.dukechronicle.com/article/100324-johnson-democracy-at-work-20241003.html
Bad hair… Who cares?,Valentina Garbelotto,2024-10-03T12:00:00Z,2024-10-03,Oct,3,Campus Voices,https://www2.stat.duke.edu/~cr173/data/dukechronicle-opinion/www.dukechronicle.com/article/100224-garbelotto-bad-hair-20241003.html
'A man was lynched today',Sonia Green,2024-10-02T12:00:00Z,2024-10-02,Oct,2,Campus Voices,https://www2.stat.duke.edu/~cr173/data/dukechronicle-opinion/www.dukechronicle.com/article/100224-green-a-man-was-lynched-today-20241002.html
Two icebergs on the way to the 2024 election,John Aldrich,2024-10-01T12:00:00Z,2024-10-01,Oct,1,Campus Voices,https://www2.stat.duke.edu/~cr173/data/dukechronicle-opinion/www.dukechronicle.com/article/100124-aldrich-two-icebergs-20241001.html
To each their hall of mirrors,Paul Dilly,2024-10-01T12:00:00Z,2024-10-01,Oct,1,Campus Voices,https://www2.stat.duke.edu/~cr173/data/dukechronicle-opinion/www.dukechronicle.com/article/100124-dilly-hall-of-mirrors-20241001.html
The Chronicle is accepting remembrances for Joel Fleishman,Remembrances,2024-10-01T02:00:00Z,2024-10-01,Oct,1,Opinion,https://www2.stat.duke.edu/~cr173/data/dukechronicle-opinion/www.dukechronicle.com/article/093024-remembrances-joel-fleishman-20241001.html
Polls and prejudice,Cara Eaton,2024-09-30T12:00:00Z,2024-09-30,Sep,30,Campus Voices,https://www2.stat.duke.edu/~cr173/data/dukechronicle-opinion/www.dukechronicle.com/article/093024-eaton-polls-and-prejudice-20240930.html
I hate Duke’s sodding grass,Shambhavi Sinha,2024-09-30T12:00:00Z,2024-09-30,Sep,30,Campus Voices,https://www2.stat.duke.edu/~cr173/data/dukechronicle-opinion/www.dukechronicle.com/article/093024-sinha-hate-sodding-grass-20240930.html
We should reimagine our vending machines,Zubin Rekhi,2024-09-28T12:00:00Z,2024-09-28,Sep,28,Campus Voices,https://www2.stat.duke.edu/~cr173/data/dukechronicle-opinion/www.dukechronicle.com/article/092824-rehki-reimagine-vending-machines-20240928.html
Imagining the restorative justice crime drama,Nik Narain,2024-09-28T12:00:00Z,2024-09-28,Sep,28,Campus Voices,https://www2.stat.duke.edu/~cr173/data/dukechronicle-opinion/www.dukechronicle.com/article/092824-narain-restorative-justice-crime-drama-20240928.html
Community members share remembrances for Dean Gerald Wilson,Remembrances,2024-09-27T11:00:00Z,2024-09-27,Sep,27,Opinion,https://www2.stat.duke.edu/~cr173/data/dukechronicle-opinion/www.dukechronicle.com/article/092724-remembrances-to-gerald-wilson-20240927.html
Costs of college campus economic diversity to democracy? A view from an economics classroom ,Lisa Gennetian,2024-09-26T12:00:00Z,2024-09-26,Sep,26,Campus Voices,https://www2.stat.duke.edu/~cr173/data/dukechronicle-opinion/www.dukechronicle.com/article/092624-gennetian-economics-classroom-democracy-20240926.html
Embracing polyhedronism,Aaron Siegle,2024-09-26T12:00:00Z,2024-09-26,Sep,26,Campus Voices,https://www2.stat.duke.edu/~cr173/data/dukechronicle-opinion/www.dukechronicle.com/article/092624-siegle-embracing-polyhedronism-20240926.html
We only live once: Protecting the sanctity of life,Advikaa Anand,2024-09-25T12:00:00Z,2024-09-25,Sep,25,Campus Voices,https://www2.stat.duke.edu/~cr173/data/dukechronicle-opinion/www.dukechronicle.com/article/092524-anand-only-live-once-20240925.html
Comparison is the thief of joy. But why do we do it? And is there a way to avoid imposter syndrome? ,Angarag Gantogoo,2024-09-25T12:00:00Z,2024-09-25,Sep,25,Campus Voices,https://www2.stat.duke.edu/~cr173/data/dukechronicle-opinion/www.dukechronicle.com/article/092524-gantogoo-comparison-thief-of-joy-20240925.html
It’s time to accept weed ,Ethan Khorana,2024-09-24T12:00:00Z,2024-09-24,Sep,24,Campus Voices,https://www2.stat.duke.edu/~cr173/data/dukechronicle-opinion/www.dukechronicle.com/article/092424-khorana-time-to-accept-weed-20240924.html
Leaked document outlines extreme student voting incentives,Monday Monday,2024-09-24T12:00:00Z,2024-09-24,Sep,24,Campus Voices,https://www2.stat.duke.edu/~cr173/data/dukechronicle-opinion/www.dukechronicle.com/article/092424-monday-monday-extreme-voting-incentives-20240924.html
How “free” misleads us,Anna Garziera,2024-09-24T12:00:00Z,2024-09-24,Sep,24,Campus Voices,https://www2.stat.duke.edu/~cr173/data/dukechronicle-opinion/www.dukechronicle.com/article/092424-garziera-free-misleads-20240924.html
Dialogue and the Divine,Luke A. Powery,2024-09-23T12:15:00Z,2024-09-23,Sep,23,Campus Voices,https://www2.stat.duke.edu/~cr173/data/dukechronicle-opinion/www.dukechronicle.com/article/092324-powery-dialogue-divine-20240923.html
Overcoming addiction,Arya Krishnan,2024-09-23T12:00:00Z,2024-09-23,Sep,23,Campus Voices,https://www2.stat.duke.edu/~cr173/data/dukechronicle-opinion/www.dukechronicle.com/article/092324-krishnan-overcoming-addiction-20240923.html
"What are we, anyway?",Umang Dhingra,2024-09-23T12:00:00Z,2024-09-23,Sep,23,Campus Voices,https://www2.stat.duke.edu/~cr173/data/dukechronicle-opinion/www.dukechronicle.com/article/092324-dhingra-what-are-we-anyway-20240923.html
The cost of silence: The erosion of freedom of speech in Venezuela,Barbara Cardenas,2024-09-20T12:00:00Z,2024-09-20,Sep,20,Campus Voices,https://www2.stat.duke.edu/~cr173/data/dukechronicle-opinion/www.dukechronicle.com/article/092024-cardenas-cost-of-silence-20240920.html
The WSJ’s new college rankings are a joke. Maybe that’s the point. ,Leo Goldberg,2024-09-20T12:00:00Z,2024-09-20,Sep,20,Campus Voices,https://www2.stat.duke.edu/~cr173/data/dukechronicle-opinion/www.dukechronicle.com/article/092024-goldberg-wsj-college-rankings-20240920.html
"New to the game? No experience, no problem",Valentina Garbelotto,2024-09-19T12:00:00Z,2024-09-19,Sep,19,Campus Voices,https://www2.stat.duke.edu/~cr173/data/dukechronicle-opinion/www.dukechronicle.com/article/091924-garbelotto-new-to-the-game-20240919.html
Just a coffee isn’t breakfast: Freshmen need better meal equivalency  ,Kate-Yeonjae Jeong,2024-09-19T12:00:00Z,2024-09-19,Sep,19,Campus Voices,https://www2.stat.duke.edu/~cr173/data/dukechronicle-opinion/www.dukechronicle.com/article/091924-jeong-freshman-meal-equivalency-20240919.html
Democracy as competitive cooperation,Michael Tomasello,2024-09-19T12:00:00Z,2024-09-19,Sep,19,Campus Voices,https://www2.stat.duke.edu/~cr173/data/dukechronicle-opinion/www.dukechronicle.com/article/091924-tomasello-democracy-cooperative-competition-20240919.html
"The kangaroo or the eagle: How independence, networking and the college experience differ across continents",Annie Ming Kowalik,2024-09-18T12:00:00Z,2024-09-18,Sep,18,Campus Voices,https://www2.stat.duke.edu/~cr173/data/dukechronicle-opinion/www.dukechronicle.com/article/091824-ming-kowalik-kangaroo-and-eagle-20240918.html
Why law abiding young people should cherish the rule of law,David Schanzer,2024-09-17T12:00:00Z,2024-09-17,Sep,17,Campus Voices,https://www2.stat.duke.edu/~cr173/data/dukechronicle-opinion/www.dukechronicle.com/article/091724-schanzer-cherish-rule-of-law-20240917.html
 Failure is the only option,Aaron Siegle,2024-09-16T15:00:00Z,2024-09-16,Sep,16,Campus Voices,https://www2.stat.duke.edu/~cr173/data/dukechronicle-opinion/www.dukechronicle.com/article/091624-siegle-20240916.html
Drag science and the slaying of nerd aesthetic,Nik Narain,2024-09-14T12:00:00Z,2024-09-14,Sep,14,Campus Voices,https://www2.stat.duke.edu/~cr173/data/dukechronicle-opinion/www.dukechronicle.com/article/091424-narain-drag-science-20240914.html
The new social contract that permeates Duke student life,Zubin Rekhi,2024-09-13T14:15:00Z,2024-09-13,Sep,13,Campus Voices,https://www2.stat.duke.edu/~cr173/data/dukechronicle-opinion/www.dukechronicle.com/article/091324-rekhi-new-social-contract-20240913.html
Why you should read below your reading level,Anna Garziera,2024-09-13T12:00:00Z,2024-09-13,Sep,13,Campus Voices,https://www2.stat.duke.edu/~cr173/data/dukechronicle-opinion/www.dukechronicle.com/article/091324-garziera-read-below-level-20240913.html
Staying back: On first semester junior year,Advikaa Anand,2024-09-11T12:00:00Z,2024-09-11,Sep,11,Campus Voices,https://www2.stat.duke.edu/~cr173/data/dukechronicle-opinion/www.dukechronicle.com/article/091124-anand-staying-back-20240911.html
Your first learning assignment: College roommates ,Sarah Gaither,2024-09-10T12:00:00Z,2024-09-10,Sep,10,Campus Voices,https://www2.stat.duke.edu/~cr173/data/dukechronicle-opinion/www.dukechronicle.com/article/091024-gaither-college-roommates-20240910.html
"Racism, fatphobia and child labor: Duke welcomes Lululemon with open arms",Felix Jones,2024-09-09T12:00:00Z,2024-09-09,Sep,9,Opinion,https://www2.stat.duke.edu/~cr173/data/dukechronicle-opinion/www.dukechronicle.com/article/090924-jones-lululemon-racism-duke-20240909.html
The courage to be curious,Luke A. Powery,2024-09-09T12:00:00Z,2024-09-09,Sep,9,Campus Voices,https://www2.stat.duke.edu/~cr173/data/dukechronicle-opinion/www.dukechronicle.com/article/090924-powery-courage-be-curious-20240909.html
Duke must do more to protect student voting rights,"Olivia Schramkowski, Gunther Peck and Amaia Clayton",2024-09-05T14:00:00Z,2024-09-05,Sep,5,Opinion,https://www2.stat.duke.edu/~cr173/data/dukechronicle-opinion/www.dukechronicle.com/article/090524-schramkowski-clayton-peck-duke-must-protect-voting-rights-20240905.html
Wrong about me and wrongheaded about Duke,Doriane Coleman,2024-09-04T12:00:00Z,2024-09-04,Sep,4,Opinion,https://www2.stat.duke.edu/~cr173/data/dukechronicle-opinion/www.dukechronicle.com/article/090424-coleman-wrong-about-me-20240904.html
Have the news media learned to cover a female presidential candidate? Democracy’s future may depend on the answer,Philip M. Napoli and Talia Goodman,2024-09-03T12:00:00Z,2024-09-03,Sep,3,Campus Voices,https://www2.stat.duke.edu/~cr173/data/dukechronicle-opinion/www.dukechronicle.com/article/090324-napoli-goodman-cover-female-president-20240903.html
Listening to flat-earthers,Nik Narain,2024-08-31T12:00:00Z,2024-08-31,Aug,31,Campus Voices,https://www2.stat.duke.edu/~cr173/data/dukechronicle-opinion/www.dukechronicle.com/article/083124-narain-listening-to-flat-earthers-20240831.html
