year,marital_status,age,education_years,children,happiness,health,employment_status,party_id
2024,Never married,33,16,2,Not too happy,Good,Working full time,Not very strong democrat
2024,Never married,64,16,0,Pretty happy,Good,Retired,Strong democrat
2024,Married,69,14,0,Pretty happy,Good,Retired,Strong democrat
2024,Never married,19,12,0,Pretty happy,Good,Working part time,"Independent (neither, no response)"
2024,Divorced,70,13,3,Not too happy,Good,Retired,"Independent (neither, no response)"
2024,Married,53,14,2,Pretty happy,Good,"Unemployed, laid off, looking for work","Independent (neither, no response)"
2024,Married,48,13,6,Pretty happy,Good,Working full time,Strong democrat
2024,Divorced,30,14,1,Not too happy,Good,In school,Other party
2024,Married,60,14,2,Very happy,Good,Working full time,Not very strong democrat
2024,Never married,25,12,0,Pretty happy,Good,"Unemployed, laid off, looking for work","Independent (neither, no response)"
2024,Never married,23,18,0,Pretty happy,Good,Working full time,Strong democrat
2024,Widowed,68,5,1,Very happy,Excellent,Retired,"Independent, close to democrat"
2024,Divorced,43,14,2,Pretty happy,Fair,Working full time,Other party
2024,Divorced,37,12,1,Not too happy,Good,Working full time,"Independent (neither, no response)"
2024,Divorced,63,12,3,Very happy,Fair,Working full time,"Independent (neither, no response)"
2024,Married,31,19,1,Very happy,Excellent,Working full time,Strong democrat
2024,Married,64,16,2,Pretty happy,Good,Working full time,"Independent, close to republican"
2024,Married,NA,13,NA,Very happy,Good,Retired,"Independent (neither, no response)"
2024,Married,63,11,1,Very happy,Good,Working part time,Strong republican
2024,Divorced,41,8,2,Pretty happy,Good,Working part time,Not very strong democrat
2024,Divorced,75,13,2,Pretty happy,Good,Retired,"Independent (neither, no response)"
2024,Married,51,16,2,Pretty happy,Excellent,Working full time,Strong democrat
2024,Divorced,69,14,0,Pretty happy,Good,Working full time,Not very strong republican
2024,Married,48,12,1,Not too happy,Good,"With a job, but not at work because of temporary illness, vacation, strike",Strong republican
2024,Married,58,14,2,Pretty happy,Good,Working full time,Not very strong democrat
2024,Married,71,18,3,Very happy,Good,Working part time,Not very strong republican
2024,Married,73,16,2,Pretty happy,Good,Retired,Strong democrat
2024,Married,74,14,3,Pretty happy,Good,Retired,Strong democrat
2024,Married,56,14,2,Very happy,Good,"With a job, but not at work because of temporary illness, vacation, strike",Strong republican
2024,Married,40,14,3,Not too happy,Good,Working full time,Not very strong democrat
2024,Married,55,13,1,Not too happy,Good,"Unemployed, laid off, looking for work",Not very strong republican
2024,Married,55,18,2,Pretty happy,Good,"With a job, but not at work because of temporary illness, vacation, strike","Independent (neither, no response)"
2024,Never married,31,12,0,Pretty happy,Excellent,Working full time,Not very strong democrat
2024,Never married,61,18,0,Not too happy,Fair,Working full time,Other party
2024,Never married,71,12,0,Pretty happy,Good,Working part time,"Independent, close to republican"
2024,Married,70,16,NA,Very happy,Good,Retired,Other party
2024,Married,60,16,1,Very happy,Excellent,Keeping house,Other party
2024,Never married,57,11,5,Not too happy,Good,"Unemployed, laid off, looking for work",Not very strong democrat
2024,Married,37,16,3,Pretty happy,Good,Working part time,Strong republican
2024,Never married,26,12,0,Not too happy,Good,Working full time,"Independent (neither, no response)"
2024,Divorced,59,12,4,Pretty happy,Fair,Working full time,"Independent, close to republican"
2024,Married,65,12,3,Pretty happy,Good,Working part time,Not very strong democrat
2024,Married,71,17,2,Pretty happy,Good,Working full time,"Independent (neither, no response)"
2024,Married,41,18,1,Pretty happy,Good,Keeping house,"Independent, close to democrat"
2024,Married,58,17,3,Pretty happy,Poor,Working full time,Not very strong republican
2024,Married,79,17,2,Pretty happy,Good,Retired,"Independent, close to democrat"
2024,Widowed,83,16,0,Very happy,Excellent,Retired,Strong republican
2024,Married,57,16,2,Very happy,Good,Working full time,Not very strong democrat
2024,Married,NA,16,2,Pretty happy,Excellent,Retired,"Independent, close to democrat"
2024,Married,65,11,2,Pretty happy,Good,Working full time,"Independent (neither, no response)"
2024,Married,74,16,2,Pretty happy,Good,Retired,Strong democrat
2024,Married,61,18,0,Pretty happy,Good,Working full time,Strong republican
2024,Never married,24,16,0,Very happy,Good,Working full time,Not very strong democrat
2024,Never married,61,6,0,Not too happy,Good,"Unemployed, laid off, looking for work",Strong democrat
2024,Never married,56,16,0,Pretty happy,Poor,"With a job, but not at work because of temporary illness, vacation, strike","Independent, close to democrat"
2024,Never married,72,16,0,Pretty happy,Fair,Retired,Not very strong democrat
2024,Married,NA,12,2,Very happy,Good,Keeping house,"Independent (neither, no response)"
2024,Divorced,49,18,0,Pretty happy,Good,Working full time,Strong democrat
2024,Married,78,13,2,Not too happy,Fair,Retired,"Independent (neither, no response)"
2024,Never married,63,13,1,Not too happy,Fair,"With a job, but not at work because of temporary illness, vacation, strike","Independent (neither, no response)"
2024,Never married,57,18,0,Pretty happy,Good,Working full time,Strong democrat
2024,Never married,26,16,0,Pretty happy,Good,Working full time,"Independent, close to democrat"
2024,Married,89,12,2,Not too happy,Poor,Retired,Not very strong republican
2024,Divorced,79,15,1,Very happy,Excellent,Working full time,Strong republican
2024,Never married,22,16,0,Very happy,Excellent,Working full time,Strong democrat
2024,Married,49,17,2,Very happy,Fair,"Unemployed, laid off, looking for work","Independent, close to democrat"
2024,Never married,52,16,NA,Pretty happy,Good,Working full time,Strong democrat
2024,Divorced,70,17,0,Not too happy,Good,Retired,Not very strong democrat
2024,Never married,23,15,0,Pretty happy,Excellent,Working part time,Strong democrat
2024,Never married,25,16,0,Pretty happy,Good,Working part time,"Independent (neither, no response)"
2024,Married,41,17,2,Pretty happy,Good,"Unemployed, laid off, looking for work",Not very strong republican
2024,Never married,37,16,0,Not too happy,Fair,Working part time,Not very strong democrat
2024,Married,32,16,0,Pretty happy,Good,Working full time,"Independent (neither, no response)"
2024,Never married,32,16,0,Very happy,Fair,Working full time,Strong democrat
2024,Never married,54,12,4,Pretty happy,Good,Working full time,Not very strong republican
2024,Never married,56,13,1,Very happy,Excellent,Working part time,"Independent, close to democrat"
2024,Never married,28,16,0,Pretty happy,Good,Working full time,"Independent, close to republican"
2024,Never married,46,16,0,Pretty happy,Excellent,"Unemployed, laid off, looking for work",Strong democrat
2024,Never married,20,14,0,Not too happy,Good,In school,"Independent (neither, no response)"
2024,Never married,31,16,0,Pretty happy,Good,Working part time,"Independent, close to democrat"
2024,Never married,49,12,0,Very happy,Good,Working full time,Strong republican
2024,Separated,59,16,2,Pretty happy,Good,Working full time,Strong republican
2024,Married,65,NA,2,Pretty happy,Fair,"Unemployed, laid off, looking for work","Independent (neither, no response)"
2024,Married,74,3,5,Very happy,Fair,Keeping house,"Independent (neither, no response)"
2024,Separated,47,17,3,Pretty happy,Fair,Keeping house,"Independent (neither, no response)"
2024,Married,62,14,8,Pretty happy,Fair,Keeping house,Strong democrat
2024,Separated,37,13,3,NA,Good,Working part time,Not very strong democrat
2024,Divorced,50,12,2,Pretty happy,Good,Working full time,Not very strong democrat
2024,Never married,34,14,3,Very happy,Good,Working part time,"Independent (neither, no response)"
2024,Married,36,16,0,Pretty happy,Excellent,Working part time,Strong democrat
2024,Widowed,75,14,2,Pretty happy,Excellent,Retired,Not very strong democrat
2024,Divorced,41,13,3,Not too happy,Fair,Other,"Independent (neither, no response)"
2024,Married,36,7,3,Very happy,Good,Keeping house,"Independent, close to democrat"
2024,Married,41,17,8,Very happy,Excellent,Working full time,"Independent (neither, no response)"
2024,Married,79,12,2,Pretty happy,Good,Retired,"Independent, close to democrat"
2024,Never married,26,13,0,Pretty happy,Good,Working full time,"Independent (neither, no response)"
2024,Never married,55,12,1,Pretty happy,Good,Retired,Strong democrat
2024,Never married,34,12,0,Pretty happy,Excellent,Working full time,Strong republican
2024,Never married,54,12,0,Pretty happy,Fair,Working full time,Not very strong democrat
2024,Never married,61,15,0,Very happy,Good,Working full time,"Independent (neither, no response)"
2024,Never married,72,14,0,Pretty happy,Good,Retired,Strong democrat
2024,Never married,54,16,0,Pretty happy,Excellent,Working full time,Not very strong democrat
2024,Separated,57,20,1,Not too happy,Fair,"With a job, but not at work because of temporary illness, vacation, strike",Strong democrat
2024,Married,60,18,0,Very happy,Good,Working full time,Not very strong republican
2024,Never married,86,16,0,Pretty happy,Fair,Retired,Strong democrat
2024,Married,66,12,2,Pretty happy,Good,Retired,Strong republican
2024,Widowed,55,12,3,Very happy,Good,Working full time,Not very strong republican
2024,Married,48,12,2,Very happy,Good,Working full time,Strong democrat
2024,Never married,34,14,2,Pretty happy,Good,Working part time,Not very strong democrat
2024,Divorced,32,16,0,Pretty happy,Fair,Working full time,Not very strong democrat
2024,Divorced,68,15,0,Not too happy,Good,Retired,Strong democrat
2024,Never married,35,12,0,Very happy,Good,Keeping house,"Independent (neither, no response)"
2024,Never married,44,12,5,Pretty happy,Fair,Working part time,"Independent (neither, no response)"
2024,Separated,48,12,2,Not too happy,Good,Keeping house,"Independent (neither, no response)"
2024,Divorced,43,14,7,Not too happy,Poor,Other,"Independent (neither, no response)"
2024,Separated,43,13,4,Pretty happy,Good,In school,Not very strong democrat
2024,Separated,45,12,6,Very happy,Fair,"Unemployed, laid off, looking for work",Not very strong democrat
2024,Never married,63,13,1,Pretty happy,Fair,Retired,Not very strong democrat
2024,Never married,27,12,0,Not too happy,Excellent,"Unemployed, laid off, looking for work","Independent (neither, no response)"
2024,Divorced,37,16,2,Not too happy,Good,Working part time,Strong democrat
2024,Married,60,12,1,Pretty happy,Good,Retired,"Independent, close to democrat"
2024,Never married,44,10,0,Not too happy,Fair,"Unemployed, laid off, looking for work","Independent, close to democrat"
2024,Never married,24,12,0,Pretty happy,Excellent,Working full time,"Independent, close to republican"
2024,Never married,51,13,6,Not too happy,Good,"With a job, but not at work because of temporary illness, vacation, strike",Strong democrat
2024,Never married,39,14,2,Pretty happy,Fair,Working part time,Strong republican
2024,Never married,55,20,1,Pretty happy,Fair,Working full time,Strong democrat
2024,Never married,48,11,4,Not too happy,Excellent,Other,Not very strong republican
2024,Married,60,16,0,Pretty happy,Fair,Working full time,"Independent, close to democrat"
2024,Divorced,60,16,2,Not too happy,Excellent,Working full time,Not very strong republican
2024,Widowed,70,17,1,Not too happy,Fair,Keeping house,"Independent, close to democrat"
2024,Married,65,18,2,Pretty happy,Good,Retired,Strong republican
2024,Never married,54,13,0,Not too happy,Fair,Working full time,Not very strong democrat
2024,Never married,45,11,4,Pretty happy,Good,Keeping house,"Independent, close to democrat"
2024,Married,38,12,5,Not too happy,Fair,Working part time,"Independent, close to republican"
2024,Never married,22,15,1,Pretty happy,Good,Working full time,"Independent (neither, no response)"
2024,Widowed,76,16,1,Pretty happy,Good,Retired,Not very strong republican
2024,Married,42,20,3,Very happy,Good,Working full time,Strong democrat
2024,Widowed,89,16,2,Very happy,Good,Keeping house,Not very strong republican
2024,Widowed,89,12,5,Pretty happy,Good,Retired,Strong democrat
2024,Married,56,16,3,Not too happy,Good,Keeping house,Not very strong republican
2024,Never married,55,14,1,Very happy,Excellent,Working full time,"Independent (neither, no response)"
2024,Married,41,18,3,Very happy,Good,Working full time,Not very strong democrat
2024,Married,53,16,2,Not too happy,Good,"Unemployed, laid off, looking for work",Not very strong democrat
2024,Divorced,60,16,2,Pretty happy,Good,Working full time,Strong democrat
2024,Married,72,13,2,Pretty happy,Good,Retired,Not very strong republican
2024,Divorced,72,16,1,Pretty happy,Fair,Retired,"Independent, close to republican"
2024,Divorced,72,16,3,Pretty happy,Excellent,Retired,Strong democrat
2024,Widowed,89,16,3,Not too happy,Good,Retired,"Independent, close to democrat"
2024,Married,71,12,3,Not too happy,Good,Retired,Not very strong republican
2024,Widowed,74,17,3,Pretty happy,Good,Retired,"Independent, close to democrat"
2024,Never married,30,16,0,Pretty happy,Good,"With a job, but not at work because of temporary illness, vacation, strike",Strong republican
2024,Widowed,77,16,0,Pretty happy,Fair,Retired,Strong democrat
2024,Divorced,73,12,2,Pretty happy,Good,Retired,Strong democrat
2024,Married,65,20,2,Pretty happy,Excellent,Working part time,Strong democrat
2024,Never married,59,16,3,Pretty happy,Good,Working full time,"Independent, close to republican"
2024,Married,49,13,0,Not too happy,Good,Working part time,"Independent, close to republican"
2024,Married,64,19,2,Pretty happy,Good,Working full time,Not very strong republican
2024,Married,70,18,1,Pretty happy,Good,Retired,"Independent (neither, no response)"
2024,Married,68,14,0,Very happy,Good,Retired,"Independent, close to democrat"
2024,Married,31,18,1,Very happy,Good,Working full time,Strong democrat
2024,Married,36,16,2,Very happy,Excellent,Keeping house,Not very strong democrat
2024,Never married,36,16,2,Pretty happy,Good,Working part time,Strong democrat
2024,Married,45,16,2,Pretty happy,Excellent,Working part time,Not very strong republican
2024,Married,67,20,2,Pretty happy,Good,Working part time,"Independent, close to republican"
2024,Married,52,16,4,Pretty happy,Excellent,Working part time,"Independent, close to republican"
2024,Widowed,35,20,0,Pretty happy,Good,Working full time,"Independent (neither, no response)"
2024,Never married,28,18,0,Pretty happy,Good,Working full time,"Independent (neither, no response)"
2024,Never married,41,16,0,Pretty happy,Good,Working full time,Not very strong democrat
2024,Never married,23,17,0,Pretty happy,Good,Working full time,"Independent, close to democrat"
2024,Never married,27,17,0,Very happy,Excellent,In school,"Independent (neither, no response)"
2024,Married,55,16,0,Pretty happy,Fair,Working part time,"Independent (neither, no response)"
2024,Widowed,69,4,1,Pretty happy,Poor,Retired,"Independent, close to democrat"
2024,Never married,65,12,0,Pretty happy,Good,Retired,Strong democrat
2024,Married,38,14,3,Pretty happy,Good,Working full time,"Independent, close to democrat"
2024,Never married,37,12,0,Pretty happy,Excellent,Working full time,"Independent, close to republican"
2024,Separated,70,12,2,Pretty happy,Good,Retired,Strong democrat
2024,Married,62,12,3,Pretty happy,Fair,Retired,Strong republican
2024,Divorced,70,18,3,Pretty happy,Fair,Retired,Strong democrat
2024,Divorced,64,15,2,Pretty happy,Good,Retired,"Independent (neither, no response)"
2024,Widowed,60,16,0,Pretty happy,Fair,Retired,"Independent (neither, no response)"
2024,Never married,42,13,0,Pretty happy,Fair,Working full time,Not very strong republican
2024,Married,27,16,0,Very happy,Good,Working full time,Not very strong democrat
2024,Never married,NA,20,0,Pretty happy,Good,Working full time,Not very strong republican
2024,Married,66,18,1,Pretty happy,Excellent,Retired,Strong democrat
2024,Divorced,58,16,1,Very happy,Excellent,Working full time,Strong democrat
2024,Married,69,16,1,Pretty happy,Fair,Retired,Strong democrat
2024,Married,37,16,1,Pretty happy,Good,Working full time,Not very strong democrat
2024,Married,49,16,2,Pretty happy,Excellent,In school,Strong democrat
2024,Married,72,19,1,Pretty happy,Good,Retired,Strong democrat
2024,Never married,22,16,0,Pretty happy,Fair,In school,Other party
2024,Married,80,20,1,Pretty happy,Good,Retired,"Independent, close to democrat"
2024,Married,57,18,2,Pretty happy,Good,Working full time,Not very strong democrat
2024,Married,75,15,2,Pretty happy,Fair,Retired,Strong republican
2024,Separated,32,16,2,Pretty happy,Excellent,Working full time,Not very strong democrat
2024,Married,34,14,0,Pretty happy,Fair,Keeping house,Not very strong republican
2024,Never married,34,12,0,Not too happy,Poor,Working full time,"Independent (neither, no response)"
2024,Never married,34,12,0,Pretty happy,Fair,Other,Not very strong democrat
2024,Married,64,14,3,Not too happy,Good,Working full time,"Independent (neither, no response)"
2024,Married,71,9,0,Pretty happy,Fair,Retired,Strong democrat
2024,Never married,21,12,0,Pretty happy,Fair,Working full time,Strong republican
2024,Married,29,20,2,Pretty happy,Good,Working part time,NA
2024,Divorced,62,15,2,Pretty happy,Good,Working part time,"Independent, close to republican"
2024,Married,73,13,0,Very happy,Good,Retired,"Independent (neither, no response)"
2024,Married,62,15,3,Very happy,Good,"With a job, but not at work because of temporary illness, vacation, strike",Strong republican
2024,Widowed,NA,1,3,Pretty happy,Excellent,Retired,Not very strong democrat
2024,Widowed,74,14,1,Very happy,Poor,Retired,Not very strong democrat
2024,Never married,26,6,2,Very happy,Excellent,Working full time,"Independent (neither, no response)"
2024,Never married,58,17,4,Not too happy,Good,Keeping house,Strong democrat
2024,Never married,18,12,0,Pretty happy,Good,Working full time,"Independent, close to democrat"
2024,Never married,22,12,1,Not too happy,Good,Working full time,Not very strong republican
2024,Never married,30,12,0,Not too happy,Good,"Unemployed, laid off, looking for work",Not very strong democrat
2024,Never married,39,16,2,Pretty happy,Good,Working full time,Strong republican
2024,Never married,19,13,0,Pretty happy,Good,In school,"Independent (neither, no response)"
2024,Never married,41,12,1,Pretty happy,Fair,Working part time,"Independent (neither, no response)"
2024,Widowed,38,11,2,Not too happy,Fair,Working part time,"Independent (neither, no response)"
2024,Married,24,18,0,Pretty happy,Fair,Working full time,Other party
2024,Married,66,14,2,Very happy,Fair,Retired,Not very strong democrat
2024,Never married,33,12,1,Pretty happy,Good,In school,"Independent, close to democrat"
2024,Widowed,48,16,5,Not too happy,Good,Working full time,Strong democrat
2024,Never married,21,15,0,Not too happy,Good,Working part time,"Independent, close to democrat"
2024,Never married,28,11,0,Not too happy,Good,Working part time,"Independent, close to republican"
2024,Widowed,28,12,2,Not too happy,Good,"Unemployed, laid off, looking for work","Independent (neither, no response)"
2024,Never married,29,12,5,Not too happy,Good,Keeping house,"Independent (neither, no response)"
2024,Never married,18,11,0,Not too happy,Fair,In school,Other party
2024,Married,40,14,1,Very happy,Good,Working full time,"Independent (neither, no response)"
2024,Married,62,17,2,Pretty happy,Good,Retired,Not very strong republican
2024,Married,39,12,2,Not too happy,Good,Keeping house,Not very strong republican
2024,Separated,NA,12,3,Pretty happy,Good,Working full time,Not very strong democrat
2024,Never married,53,18,0,Pretty happy,Poor,Working full time,Not very strong democrat
2024,Married,41,18,0,Very happy,Good,Working full time,Not very strong democrat
2024,Married,72,14,3,Very happy,Good,Retired,Strong democrat
2024,Never married,34,14,1,Pretty happy,Excellent,Working full time,Not very strong democrat
2024,Married,35,16,0,Very happy,Good,Working full time,Not very strong republican
2024,Married,46,14,2,Very happy,Fair,Working full time,Strong democrat
2024,Never married,80,18,0,Very happy,Good,Retired,Not very strong republican
2024,Divorced,34,17,1,Not too happy,Fair,Working full time,Not very strong democrat
2024,Never married,35,12,3,Very happy,Good,"Unemployed, laid off, looking for work","Independent (neither, no response)"
2024,Divorced,54,12,2,Very happy,Good,"Unemployed, laid off, looking for work","Independent (neither, no response)"
2024,Married,73,17,4,Very happy,Good,Retired,"Independent, close to democrat"
2024,Married,49,12,2,Pretty happy,Fair,Working full time,Strong democrat
2024,Never married,55,12,2,Pretty happy,Good,Working full time,Not very strong democrat
2024,Married,37,12,3,Pretty happy,Good,Working part time,"Independent (neither, no response)"
2024,Married,47,11,6,Pretty happy,Good,Working full time,"Independent (neither, no response)"
2024,Never married,37,13,3,Pretty happy,Fair,Working full time,"Independent (neither, no response)"
2024,Never married,NA,17,0,Not too happy,Fair,"With a job, but not at work because of temporary illness, vacation, strike",Strong democrat
2024,Married,48,10,2,Not too happy,Good,Working part time,"Independent (neither, no response)"
2024,Married,54,13,1,Not too happy,Good,Keeping house,"Independent (neither, no response)"
2024,Never married,28,14,0,Pretty happy,Fair,Working part time,"Independent, close to democrat"
2024,Never married,42,13,3,Not too happy,Poor,Working full time,"Independent (neither, no response)"
2024,Separated,64,16,2,Pretty happy,Good,Retired,Strong democrat
2024,Never married,89,0,8,Not too happy,Poor,Retired,"Independent (neither, no response)"
2024,Never married,82,6,2,Very happy,Fair,Other,Strong republican
2024,Married,37,16,0,Very happy,Excellent,Working full time,Not very strong democrat
2024,Never married,80,6,0,Very happy,Fair,Retired,Not very strong democrat
2024,Never married,19,13,0,Pretty happy,Excellent,In school,"Independent (neither, no response)"
2024,Married,69,14,2,Pretty happy,Fair,Working full time,Not very strong democrat
2024,Never married,51,12,4,Not too happy,Poor,Working part time,"Independent (neither, no response)"
2024,Widowed,68,12,4,Pretty happy,Good,Working full time,Not very strong democrat
2024,Married,58,14,0,Not too happy,Good,Working full time,"Independent, close to democrat"
2024,Widowed,59,16,4,Pretty happy,Good,"Unemployed, laid off, looking for work",Not very strong democrat
2024,Divorced,66,16,1,Pretty happy,Excellent,Retired,Strong republican
2024,Never married,22,10,0,Pretty happy,Good,Working full time,"Independent (neither, no response)"
2024,Never married,34,16,0,Not too happy,Good,Working part time,"Independent (neither, no response)"
2024,Married,82,16,3,Very happy,Fair,Retired,"Independent (neither, no response)"
2024,Divorced,74,16,4,Pretty happy,Good,Retired,Strong democrat
2024,Divorced,61,14,1,Pretty happy,Good,Working full time,"Independent (neither, no response)"
2024,Married,64,17,1,Pretty happy,Fair,Working part time,"Independent (neither, no response)"
2024,Never married,42,14,0,Pretty happy,Good,Other,"Independent (neither, no response)"
2024,Never married,37,NA,0,Not too happy,Good,"Unemployed, laid off, looking for work","Independent, close to republican"
2024,Never married,19,10,0,Not too happy,Fair,Working part time,"Independent, close to democrat"
2024,Never married,37,17,0,Pretty happy,Fair,Working full time,Not very strong democrat
2024,Divorced,70,18,1,Pretty happy,Good,Working full time,Strong democrat
2024,Married,50,12,3,Pretty happy,Fair,Keeping house,Strong democrat
2024,Married,39,10,3,Very happy,Fair,Other,"Independent (neither, no response)"
2024,Married,66,2,2,Very happy,Fair,Working full time,Not very strong democrat
2024,Never married,46,10,4,Pretty happy,Fair,Keeping house,"Independent (neither, no response)"
2024,Never married,41,6,3,Pretty happy,Fair,Working full time,"Independent (neither, no response)"
2024,Married,48,18,7,Pretty happy,Good,Working full time,"Independent, close to democrat"
2024,Widowed,82,15,2,Not too happy,Good,Retired,"Independent, close to democrat"
2024,Married,68,14,2,Pretty happy,Good,Keeping house,"Independent, close to democrat"
2024,Divorced,69,18,0,Not too happy,Excellent,Retired,"Independent, close to democrat"
2024,Divorced,89,16,2,Very happy,Good,Working part time,Strong democrat
2024,Married,62,16,2,Pretty happy,Good,Working full time,Other party
2024,Divorced,82,18,2,Not too happy,Poor,Retired,"Independent (neither, no response)"
2024,Married,60,16,1,Pretty happy,Good,Retired,"Independent, close to democrat"
2024,Never married,18,13,0,Very happy,Excellent,"Unemployed, laid off, looking for work",Strong democrat
2024,Married,64,18,0,NA,Good,Retired,Strong republican
2024,Widowed,79,20,6,Pretty happy,Good,Retired,Strong republican
2024,Never married,60,18,0,Pretty happy,Excellent,Working full time,"Independent (neither, no response)"
2024,Never married,38,18,0,Pretty happy,Good,Working full time,Other party
2024,Married,39,16,1,Pretty happy,Good,Working full time,Strong democrat
2024,Never married,NA,14,0,Pretty happy,Good,Working full time,"Independent (neither, no response)"
2024,Never married,35,15,0,Pretty happy,Good,In school,"Independent, close to democrat"
2024,Divorced,61,16,3,Pretty happy,Good,Working full time,Not very strong democrat
2024,Married,36,16,0,Not too happy,Good,Working full time,"Independent, close to democrat"
2024,Never married,22,16,0,Pretty happy,Good,In school,"Independent (neither, no response)"
2024,Married,33,12,2,Pretty happy,Good,Working part time,Strong republican
2024,Never married,47,17,0,Pretty happy,Good,Working full time,Strong democrat
2024,Divorced,60,15,3,Very happy,Excellent,Working full time,"Independent (neither, no response)"
2024,Never married,54,16,0,Not too happy,Excellent,Working full time,Strong democrat
2024,Divorced,63,17,0,Pretty happy,Good,Working part time,Not very strong democrat
2024,Married,54,16,2,Pretty happy,Fair,Working full time,Strong democrat
2024,Married,65,16,1,Pretty happy,Good,Working full time,Not very strong republican
2024,Never married,51,14,0,Pretty happy,Excellent,Working full time,"Independent, close to democrat"
2024,Married,69,4,NA,Not too happy,Poor,Other,"Independent (neither, no response)"
2024,Divorced,36,15,0,Not too happy,Good,"Unemployed, laid off, looking for work",Not very strong democrat
2024,Never married,27,13,0,Not too happy,Good,Working full time,"Independent, close to democrat"
2024,Never married,61,16,0,Not too happy,Good,"Unemployed, laid off, looking for work","Independent, close to democrat"
2024,Never married,31,16,0,Pretty happy,Good,"Unemployed, laid off, looking for work",Not very strong democrat
2024,Never married,35,12,3,Not too happy,Poor,Keeping house,"Independent, close to democrat"
2024,Married,50,16,3,Pretty happy,Good,Working full time,Not very strong republican
2024,Married,66,15,0,Pretty happy,Fair,Retired,Strong democrat
2024,Never married,31,12,1,Pretty happy,Fair,Working full time,"Independent, close to democrat"
2024,Never married,29,12,0,Pretty happy,Excellent,Working full time,Not very strong democrat
2024,Never married,35,13,1,Pretty happy,Good,Keeping house,Strong democrat
2024,Never married,27,15,0,Pretty happy,Fair,Working full time,"Independent, close to democrat"
2024,Never married,33,16,0,Pretty happy,Good,Working full time,Not very strong democrat
2024,Never married,69,12,2,Pretty happy,Fair,Retired,Not very strong republican
2024,Never married,36,14,0,Not too happy,Fair,Working full time,Other party
2024,Separated,38,12,1,Not too happy,Fair,Working full time,"Independent (neither, no response)"
2024,Divorced,50,12,1,Pretty happy,Fair,Working full time,Not very strong republican
2024,Never married,33,16,0,Not too happy,Good,Working full time,Not very strong democrat
2024,Never married,39,16,0,Not too happy,Good,Working full time,"Independent, close to democrat"
2024,Never married,69,18,0,Pretty happy,Good,Working full time,Strong democrat
2024,Divorced,NA,18,1,Not too happy,Good,Working full time,Strong democrat
2024,Separated,32,12,5,Not too happy,Fair,"Unemployed, laid off, looking for work",Not very strong democrat
2024,Divorced,57,12,3,Not too happy,Good,Keeping house,Not very strong democrat
2024,Never married,40,12,2,Pretty happy,Fair,NA,Strong republican
2024,Never married,27,12,0,Not too happy,Poor,Working part time,"Independent (neither, no response)"
2024,Married,54,12,2,Pretty happy,Excellent,Working full time,"Independent, close to republican"
2024,Never married,44,18,1,Not too happy,Excellent,Working full time,Other party
2024,Married,32,12,2,Very happy,Good,Working full time,Strong democrat
2024,Divorced,70,18,0,Not too happy,Fair,Working full time,"Independent, close to democrat"
2024,Divorced,73,15,4,Pretty happy,Good,Retired,Not very strong democrat
2024,Married,32,14,1,Pretty happy,Fair,Working full time,"Independent (neither, no response)"
2024,Never married,61,16,8,Very happy,Good,Working full time,"Independent, close to democrat"
2024,Married,NA,12,2,Very happy,Excellent,Retired,Not very strong democrat
2024,Widowed,67,12,0,Pretty happy,Good,Working full time,"Independent (neither, no response)"
2024,Never married,55,12,1,Not too happy,Fair,Working full time,"Independent (neither, no response)"
2024,Never married,33,16,0,Pretty happy,Good,Working full time,Strong democrat
2024,Married,NA,19,3,Pretty happy,Good,Working full time,Other party
2024,Never married,31,0,2,Very happy,Good,Working full time,"Independent (neither, no response)"
2024,Never married,31,12,0,Not too happy,Fair,Working full time,"Independent (neither, no response)"
2024,Never married,38,20,1,Not too happy,Excellent,Working full time,Strong republican
2024,Never married,38,15,2,Very happy,Excellent,Working part time,"Independent (neither, no response)"
2024,Married,67,12,2,Pretty happy,Fair,Working part time,Strong republican
2024,Married,31,20,2,Pretty happy,Good,Working full time,"Independent (neither, no response)"
2024,Married,39,16,2,Pretty happy,Good,Working full time,"Independent (neither, no response)"
2024,Married,38,16,3,Pretty happy,Fair,Working full time,"Independent, close to democrat"
2024,Widowed,81,9,3,Pretty happy,Good,Retired,"Independent, close to democrat"
2024,Divorced,47,15,1,Pretty happy,Good,Working full time,Not very strong republican
2024,Married,55,20,1,Pretty happy,Good,Working part time,"Independent, close to republican"
2024,Married,66,18,2,Very happy,Good,Retired,Not very strong republican
2024,Married,44,18,3,Pretty happy,Good,Working full time,Strong democrat
2024,Never married,18,11,0,Pretty happy,Good,In school,"Independent, close to republican"
2024,Widowed,71,16,3,Pretty happy,Good,Retired,"Independent, close to republican"
2024,Married,54,16,2,Very happy,Excellent,Working full time,Strong republican
2024,Never married,19,14,0,Not too happy,Excellent,Working part time,"Independent, close to republican"
2024,Widowed,58,13,0,Pretty happy,Good,Working full time,Strong democrat
2024,Widowed,58,12,3,Not too happy,Fair,Working full time,Strong democrat
2024,Married,71,12,2,Not too happy,Good,Retired,Strong republican
2024,Married,60,16,2,Pretty happy,Excellent,Working full time,Strong democrat
2024,Divorced,69,17,1,Very happy,Good,Retired,Strong democrat
2024,Married,55,15,2,Pretty happy,Fair,Working part time,Not very strong republican
2024,Widowed,89,12,4,Not too happy,Poor,Retired,Not very strong republican
2024,Married,42,16,4,Pretty happy,Good,Working full time,Strong democrat
2024,Never married,50,12,0,Pretty happy,Fair,Other,"Independent (neither, no response)"
2024,Never married,32,16,0,Very happy,Excellent,Working full time,"Independent (neither, no response)"
2024,Married,69,13,3,Pretty happy,Fair,Retired,"Independent (neither, no response)"
2024,Never married,28,12,0,Pretty happy,Fair,Working full time,"Independent (neither, no response)"
2024,Married,58,16,0,Very happy,Good,Working full time,Strong democrat
2024,Divorced,76,14,0,Very happy,Good,Retired,"Independent (neither, no response)"
2024,Widowed,NA,14,2,Not too happy,Good,Working part time,"Independent, close to republican"
2024,Divorced,60,14,3,Not too happy,Good,Working full time,Strong democrat
2024,Never married,26,16,0,Pretty happy,Good,Working full time,"Independent, close to democrat"
2024,Married,47,12,2,Pretty happy,Good,Working full time,"Independent, close to republican"
2024,Married,52,14,0,Pretty happy,Good,Working full time,Strong democrat
2024,Never married,46,12,6,Pretty happy,Fair,Working full time,Strong democrat
2024,Widowed,80,13,0,Pretty happy,Fair,Retired,"Independent (neither, no response)"
2024,Divorced,45,14,0,Pretty happy,Fair,Working part time,Not very strong republican
2024,Never married,35,13,0,Very happy,Excellent,Working full time,"Independent, close to republican"
2024,Never married,35,16,0,Pretty happy,Good,Working part time,"Independent (neither, no response)"
2024,Married,66,13,3,Very happy,Good,Working full time,Strong democrat
2024,Separated,46,16,6,Not too happy,Excellent,Working full time,Strong democrat
2024,Widowed,78,11,1,Very happy,Good,Retired,Strong democrat
2024,Married,74,12,5,Very happy,Good,Keeping house,Strong democrat
2024,Never married,51,12,3,Not too happy,Poor,"Unemployed, laid off, looking for work",Not very strong republican
2024,Divorced,59,12,0,Not too happy,Good,"Unemployed, laid off, looking for work","Independent (neither, no response)"
2024,Never married,36,13,4,Not too happy,Fair,Keeping house,"Independent, close to republican"
2024,Never married,52,17,0,Pretty happy,Fair,Working full time,Not very strong democrat
2024,Divorced,63,16,3,Very happy,Good,Retired,"Independent (neither, no response)"
2024,Divorced,78,14,0,Pretty happy,Good,Retired,"Independent, close to democrat"
2024,Married,42,13,0,Very happy,Excellent,"Unemployed, laid off, looking for work",Strong democrat
2024,Married,77,19,1,Pretty happy,Fair,Retired,Strong democrat
2024,Married,39,13,2,Very happy,Good,Working full time,"Independent (neither, no response)"
2024,Divorced,83,9,5,Pretty happy,Fair,Retired,Strong democrat
2024,Never married,60,16,0,Not too happy,Good,Retired,Not very strong democrat
2024,Never married,26,16,0,Pretty happy,Fair,Working full time,Strong democrat
2024,Never married,45,16,0,Pretty happy,Good,Working full time,"Independent (neither, no response)"
2024,Never married,23,14,0,Not too happy,Excellent,Working full time,"Independent (neither, no response)"
2024,Never married,56,12,0,Very happy,Good,Other,Strong democrat
2024,Divorced,54,20,0,Pretty happy,Poor,Working part time,Not very strong democrat
2024,Never married,85,8,8,Not too happy,Good,Retired,Not very strong democrat
2024,Divorced,NA,17,1,Very happy,Excellent,Retired,Not very strong democrat
2024,Never married,69,16,1,Very happy,Good,Retired,Strong democrat
2024,Never married,30,17,0,Very happy,Good,Working full time,"Independent, close to democrat"
2024,Married,37,19,1,Very happy,Good,Working full time,"Independent (neither, no response)"
2024,Married,37,16,2,Pretty happy,Good,Working full time,Strong democrat
2024,Never married,30,16,0,Pretty happy,Good,Working full time,Strong democrat
2024,Never married,26,16,0,Pretty happy,Fair,Working full time,"Independent, close to democrat"
2024,Never married,71,18,0,Very happy,Excellent,Retired,Strong democrat
2024,Never married,60,14,0,Pretty happy,Good,Working full time,Strong democrat
2024,Married,74,16,3,Very happy,Fair,Retired,"Independent (neither, no response)"
2024,Never married,61,12,NA,Not too happy,Fair,Keeping house,"Independent (neither, no response)"
2024,Married,43,17,3,Pretty happy,Good,Working part time,Strong republican
2024,Married,59,16,5,Pretty happy,Good,Working full time,Not very strong democrat
2024,Never married,53,16,0,Pretty happy,Good,Retired,"Independent (neither, no response)"
2024,Never married,49,12,5,Not too happy,Fair,Keeping house,"Independent (neither, no response)"
2024,Married,40,16,1,Pretty happy,Excellent,Working full time,Not very strong republican
2024,Married,39,17,3,Pretty happy,Good,Working full time,Not very strong republican
2024,Married,60,12,3,Pretty happy,Good,Retired,Other party
2024,Married,77,12,0,Not too happy,Fair,Retired,"Independent, close to democrat"
2024,Married,67,13,3,Not too happy,Good,Retired,"Independent, close to republican"
2024,Married,45,17,4,Very happy,Good,Working full time,Strong republican
2024,Married,47,12,2,Pretty happy,Good,Working full time,"Independent (neither, no response)"
2024,Married,43,9,2,Not too happy,Fair,Working full time,"Independent (neither, no response)"
2024,Married,46,17,2,Pretty happy,Good,Working full time,"Independent (neither, no response)"
2024,Widowed,53,14,3,Pretty happy,Good,Retired,Not very strong republican
2024,Widowed,65,16,0,Pretty happy,Good,Working full time,"Independent (neither, no response)"
2024,Divorced,58,13,2,Pretty happy,Good,Other,"Independent (neither, no response)"
2024,Married,47,16,4,Pretty happy,Fair,Working full time,"Independent, close to republican"
2024,Married,45,14,2,Pretty happy,Excellent,Working full time,"Independent, close to republican"
2024,Married,67,17,2,Pretty happy,Excellent,Retired,"Independent, close to republican"
2024,Married,37,13,2,Very happy,Excellent,Working full time,Not very strong republican
2024,Married,60,17,4,Pretty happy,Fair,Retired,"Independent (neither, no response)"
2024,Married,74,16,1,Pretty happy,Good,Retired,Strong democrat
2024,Married,70,12,3,Very happy,Fair,Retired,"Independent, close to democrat"
2024,Divorced,66,16,0,Pretty happy,Fair,Working full time,Strong democrat
2024,Widowed,65,14,0,Pretty happy,Good,Retired,Strong democrat
2024,Married,47,18,5,Pretty happy,Excellent,Working full time,Not very strong democrat
2024,Never married,32,14,0,Pretty happy,Excellent,Working full time,Strong democrat
2024,Married,49,13,3,Pretty happy,Good,Working full time,"Independent, close to republican"
2024,Divorced,58,18,0,Not too happy,Fair,Working full time,"Independent (neither, no response)"
2024,Widowed,66,16,6,Pretty happy,Good,Other,"Independent (neither, no response)"
2024,Divorced,52,19,2,Pretty happy,Good,Working full time,Not very strong democrat
2024,Never married,34,15,0,Pretty happy,Fair,Working full time,Strong democrat
2024,Married,46,20,2,Pretty happy,Good,Working full time,"Independent, close to republican"
2024,Married,59,17,2,Very happy,Excellent,Working full time,"Independent (neither, no response)"
2024,Never married,66,12,0,Pretty happy,Good,Working full time,"Independent (neither, no response)"
2024,Never married,35,16,0,Pretty happy,Good,Working full time,"Independent (neither, no response)"
2024,Never married,23,16,0,Pretty happy,Good,Working full time,Strong democrat
2024,Never married,22,16,0,Pretty happy,Excellent,In school,"Independent, close to democrat"
2024,Never married,25,16,0,Pretty happy,Excellent,Working full time,"Independent, close to democrat"
2024,Never married,32,18,0,Pretty happy,Good,"Unemployed, laid off, looking for work",Not very strong democrat
2024,Divorced,55,20,1,Not too happy,Good,Working full time,"Independent, close to republican"
2024,Never married,45,17,0,Pretty happy,Good,Working full time,Strong democrat
2024,Married,59,18,3,Pretty happy,Good,Working full time,Strong republican
2024,Divorced,52,16,5,Pretty happy,Good,Retired,Strong republican
2024,Married,33,17,1,Pretty happy,Fair,Working full time,"Independent, close to democrat"
2024,Separated,20,10,0,Pretty happy,Excellent,Working full time,Strong republican
2024,Never married,28,17,0,Pretty happy,Fair,Working full time,"Independent, close to democrat"
2024,Married,43,0,4,Pretty happy,Fair,Keeping house,"Independent (neither, no response)"
2024,Never married,42,20,0,Not too happy,Fair,Working part time,"Independent (neither, no response)"
2024,Widowed,66,16,2,Pretty happy,Good,Retired,Not very strong democrat
2024,Married,52,16,2,Pretty happy,Excellent,Keeping house,"Independent, close to republican"
2024,Married,49,16,1,Not too happy,Fair,Working full time,"Independent (neither, no response)"
2024,Never married,40,18,0,Not too happy,Good,Working full time,"Independent (neither, no response)"
2024,Married,53,19,0,Pretty happy,Good,Working full time,Strong democrat
2024,Married,31,16,0,Very happy,Good,Keeping house,Not very strong democrat
2024,Divorced,36,12,1,Pretty happy,Fair,Working full time,Strong republican
2024,Never married,20,12,0,Pretty happy,Good,Working full time,Strong republican
2024,Divorced,34,14,0,Pretty happy,Fair,Working full time,Strong democrat
2024,Divorced,58,16,5,Pretty happy,Good,Working full time,"Independent, close to republican"
2024,Widowed,NA,12,1,Not too happy,Poor,Working part time,Strong democrat
2024,Widowed,68,20,3,Pretty happy,Excellent,Working full time,Not very strong democrat
2024,Never married,36,15,2,Pretty happy,Good,Working full time,"Independent, close to republican"
2024,Never married,29,16,0,Pretty happy,Excellent,Working full time,Strong democrat
2024,Married,35,16,2,Pretty happy,Excellent,Working full time,Not very strong democrat
2024,Separated,61,12,1,Not too happy,Fair,Working full time,Strong republican
2024,Widowed,89,17,1,Pretty happy,Excellent,Retired,"Independent, close to democrat"
2024,Married,47,16,3,Very happy,Good,Working full time,"Independent, close to democrat"
2024,Divorced,23,12,0,Very happy,Excellent,Working full time,"Independent (neither, no response)"
2024,Married,38,17,2,Pretty happy,Good,In school,"Independent, close to republican"
2024,Never married,41,16,0,Pretty happy,Fair,Working full time,Strong democrat
2024,Divorced,30,16,0,Not too happy,Excellent,Working full time,"Independent, close to democrat"
2024,Married,34,18,2,Pretty happy,Excellent,Working part time,Not very strong democrat
2024,Divorced,55,18,1,Very happy,Excellent,Working full time,Strong democrat
2024,Divorced,53,12,2,Not too happy,Fair,Retired,Strong democrat
2024,Never married,36,14,0,Very happy,Excellent,"With a job, but not at work because of temporary illness, vacation, strike","Independent (neither, no response)"
2024,Married,67,16,2,Pretty happy,Excellent,Working full time,"Independent (neither, no response)"
2024,Never married,25,12,0,Not too happy,Fair,Working full time,"Independent, close to republican"
2024,Married,66,17,2,Very happy,Excellent,Working full time,"Independent (neither, no response)"
2024,Married,45,18,0,Very happy,Good,Working full time,"Independent, close to democrat"
2024,Never married,19,12,0,Not too happy,Good,"Unemployed, laid off, looking for work",NA
2024,Divorced,55,14,2,Very happy,Good,Working full time,Other party
2024,Divorced,44,16,3,Pretty happy,Good,Working full time,Strong democrat
2024,Never married,32,11,2,Pretty happy,Fair,Keeping house,Not very strong republican
2024,Divorced,74,16,1,Not too happy,Good,Retired,Strong democrat
2024,Separated,30,10,5,Very happy,Poor,Keeping house,"Independent (neither, no response)"
2024,Divorced,43,13,1,Pretty happy,Fair,Working part time,Strong democrat
2024,Never married,66,13,0,Very happy,NA,Retired,Strong democrat
2024,Never married,27,13,0,Pretty happy,Excellent,Working full time,Strong democrat
2024,Married,68,13,3,Not too happy,Good,Keeping house,Strong democrat
2024,Never married,26,15,2,Not too happy,Poor,In school,Not very strong democrat
2024,Never married,NA,13,0,Pretty happy,NA,Retired,Not very strong republican
2024,Married,50,16,1,Pretty happy,Fair,Working full time,Strong democrat
2024,Never married,59,12,NA,NA,Good,Working part time,Strong democrat
2024,Divorced,NA,18,NA,Very happy,Excellent,Working full time,"Independent (neither, no response)"
2024,Married,49,16,0,Very happy,Good,Working full time,Not very strong democrat
2024,Separated,67,16,1,Pretty happy,Poor,Retired,Strong democrat
2024,Never married,52,13,2,Very happy,Fair,"Unemployed, laid off, looking for work",Strong republican
2024,Never married,33,16,0,Not too happy,Good,Working full time,Not very strong democrat
2024,Never married,71,16,0,Pretty happy,Good,Retired,Strong democrat
2024,Never married,47,20,3,Pretty happy,Good,Working part time,"Independent, close to republican"
2024,Never married,41,16,1,Pretty happy,Good,Working full time,Not very strong democrat
2024,Married,33,16,1,Not too happy,Fair,Working full time,"Independent (neither, no response)"
2024,Never married,33,18,0,Pretty happy,Good,Working full time,Not very strong democrat
2024,Married,NA,18,3,Pretty happy,NA,Working full time,Not very strong democrat
2024,Married,NA,NA,1,NA,Good,Working full time,NA
2024,Never married,42,17,0,Pretty happy,Good,Working full time,Not very strong democrat
2024,Married,40,12,2,Very happy,Good,Working full time,"Independent (neither, no response)"
2024,Married,NA,20,1,Very happy,Excellent,Working full time,Not very strong democrat
2024,Divorced,60,16,1,Pretty happy,Good,Working full time,Not very strong republican
2024,Married,56,16,1,Pretty happy,Excellent,Working full time,Not very strong republican
2024,Married,53,14,2,Pretty happy,Good,Working full time,"Independent, close to democrat"
2024,Married,52,12,3,Pretty happy,Good,Working full time,"Independent (neither, no response)"
2024,Married,75,12,4,Very happy,Good,Retired,Not very strong democrat
2024,Married,32,17,0,Pretty happy,Good,Working full time,Not very strong republican
2024,Divorced,44,16,1,Pretty happy,Good,Working full time,"Independent (neither, no response)"
2024,Never married,33,15,0,Pretty happy,Good,Working full time,"Independent (neither, no response)"
2024,Never married,37,12,0,Pretty happy,Good,"Unemployed, laid off, looking for work",Strong democrat
2024,Never married,24,16,0,Not too happy,Good,Working full time,Strong democrat
2024,Married,NA,12,2,Pretty happy,Excellent,Keeping house,"Independent (neither, no response)"
2024,Married,30,16,0,Pretty happy,Good,Working full time,Strong democrat
2024,Married,63,13,1,Very happy,Good,Retired,Strong republican
2024,Married,42,16,2,Pretty happy,Good,Working full time,"Independent (neither, no response)"
2024,Married,28,16,0,Very happy,Excellent,Working full time,"Independent, close to democrat"
2024,Married,37,16,2,Very happy,Excellent,Working full time,Not very strong democrat
2024,Married,47,18,1,Pretty happy,Good,Working full time,"Independent (neither, no response)"
2024,Married,NA,19,1,Pretty happy,Good,Working full time,Not very strong democrat
2024,Never married,60,16,0,Pretty happy,Good,Keeping house,Strong democrat
2024,Married,36,16,2,Pretty happy,Fair,Working full time,"Independent (neither, no response)"
2024,Married,29,16,1,Very happy,Good,Working full time,"Independent (neither, no response)"
2024,Divorced,43,19,4,Pretty happy,Excellent,Working full time,Not very strong democrat
2024,Married,56,16,1,Pretty happy,Fair,"Unemployed, laid off, looking for work","Independent (neither, no response)"
2024,Married,66,14,4,Pretty happy,Good,Retired,Strong republican
2024,Divorced,66,12,4,Pretty happy,Excellent,Retired,"Independent, close to democrat"
2024,Married,NA,16,1,Pretty happy,Good,Working full time,"Independent (neither, no response)"
2024,Divorced,59,16,0,Pretty happy,Good,Working full time,Strong republican
2024,Separated,42,16,0,Pretty happy,Fair,"With a job, but not at work because of temporary illness, vacation, strike","Independent (neither, no response)"
2024,Never married,45,16,1,Pretty happy,Good,Working part time,Not very strong democrat
2024,Divorced,77,16,2,Pretty happy,Excellent,Retired,Strong democrat
2024,Married,67,16,2,Very happy,Excellent,Working full time,Strong democrat
2024,Never married,64,16,0,Not too happy,Fair,Retired,"Independent (neither, no response)"
2024,Widowed,70,17,2,Pretty happy,Excellent,Retired,Strong democrat
2024,Never married,26,14,0,Not too happy,Fair,Working full time,"Independent, close to republican"
2024,Married,62,16,0,Pretty happy,Excellent,Retired,"Independent (neither, no response)"
2024,Married,55,16,1,Pretty happy,Good,Working part time,"Independent (neither, no response)"
2024,Married,41,12,1,Very happy,Good,Working full time,"Independent (neither, no response)"
2024,Widowed,74,17,1,Pretty happy,Good,Retired,Strong democrat
2024,Married,59,16,1,Very happy,Fair,Keeping house,Strong democrat
2024,Never married,21,13,1,Pretty happy,Good,Working full time,"Independent (neither, no response)"
2024,Never married,25,13,2,Pretty happy,Good,"With a job, but not at work because of temporary illness, vacation, strike","Independent (neither, no response)"
2024,Never married,39,12,6,Pretty happy,Good,In school,"Independent (neither, no response)"
2024,Never married,18,12,0,Pretty happy,Good,In school,Not very strong democrat
2024,Never married,30,7,4,Pretty happy,Good,Keeping house,"Independent (neither, no response)"
2024,Never married,58,9,2,Not too happy,Fair,"Unemployed, laid off, looking for work",Not very strong republican
2024,Never married,21,12,0,Pretty happy,Good,Working part time,Strong democrat
2024,Separated,41,16,2,Very happy,Excellent,Working full time,Not very strong democrat
2024,Married,38,13,2,Very happy,Excellent,Working part time,Not very strong republican
2024,Married,52,17,0,Pretty happy,Good,Working full time,"Independent (neither, no response)"
2024,Separated,33,14,2,Not too happy,Good,Working full time,"Independent (neither, no response)"
2024,Widowed,64,12,1,Pretty happy,Poor,Retired,Strong republican
2024,Married,42,15,3,Pretty happy,Good,Working part time,Strong republican
2024,Widowed,61,12,3,Not too happy,Poor,Other,"Independent (neither, no response)"
2024,Divorced,39,13,1,Pretty happy,Good,Working full time,"Independent, close to republican"
2024,Never married,49,13,1,Pretty happy,Excellent,Working full time,Strong republican
2024,Never married,24,12,0,Not too happy,Fair,Keeping house,"Independent, close to democrat"
2024,Never married,59,9,1,Not too happy,Good,"Unemployed, laid off, looking for work","Independent, close to republican"
2024,Never married,37,13,2,Pretty happy,Fair,Working part time,Other party
2024,Married,45,16,2,Pretty happy,Good,Working full time,"Independent, close to democrat"
2024,Married,42,14,1,Pretty happy,Fair,Working full time,Not very strong democrat
2024,Divorced,64,5,3,Not too happy,Fair,Keeping house,"Independent (neither, no response)"
2024,Married,76,14,2,Very happy,Poor,Retired,Strong democrat
2024,Married,32,13,0,NA,Good,Working full time,"Independent (neither, no response)"
2024,Divorced,45,14,2,Very happy,Poor,Other,Strong republican
2024,Never married,32,12,3,Pretty happy,Good,"Unemployed, laid off, looking for work","Independent (neither, no response)"
2024,Married,43,12,3,Pretty happy,Fair,Other,Not very strong republican
2024,Married,42,9,2,Pretty happy,Good,Working full time,"Independent, close to democrat"
2024,Never married,59,16,0,Not too happy,Good,Working full time,Strong republican
2024,Divorced,77,8,6,Pretty happy,Good,Retired,"Independent, close to republican"
2024,Widowed,74,10,0,NA,Good,Retired,NA
2024,Divorced,68,16,3,Pretty happy,Fair,Retired,Strong democrat
2024,Divorced,68,10,4,Pretty happy,Fair,Retired,Not very strong democrat
2024,Separated,64,20,3,Pretty happy,Fair,Retired,Not very strong republican
2024,Widowed,73,9,3,Not too happy,Poor,Retired,"Independent (neither, no response)"
2024,Never married,56,11,0,Pretty happy,Poor,Keeping house,"Independent, close to democrat"
2024,Never married,42,14,3,Not too happy,Fair,Keeping house,Not very strong democrat
2024,Never married,56,14,0,Not too happy,Fair,Other,Strong democrat
2024,Married,53,12,1,Very happy,Good,Working full time,"Independent, close to republican"
2024,Married,65,16,3,Not too happy,Fair,Working full time,Strong democrat
2024,Married,74,8,2,Pretty happy,Excellent,Retired,"Independent, close to republican"
2024,Married,28,16,1,Very happy,Excellent,Working full time,Not very strong republican
2024,Divorced,35,14,0,Pretty happy,Good,Working full time,"Independent, close to democrat"
2024,Divorced,54,14,3,Very happy,Fair,Working full time,"Independent (neither, no response)"
2024,Widowed,78,10,4,Pretty happy,Good,Retired,"Independent (neither, no response)"
2024,Married,31,14,0,Pretty happy,Excellent,Working full time,Strong democrat
2024,Never married,36,12,3,Pretty happy,Good,Working full time,Not very strong democrat
2024,Never married,65,15,0,Very happy,Good,Working full time,"Independent (neither, no response)"
2024,Never married,36,16,0,Pretty happy,Good,In school,"Independent, close to democrat"
2024,Divorced,64,18,1,Pretty happy,Excellent,Working full time,Strong democrat
2024,Married,67,12,2,Very happy,Good,Retired,"Independent (neither, no response)"
2024,Never married,33,16,0,Pretty happy,Good,Working full time,"Independent, close to democrat"
2024,Never married,69,13,0,Pretty happy,Good,Retired,"Independent, close to democrat"
2024,Never married,24,16,0,Pretty happy,Good,Working full time,"Independent, close to democrat"
2024,Married,64,16,2,Pretty happy,Excellent,Working full time,Strong democrat
2024,Married,60,14,3,Pretty happy,Fair,Working part time,"Independent, close to republican"
2024,Married,74,16,2,Pretty happy,Fair,Retired,Not very strong democrat
2024,Divorced,74,17,3,Pretty happy,Good,Retired,"Independent, close to democrat"
2024,Married,49,16,4,Pretty happy,Good,Keeping house,Strong democrat
2024,Separated,64,16,1,Pretty happy,Excellent,Working full time,Strong democrat
2024,Never married,30,12,0,Pretty happy,Good,Working full time,Strong democrat
2024,Married,43,12,1,Pretty happy,Fair,"With a job, but not at work because of temporary illness, vacation, strike",Strong democrat
2024,Never married,27,16,0,Not too happy,Good,"Unemployed, laid off, looking for work","Independent, close to democrat"
2024,Divorced,86,16,0,Pretty happy,Excellent,Working full time,"Independent, close to republican"
2024,Never married,31,16,0,Not too happy,Good,Working full time,Strong democrat
2024,Married,41,16,2,Pretty happy,Good,Working full time,Not very strong democrat
2024,Married,30,19,1,Pretty happy,Good,Working full time,"Independent, close to democrat"
2024,Married,73,18,2,Pretty happy,Fair,Retired,"Independent, close to democrat"
2024,Married,55,13,3,Pretty happy,Good,Working part time,Not very strong republican
2024,Never married,26,16,0,Not too happy,Fair,Working full time,Strong democrat
2024,Separated,64,18,1,Not too happy,Good,Working part time,"Independent, close to democrat"
2024,Married,47,18,3,Very happy,Excellent,Working full time,Not very strong democrat
2024,Married,71,13,3,Very happy,Good,Retired,"Independent (neither, no response)"
2024,Married,39,16,1,Pretty happy,Fair,Working full time,"Independent, close to democrat"
2024,Married,55,12,2,Pretty happy,Fair,Working full time,"Independent, close to democrat"
2024,Married,65,18,3,Very happy,Good,Retired,Strong democrat
2024,Widowed,80,14,3,Pretty happy,Good,Retired,Not very strong democrat
2024,Divorced,39,17,0,Not too happy,Good,Working part time,Not very strong democrat
2024,Divorced,49,16,3,Pretty happy,Fair,Working full time,Other party
2024,Married,44,16,2,Very happy,Excellent,Working full time,"Independent (neither, no response)"
2024,Never married,33,10,4,Very happy,Fair,Keeping house,"Independent (neither, no response)"
2024,Married,NA,NA,3,Pretty happy,Good,Other,Not very strong democrat
2024,Married,46,12,2,Pretty happy,Fair,Working full time,"Independent (neither, no response)"
2024,Divorced,37,12,3,Pretty happy,Fair,Working full time,"Independent, close to democrat"
2024,Married,24,12,4,Pretty happy,Fair,Keeping house,Not very strong republican
2024,Separated,49,12,3,Very happy,Excellent,Working full time,"Independent (neither, no response)"
2024,Married,75,2,6,Very happy,Excellent,Retired,Not very strong democrat
2024,Never married,NA,12,0,Pretty happy,Good,Working full time,Strong democrat
2024,Separated,36,16,2,Not too happy,Good,Working full time,"Independent (neither, no response)"
2024,Married,56,14,0,Pretty happy,Good,Working full time,"Independent (neither, no response)"
2024,Married,60,16,3,Pretty happy,Good,Working part time,"Independent, close to democrat"
2024,Married,53,16,2,Pretty happy,Fair,Working full time,Not very strong democrat
2024,Married,36,18,1,Pretty happy,Good,Working full time,Other party
2024,Married,53,18,2,Pretty happy,Fair,Working full time,Not very strong republican
2024,Widowed,35,18,4,Not too happy,Fair,"Unemployed, laid off, looking for work","Independent, close to republican"
2024,Married,66,12,1,Not too happy,Fair,Retired,Strong democrat
2024,Never married,30,13,0,Pretty happy,Good,Working full time,"Independent (neither, no response)"
2024,Married,50,16,2,Not too happy,Fair,Retired,Strong republican
2024,Divorced,66,14,2,Very happy,Excellent,Working part time,Strong republican
2024,Married,42,18,2,Pretty happy,Fair,Working full time,"Independent (neither, no response)"
2024,Married,57,18,1,Very happy,Good,Working full time,Strong republican
2024,Married,59,16,0,Very happy,Good,Working part time,Strong democrat
2024,Married,58,12,1,Pretty happy,Good,Working full time,"Independent, close to republican"
2024,Married,54,18,3,Pretty happy,Good,Keeping house,Strong republican
2024,Married,60,16,2,Pretty happy,Good,Retired,"Independent, close to republican"
2024,Married,56,15,3,Pretty happy,Good,Working full time,NA
2024,Widowed,46,15,2,Very happy,Good,Working full time,"Independent (neither, no response)"
2024,Married,75,14,4,Pretty happy,Fair,Retired,Not very strong republican
2024,Married,67,16,2,Pretty happy,Excellent,Retired,Strong democrat
2024,Divorced,40,20,2,Pretty happy,Good,"With a job, but not at work because of temporary illness, vacation, strike",Not very strong republican
2024,Never married,39,13,4,Pretty happy,Fair,"With a job, but not at work because of temporary illness, vacation, strike",Not very strong democrat
2024,Divorced,58,16,1,Pretty happy,Excellent,Working full time,Strong republican
2024,Married,72,12,5,Pretty happy,Good,Retired,Strong republican
2024,Never married,44,16,1,Not too happy,Good,Working full time,"Independent, close to democrat"
2024,Divorced,39,16,0,Not too happy,Good,Working part time,"Independent (neither, no response)"
2024,Never married,41,17,0,Very happy,Excellent,"Unemployed, laid off, looking for work",Strong republican
2024,Never married,32,10,NA,Not too happy,Excellent,"Unemployed, laid off, looking for work","Independent (neither, no response)"
2024,Never married,30,16,0,Pretty happy,Excellent,Working full time,"Independent (neither, no response)"
2024,Never married,25,14,0,Very happy,Good,Working full time,Other party
2024,Never married,30,10,0,Pretty happy,Fair,"Unemployed, laid off, looking for work","Independent (neither, no response)"
2024,Never married,34,14,2,Not too happy,Excellent,Working full time,Not very strong republican
2024,Never married,NA,17,0,Pretty happy,Excellent,Working full time,"Independent (neither, no response)"
2024,Never married,37,18,0,Pretty happy,Good,Working full time,"Independent (neither, no response)"
2024,Never married,24,16,0,Very happy,Good,Working full time,"Independent, close to republican"
2024,Never married,25,13,0,Pretty happy,Excellent,Working full time,"Independent (neither, no response)"
2024,Widowed,70,14,2,Pretty happy,Fair,Retired,"Independent, close to democrat"
2024,Married,37,12,3,Pretty happy,Good,Working part time,"Independent (neither, no response)"
2024,Never married,24,14,0,Not too happy,Good,"Unemployed, laid off, looking for work",Not very strong republican
2024,Divorced,43,10,1,Pretty happy,Excellent,Working full time,"Independent, close to republican"
2024,Never married,33,18,0,Pretty happy,Excellent,Working full time,"Independent (neither, no response)"
2024,Married,64,12,3,Pretty happy,Good,Working full time,Strong democrat
2024,Never married,72,15,0,Pretty happy,Fair,Retired,"Independent (neither, no response)"
2024,Never married,NA,12,1,Pretty happy,Good,"With a job, but not at work because of temporary illness, vacation, strike",Strong democrat
2024,Married,32,17,2,Pretty happy,Good,Keeping house,Not very strong democrat
2024,Divorced,51,11,6,Not too happy,Fair,Working full time,"Independent (neither, no response)"
2024,Never married,38,15,0,Pretty happy,Good,Working full time,"Independent, close to democrat"
2024,Never married,23,12,0,Pretty happy,Excellent,Working full time,"Independent (neither, no response)"
2024,Married,24,NA,1,Pretty happy,Fair,Working full time,"Independent (neither, no response)"
2024,Married,34,16,2,Pretty happy,Good,Working full time,"Independent, close to democrat"
2024,Never married,37,14,0,Not too happy,Good,"Unemployed, laid off, looking for work",Strong republican
2024,Divorced,77,14,2,Very happy,Good,Retired,"Independent (neither, no response)"
2024,Never married,36,18,0,Pretty happy,Good,Keeping house,Other party
2024,Never married,44,12,0,Pretty happy,Fair,Working full time,Strong democrat
2024,Never married,29,13,0,Pretty happy,Good,Working full time,Not very strong democrat
2024,Divorced,55,12,8,Pretty happy,Fair,Other,"Independent (neither, no response)"
2024,Married,23,15,1,Very happy,Excellent,Working full time,"Independent (neither, no response)"
2024,Divorced,NA,16,0,Pretty happy,Fair,Retired,"Independent (neither, no response)"
2024,Never married,33,13,0,Pretty happy,Fair,Working full time,Strong democrat
2024,Never married,37,16,0,Not too happy,Fair,Working full time,"Independent (neither, no response)"
2024,Married,45,14,0,Very happy,Good,Working full time,Strong democrat
2024,Never married,33,12,4,Pretty happy,Fair,"Unemployed, laid off, looking for work",Strong republican
2024,Separated,28,13,2,Not too happy,Poor,Other,"Independent, close to republican"
2024,Married,57,15,2,Pretty happy,Good,Working full time,Strong democrat
2024,Never married,30,13,0,Not too happy,Poor,Working full time,Strong democrat
2024,Married,40,12,2,Pretty happy,Good,Working part time,Strong republican
2024,Never married,23,14,0,Not too happy,Excellent,Working full time,"Independent (neither, no response)"
2024,Never married,20,14,0,Pretty happy,Good,In school,Strong democrat
2024,Divorced,49,19,3,Pretty happy,Fair,Working full time,"Independent (neither, no response)"
2024,Separated,62,15,4,Not too happy,Fair,Other,"Independent, close to republican"
2024,Married,45,10,4,NA,NA,Working full time,Strong republican
2024,Married,30,17,2,Pretty happy,Fair,Keeping house,Not very strong republican
2024,Married,48,15,3,Pretty happy,Good,Working full time,Not very strong republican
2024,Never married,41,13,4,Pretty happy,Poor,Working full time,Strong democrat
2024,Divorced,81,13,2,Not too happy,Good,Retired,Strong democrat
2024,Widowed,59,16,3,Very happy,Good,Other,"Independent (neither, no response)"
2024,Married,NA,14,1,Pretty happy,Poor,Keeping house,NA
2024,Married,86,10,3,Pretty happy,Fair,Retired,Strong republican
2024,Never married,24,14,0,Pretty happy,Excellent,Working full time,Not very strong republican
2024,Married,52,16,3,Pretty happy,Good,Working full time,Strong republican
2024,Never married,18,12,0,Not too happy,Fair,In school,"Independent (neither, no response)"
2024,Married,82,16,2,NA,Good,Retired,Strong republican
2024,Divorced,66,16,3,Very happy,Excellent,Retired,Strong republican
2024,Married,81,13,4,Pretty happy,Fair,Retired,Strong republican
2024,Married,71,8,3,Not too happy,Good,Retired,Not very strong republican
2024,Married,62,11,3,Pretty happy,Fair,Working full time,Strong republican
2024,Married,34,16,8,Pretty happy,Fair,In school,Strong republican
2024,Widowed,74,18,1,Not too happy,Fair,Retired,Strong republican
2024,Never married,22,16,0,Pretty happy,Good,Working part time,Strong republican
2024,Married,42,16,2,Pretty happy,Good,Working full time,"Independent, close to democrat"
2024,Never married,45,12,2,Pretty happy,Good,Working part time,Strong republican
2024,Married,42,14,3,Pretty happy,Excellent,Working part time,Strong republican
2024,Separated,64,18,5,Pretty happy,Good,Working full time,Not very strong republican
2024,Divorced,62,16,1,Not too happy,Good,Keeping house,Strong democrat
2024,Divorced,67,18,2,NA,Fair,Retired,"Independent (neither, no response)"
2024,Married,47,16,2,Very happy,Fair,Keeping house,Strong democrat
2024,Divorced,55,16,3,Pretty happy,Good,Working full time,"Independent, close to republican"
2024,Never married,34,16,0,Pretty happy,Excellent,Working full time,Not very strong democrat
2024,Never married,47,12,2,Not too happy,Excellent,Working full time,"Independent, close to democrat"
2024,Married,55,12,3,Pretty happy,Fair,Keeping house,Not very strong democrat
2024,Never married,65,13,0,Not too happy,Good,Working full time,"Independent (neither, no response)"
2024,Married,33,20,3,Pretty happy,Good,Keeping house,"Independent (neither, no response)"
2024,Never married,29,16,0,Pretty happy,Good,Working full time,Strong democrat
2024,Married,47,12,1,Pretty happy,Good,Working full time,Not very strong republican
2024,Married,62,12,0,Very happy,Good,Working full time,"Independent (neither, no response)"
2024,Never married,40,11,3,Very happy,Good,"Unemployed, laid off, looking for work",Strong democrat
2024,Never married,19,13,0,Pretty happy,Fair,Working part time,"Independent (neither, no response)"
2024,Married,60,20,0,Not too happy,Good,Keeping house,Strong democrat
2024,Widowed,89,12,1,Pretty happy,Good,Retired,Strong democrat
2024,Married,55,18,3,Very happy,Excellent,Working full time,Strong republican
2024,Married,67,14,0,Pretty happy,Good,Working part time,Not very strong democrat
2024,Married,58,20,1,Pretty happy,Good,Working full time,Strong democrat
2024,Never married,44,12,1,Not too happy,Fair,Working part time,"Independent (neither, no response)"
2024,Never married,55,14,1,Pretty happy,Fair,Working full time,"Independent, close to democrat"
2024,Divorced,59,11,2,Not too happy,Fair,"Unemployed, laid off, looking for work",Not very strong democrat
2024,Never married,31,12,1,Not too happy,Good,Keeping house,"Independent, close to democrat"
2024,Never married,21,12,1,Pretty happy,Good,Working part time,"Independent (neither, no response)"
2024,Never married,50,12,0,Not too happy,Fair,Other,Strong democrat
2024,Separated,42,15,2,Not too happy,Good,Working part time,Strong democrat
2024,Never married,19,13,0,Not too happy,Fair,In school,"Independent, close to democrat"
2024,Never married,41,12,2,Pretty happy,Excellent,Keeping house,"Independent, close to republican"
2024,Married,32,14,3,Pretty happy,Fair,"Unemployed, laid off, looking for work","Independent (neither, no response)"
2024,Married,37,16,3,Pretty happy,Good,Working full time,Not very strong democrat
2024,Never married,44,12,2,Not too happy,Poor,Keeping house,"Independent (neither, no response)"
2024,Divorced,52,13,5,Very happy,Good,Working full time,Strong democrat
2024,Never married,31,12,2,Pretty happy,Good,Working full time,"Independent (neither, no response)"
2024,Widowed,NA,16,2,Pretty happy,Good,Retired,Strong democrat
2024,Never married,23,16,0,Not too happy,Fair,Working full time,Not very strong democrat
2024,Never married,20,14,0,Pretty happy,Good,In school,"Independent (neither, no response)"
2024,Never married,63,10,0,Pretty happy,Fair,Retired,"Independent, close to republican"
2024,Widowed,84,12,1,Pretty happy,Fair,Retired,Strong democrat
2024,Never married,66,18,0,Not too happy,Good,Working full time,Not very strong democrat
2024,Divorced,56,14,5,Pretty happy,Good,Working full time,"Independent (neither, no response)"
2024,Married,51,16,1,Very happy,Excellent,Working full time,Strong republican
2024,Married,38,18,0,Pretty happy,Excellent,Working full time,"Independent (neither, no response)"
2024,Never married,47,12,0,Very happy,Good,Working full time,"Independent (neither, no response)"
2024,Never married,32,12,3,Pretty happy,Good,Keeping house,"Independent, close to republican"
2024,Married,66,12,NA,Not too happy,Fair,Working part time,Not very strong republican
2024,Never married,32,16,0,Pretty happy,Good,Working full time,"Independent (neither, no response)"
2024,Never married,31,12,0,Pretty happy,Excellent,Working full time,Strong democrat
2024,Married,69,14,3,Pretty happy,Good,Working part time,Strong democrat
2024,Married,57,11,1,Pretty happy,Fair,Keeping house,Strong democrat
2024,Never married,30,16,0,Pretty happy,Good,Working full time,"Independent (neither, no response)"
2024,Married,72,17,2,Not too happy,Good,Working part time,"Independent (neither, no response)"
2024,Married,60,12,2,Not too happy,Good,Retired,Strong democrat
2024,Married,69,18,2,Pretty happy,Excellent,Retired,Strong democrat
2024,Divorced,45,17,2,Very happy,Excellent,Working full time,Other party
2024,Married,67,18,1,Pretty happy,Excellent,Retired,Strong democrat
2024,Married,34,16,1,Pretty happy,Good,Working full time,"Independent, close to democrat"
2024,Widowed,78,14,2,Not too happy,Good,Retired,Strong republican
2024,Separated,37,14,4,Not too happy,Poor,"Unemployed, laid off, looking for work","Independent (neither, no response)"
2024,Married,70,0,5,Very happy,Good,Keeping house,"Independent (neither, no response)"
2024,Separated,32,13,3,Pretty happy,Fair,Working full time,"Independent, close to democrat"
2024,Married,37,13,1,Pretty happy,Good,Working full time,"Independent (neither, no response)"
2024,Married,61,18,6,Very happy,Excellent,Working full time,Strong republican
2024,Married,51,12,4,Pretty happy,Good,Keeping house,NA
2024,Married,65,3,4,Pretty happy,Fair,Working part time,Not very strong republican
2024,Never married,NA,16,0,Pretty happy,Fair,Working full time,Strong republican
2024,Married,64,16,3,Not too happy,Good,Retired,Strong republican
2024,Divorced,59,12,7,Pretty happy,Fair,Retired,"Independent, close to republican"
2024,Never married,22,12,0,Pretty happy,Fair,Keeping house,"Independent (neither, no response)"
2024,Never married,19,12,0,Not too happy,Good,Working part time,"Independent, close to democrat"
2024,Divorced,55,13,3,Pretty happy,Good,Working full time,Not very strong republican
2024,Never married,18,12,0,Not too happy,Excellent,"Unemployed, laid off, looking for work","Independent (neither, no response)"
2024,Married,41,16,0,Very happy,Excellent,Working full time,Strong democrat
2024,Never married,58,16,0,Very happy,Good,Working full time,Not very strong republican
2024,Married,79,13,1,Very happy,Excellent,Retired,Strong republican
2024,Married,21,9,0,Very happy,Good,Keeping house,"Independent (neither, no response)"
2024,Married,76,9,2,Pretty happy,Fair,Retired,"Independent (neither, no response)"
2024,Never married,32,12,0,Pretty happy,Fair,Working full time,"Independent (neither, no response)"
2024,Never married,29,13,0,Not too happy,Excellent,"Unemployed, laid off, looking for work",Strong republican
2024,Married,28,13,0,Not too happy,Fair,Working full time,"Independent, close to democrat"
2024,Married,26,15,0,Very happy,Excellent,Working full time,"Independent (neither, no response)"
2024,Married,59,3,3,Pretty happy,Fair,Keeping house,"Independent (neither, no response)"
2024,Never married,18,14,0,Pretty happy,Good,In school,"Independent (neither, no response)"
2024,Married,52,12,3,Very happy,Good,Working full time,"Independent (neither, no response)"
2024,Never married,28,15,2,Very happy,Good,"Unemployed, laid off, looking for work",Other party
2024,Never married,50,10,1,Pretty happy,Fair,Working full time,Strong democrat
2024,Never married,42,17,4,Pretty happy,Good,Keeping house,"Independent (neither, no response)"
2024,Divorced,54,12,3,Pretty happy,Good,Working full time,"Independent, close to democrat"
2024,Married,64,12,3,Pretty happy,Poor,Other,Strong republican
2024,Never married,20,14,0,Not too happy,Fair,Working full time,"Independent, close to republican"
2024,Never married,20,13,0,Not too happy,Good,In school,"Independent (neither, no response)"
2024,Separated,60,14,2,Not too happy,Fair,Working full time,"Independent (neither, no response)"
2024,Married,45,12,2,Not too happy,Fair,Working part time,"Independent (neither, no response)"
2024,Divorced,61,13,3,Pretty happy,Excellent,Working full time,"Independent (neither, no response)"
2024,Never married,22,14,0,Pretty happy,Fair,Working part time,Strong democrat
2024,Never married,39,14,6,Very happy,Fair,Working full time,Not very strong republican
2024,Widowed,77,20,4,Pretty happy,Fair,Retired,"Independent (neither, no response)"
2024,Married,32,17,0,Pretty happy,Good,Working full time,Strong republican
2024,Married,35,12,1,Not too happy,Fair,Working full time,"Independent (neither, no response)"
2024,Divorced,66,16,0,Not too happy,Good,Retired,Not very strong democrat
2024,Married,36,13,2,Very happy,Good,Keeping house,Strong republican
2024,Married,54,20,4,Very happy,Excellent,Working part time,Not very strong democrat
2024,Divorced,48,13,3,Very happy,Good,Working full time,"Independent (neither, no response)"
2024,Married,40,16,0,Pretty happy,Good,Working full time,Strong republican
2024,Married,46,12,3,Pretty happy,Good,Keeping house,"Independent, close to republican"
2024,Divorced,59,12,2,Not too happy,Excellent,Working full time,Strong republican
2024,Never married,24,12,0,Pretty happy,Good,Working full time,"Independent, close to democrat"
2024,Widowed,70,6,3,Not too happy,Good,Retired,Not very strong democrat
2024,Never married,27,18,0,Pretty happy,Excellent,Working full time,Strong democrat
2024,Married,55,16,2,Pretty happy,Good,Working full time,"Independent, close to republican"
2024,Married,69,12,2,Very happy,Excellent,Working part time,Not very strong republican
2024,Married,77,20,4,Pretty happy,Fair,Retired,Strong democrat
2024,Married,41,20,1,Not too happy,Fair,Working full time,"Independent (neither, no response)"
2024,Married,83,16,2,Pretty happy,Fair,Retired,NA
2024,Married,49,17,2,Pretty happy,Excellent,Keeping house,Not very strong democrat
2024,Divorced,71,18,2,Very happy,Excellent,Retired,Strong democrat
2024,Married,24,14,2,Pretty happy,Good,Working full time,Strong republican
2024,Married,45,16,5,Not too happy,Fair,Other,"Independent (neither, no response)"
2024,Married,74,17,1,Very happy,Excellent,Retired,Strong republican
2024,Married,43,16,3,Very happy,Excellent,Keeping house,Not very strong democrat
2024,Never married,30,12,0,Not too happy,Fair,Working part time,Not very strong democrat
2024,Never married,19,12,0,Pretty happy,Good,Working full time,Not very strong republican
2024,Never married,61,12,0,Pretty happy,Good,Working full time,"Independent (neither, no response)"
2024,Divorced,76,14,2,Very happy,Good,Retired,Strong democrat
2024,Widowed,NA,19,2,Pretty happy,Poor,Retired,Strong democrat
2024,Married,44,12,2,Pretty happy,Good,Working part time,"Independent, close to democrat"
2024,Never married,26,16,0,Pretty happy,Good,Working full time,Not very strong democrat
2024,Never married,37,20,0,Very happy,Excellent,Working full time,Not very strong republican
2024,Never married,26,18,0,Very happy,Good,Working full time,"Independent (neither, no response)"
2024,Never married,28,16,0,Pretty happy,Good,"With a job, but not at work because of temporary illness, vacation, strike","Independent, close to republican"
2024,Never married,25,12,0,Pretty happy,Fair,Working full time,Not very strong democrat
2024,Divorced,25,12,0,Pretty happy,Good,Working full time,"Independent (neither, no response)"
2024,Never married,26,16,0,Pretty happy,Excellent,"Unemployed, laid off, looking for work","Independent (neither, no response)"
2024,Married,27,12,2,Very happy,Good,Keeping house,"Independent (neither, no response)"
2024,Never married,36,17,0,Not too happy,Good,"Unemployed, laid off, looking for work","Independent, close to democrat"
2024,Never married,26,15,0,Not too happy,Good,"Unemployed, laid off, looking for work",Not very strong democrat
2024,Separated,51,18,1,Pretty happy,Good,Working full time,Not very strong democrat
2024,Never married,34,18,0,Pretty happy,Good,Working full time,"Independent (neither, no response)"
2024,Married,31,17,0,Pretty happy,Good,Working full time,Not very strong democrat
2024,Never married,54,14,2,Not too happy,Good,Working full time,Strong democrat
2024,Never married,63,16,0,Pretty happy,Good,Working part time,Strong democrat
2024,Never married,36,12,2,Pretty happy,Good,Working full time,Not very strong republican
2024,Married,33,13,3,Not too happy,Fair,Working full time,Not very strong democrat
2024,Married,74,0,3,Not too happy,Fair,Retired,"Independent (neither, no response)"
2024,Never married,24,16,1,Pretty happy,Fair,Working full time,Not very strong democrat
2024,Married,67,13,2,Very happy,Good,Retired,Strong democrat
2024,Married,79,18,0,Very happy,Poor,Retired,Not very strong democrat
2024,Married,77,13,4,Very happy,Good,Retired,"Independent, close to republican"
2024,Never married,30,13,4,Pretty happy,Fair,Keeping house,"Independent, close to republican"
2024,Divorced,71,14,2,Pretty happy,Good,Retired,Not very strong democrat
2024,Divorced,75,17,0,Not too happy,Fair,Retired,Strong republican
2024,Divorced,65,14,1,Pretty happy,Poor,Retired,Not very strong democrat
2024,Never married,20,9,1,Not too happy,Fair,"Unemployed, laid off, looking for work","Independent, close to democrat"
2024,Never married,35,13,2,Pretty happy,Good,Working full time,"Independent (neither, no response)"
2024,Never married,49,18,0,Very happy,Good,Working full time,Strong democrat
2024,Widowed,69,15,2,Pretty happy,Good,Retired,"Independent, close to republican"
2024,Married,35,16,0,Pretty happy,Fair,Working full time,"Independent (neither, no response)"
2024,Married,69,17,1,Pretty happy,Fair,Working full time,Not very strong democrat
2024,Married,36,20,4,Pretty happy,Good,Working full time,"Independent, close to republican"
2024,Divorced,71,12,2,Very happy,Good,Retired,Strong republican
2024,Never married,42,18,0,Pretty happy,Good,Working full time,"Independent, close to democrat"
2024,Married,37,12,1,Not too happy,Excellent,Working full time,"Independent (neither, no response)"
2024,Married,53,15,2,Very happy,Good,Keeping house,Not very strong republican
2024,Married,47,19,2,Very happy,Good,Working full time,Strong democrat
2024,Married,29,14,2,Pretty happy,Excellent,Working full time,"Independent, close to republican"
2024,Never married,25,13,0,Not too happy,Good,Working full time,Not very strong republican
2024,Married,38,15,2,Pretty happy,Good,Keeping house,"Independent, close to republican"
2024,Married,46,17,3,Pretty happy,Fair,Keeping house,Strong democrat
2024,Never married,26,15,0,Pretty happy,Good,Working part time,"Independent (neither, no response)"
2024,Divorced,33,20,1,Pretty happy,Fair,Keeping house,"Independent, close to democrat"
2024,Married,64,16,2,Very happy,Excellent,Working full time,Strong republican
2024,Never married,20,14,0,Pretty happy,Good,Working part time,"Independent, close to democrat"
2024,Married,65,18,3,Very happy,Excellent,Working full time,Strong democrat
2024,Married,45,18,0,Pretty happy,Good,Working full time,Strong democrat
2024,Never married,29,14,0,Pretty happy,Good,Working full time,Not very strong democrat
2024,Married,39,14,0,Very happy,Good,Working full time,Other party
2024,Widowed,70,20,1,Pretty happy,Good,Retired,Strong democrat
2024,Divorced,79,16,2,Very happy,Good,Retired,Strong republican
2024,Never married,32,17,1,Very happy,Excellent,Working full time,"Independent (neither, no response)"
2024,Married,77,18,0,Pretty happy,Good,Working full time,Strong republican
2024,Married,69,20,2,Not too happy,Excellent,Retired,Strong democrat
2024,Married,66,16,2,Very happy,Good,Retired,Strong democrat
2024,Never married,62,12,2,Pretty happy,Good,Working full time,Strong democrat
2024,Never married,26,16,0,Not too happy,Good,"Unemployed, laid off, looking for work","Independent (neither, no response)"
2024,Never married,40,13,5,Pretty happy,Good,Working full time,Strong democrat
2024,Widowed,81,12,4,Pretty happy,Good,Retired,Strong democrat
2024,Divorced,NA,14,1,Very happy,Excellent,Working full time,"Independent (neither, no response)"
2024,Never married,36,20,1,Not too happy,Fair,Keeping house,Not very strong democrat
2024,Never married,62,14,1,Pretty happy,Fair,Working full time,NA
2024,Never married,20,14,0,Pretty happy,Excellent,Working part time,Strong democrat
2024,Never married,20,15,0,Pretty happy,Good,In school,Strong republican
2024,Never married,23,19,0,Very happy,Excellent,In school,Strong republican
2024,Never married,19,14,0,Pretty happy,Good,In school,Strong democrat
2024,Never married,28,18,0,Pretty happy,Good,Working part time,"Independent (neither, no response)"
2024,Never married,69,16,0,Not too happy,Good,Working part time,Not very strong democrat
2024,Never married,25,16,0,Not too happy,Good,"Unemployed, laid off, looking for work","Independent, close to republican"
2024,Married,36,16,NA,Very happy,Good,Working full time,Strong republican
2024,Married,76,14,2,Pretty happy,Excellent,Retired,"Independent, close to democrat"
2024,Married,71,18,2,Very happy,Excellent,Working full time,"Independent, close to democrat"
2024,Married,71,12,2,Pretty happy,Fair,Retired,"Independent, close to democrat"
2024,Married,66,12,4,Pretty happy,Good,Retired,Strong republican
2024,Never married,19,14,0,Pretty happy,Excellent,In school,Strong republican
2024,Married,37,16,4,Very happy,Good,Working part time,Strong republican
2024,Married,50,20,0,Pretty happy,Good,Working full time,"Independent, close to democrat"
2024,Married,36,16,0,Very happy,Good,Working full time,Strong democrat
2024,Married,65,12,2,Pretty happy,Good,Working full time,Not very strong republican
2024,Married,63,16,2,Pretty happy,Good,Working full time,"Independent, close to democrat"
2024,Never married,61,18,0,Pretty happy,Good,Working full time,"Independent (neither, no response)"
2024,Never married,55,12,6,Pretty happy,Good,"Unemployed, laid off, looking for work","Independent, close to democrat"
2024,Never married,24,11,0,Pretty happy,Excellent,Working part time,"Independent (neither, no response)"
2024,Married,54,16,0,Not too happy,Good,"With a job, but not at work because of temporary illness, vacation, strike",Not very strong democrat
2024,Never married,41,20,0,Very happy,Good,Working full time,Strong democrat
2024,Never married,25,14,0,Pretty happy,Excellent,Working full time,Not very strong democrat
2024,Married,82,16,3,Pretty happy,Good,Retired,Strong democrat
2024,Married,37,18,0,Pretty happy,Excellent,Working full time,"Independent, close to democrat"
2024,Never married,65,12,0,Pretty happy,Excellent,Retired,"Independent, close to republican"
2024,Never married,56,14,0,Pretty happy,Good,Working full time,Strong democrat
2024,Married,72,13,0,Pretty happy,Fair,Working part time,Strong democrat
2024,Married,74,20,0,Very happy,Good,Retired,"Independent (neither, no response)"
2024,Married,55,18,2,Not too happy,Good,Working full time,Not very strong republican
2024,Married,55,18,2,Pretty happy,Good,"With a job, but not at work because of temporary illness, vacation, strike",Strong republican
2024,Married,53,13,1,Pretty happy,Excellent,Working part time,Strong democrat
2024,Divorced,68,16,2,Not too happy,Good,Retired,Strong democrat
2024,Married,48,13,2,Very happy,Excellent,Working full time,Not very strong democrat
2024,Married,66,14,2,Very happy,Good,Retired,Strong democrat
2024,Married,37,13,0,NA,Good,Working full time,"Independent (neither, no response)"
2024,Never married,18,12,0,Pretty happy,Excellent,Working part time,Not very strong republican
2024,Divorced,53,18,1,Pretty happy,Good,Working full time,"Independent, close to democrat"
2024,Never married,20,12,0,Not too happy,Fair,In school,"Independent (neither, no response)"
2024,Divorced,36,17,1,Not too happy,Fair,"Unemployed, laid off, looking for work","Independent (neither, no response)"
2024,Married,61,12,5,Pretty happy,Good,"Unemployed, laid off, looking for work","Independent (neither, no response)"
2024,Married,69,12,3,Pretty happy,Fair,Other,Not very strong republican
2024,Widowed,89,16,3,Pretty happy,Good,Retired,Strong democrat
2024,Widowed,89,10,4,Not too happy,Fair,Retired,Not very strong republican
2024,Widowed,82,12,4,Not too happy,Excellent,Retired,Strong republican
2024,Married,80,16,2,Pretty happy,Excellent,Retired,Strong republican
2024,Divorced,70,18,2,Pretty happy,Good,Retired,Strong democrat
2024,Never married,40,16,1,Pretty happy,Good,Working part time,Not very strong republican
2024,Never married,35,12,0,Very happy,Excellent,Working full time,"Independent (neither, no response)"
2024,Never married,39,12,0,Pretty happy,Fair,Working full time,Not very strong republican
2024,Divorced,64,13,4,Very happy,Fair,Working part time,Not very strong republican
2024,Never married,75,20,0,Not too happy,Good,Working part time,Not very strong republican
2024,Separated,69,17,0,Pretty happy,Good,Retired,Not very strong republican
2024,Married,31,16,0,Very happy,Good,Working full time,"Independent, close to democrat"
2024,Never married,36,16,0,Pretty happy,Excellent,Working full time,"Independent (neither, no response)"
2024,Separated,36,12,0,Not too happy,Excellent,Working full time,Not very strong republican
2024,Married,33,20,0,Very happy,Good,Working full time,Strong democrat
2024,Never married,43,18,0,Pretty happy,Good,Working full time,Strong democrat
2024,Never married,22,16,0,Not too happy,Fair,Working part time,Strong democrat
2024,Married,NA,12,2,Very happy,Excellent,Retired,"Independent (neither, no response)"
2024,Widowed,78,14,0,Pretty happy,Good,Retired,Not very strong republican
2024,Never married,46,18,0,Pretty happy,Excellent,Working full time,Strong republican
2024,Divorced,80,16,2,Pretty happy,Good,Working full time,"Independent (neither, no response)"
2024,Married,65,18,0,Pretty happy,Good,Working part time,Strong democrat
2024,Married,65,14,4,Pretty happy,Good,Keeping house,Strong republican
2024,Married,67,16,3,Pretty happy,Fair,Retired,Not very strong republican
2024,Never married,46,14,0,Pretty happy,Good,Working part time,"Independent, close to republican"
2024,Never married,33,15,0,Not too happy,Excellent,Working full time,Strong republican
2024,Married,46,16,2,Very happy,Excellent,Working full time,"Independent (neither, no response)"
2024,Married,51,16,3,Pretty happy,Good,Working full time,Not very strong republican
2024,Married,49,13,4,Not too happy,Fair,Working full time,"Independent, close to democrat"
2024,Separated,59,12,2,Not too happy,Good,Other,"Independent, close to republican"
2024,Married,48,9,4,Pretty happy,Fair,"Unemployed, laid off, looking for work","Independent (neither, no response)"
2024,Married,57,12,5,Not too happy,Fair,Working full time,"Independent (neither, no response)"
2024,Never married,74,14,0,Pretty happy,Good,Retired,Strong democrat
2024,Married,43,14,2,Pretty happy,Good,Working full time,"Independent, close to democrat"
2024,Married,50,13,6,Very happy,Fair,Working full time,Not very strong republican
2024,Married,52,14,5,Pretty happy,Poor,Working full time,"Independent, close to democrat"
2024,Never married,28,16,1,Very happy,Good,Working full time,"Independent (neither, no response)"
2024,Never married,26,16,0,Pretty happy,Excellent,In school,"Independent, close to republican"
2024,Married,34,14,0,Pretty happy,Good,Working part time,"Independent (neither, no response)"
2024,Never married,48,17,5,Pretty happy,Good,Other,"Independent, close to democrat"
2024,Divorced,64,14,1,Pretty happy,Good,Working part time,"Independent (neither, no response)"
2024,Never married,35,14,0,Pretty happy,Fair,Working full time,"Independent (neither, no response)"
2024,Never married,22,16,0,Not too happy,Good,In school,Strong democrat
2024,Never married,31,16,0,Not too happy,Excellent,In school,Strong democrat
2024,Divorced,56,11,1,Not too happy,Fair,Working full time,"Independent (neither, no response)"
2024,Never married,22,16,0,Pretty happy,Good,Working part time,Strong democrat
2024,Married,65,12,2,Not too happy,Good,Working full time,Not very strong republican
2024,Married,37,14,2,Pretty happy,Good,Working full time,Not very strong democrat
2024,Divorced,81,14,3,Pretty happy,Fair,Retired,"Independent, close to democrat"
2024,Never married,38,13,2,Pretty happy,Good,Working full time,"Independent (neither, no response)"
2024,Never married,66,20,0,Not too happy,Fair,Working full time,"Independent, close to democrat"
2024,Married,41,20,1,Pretty happy,Good,Working full time,Not very strong democrat
2024,Married,49,17,0,Very happy,Good,Keeping house,Not very strong democrat
2024,Divorced,76,18,1,Pretty happy,Good,Retired,"Independent, close to republican"
2024,Married,28,17,0,Very happy,Good,Working full time,Not very strong republican
2024,Married,37,18,1,Pretty happy,Good,Working full time,Strong democrat
2024,Divorced,46,12,3,Pretty happy,Good,Working full time,Not very strong republican
2024,Widowed,85,14,2,Pretty happy,Fair,Retired,"Independent (neither, no response)"
2024,Never married,25,16,0,Pretty happy,Good,Working full time,Not very strong republican
2024,Widowed,67,17,1,Not too happy,Good,Retired,Strong democrat
2024,Divorced,52,12,2,Pretty happy,Fair,Other,Not very strong republican
2024,Widowed,58,11,5,Not too happy,Poor,Other,Not very strong democrat
2024,Separated,67,15,7,Pretty happy,Good,Keeping house,Strong democrat
2024,Divorced,60,16,1,Very happy,Good,Working full time,Strong democrat
2024,Never married,26,12,3,Pretty happy,Good,In school,"Independent (neither, no response)"
2024,Divorced,45,12,3,Not too happy,Fair,Working full time,Not very strong republican
2024,Never married,43,17,1,Not too happy,Fair,Working full time,Not very strong republican
2024,Never married,53,18,0,Pretty happy,Good,NA,Strong democrat
2024,Never married,26,7,0,Not too happy,Good,Working full time,Not very strong democrat
2024,Never married,69,12,1,Not too happy,Fair,Retired,Strong democrat
2024,Never married,63,16,0,Pretty happy,Good,Retired,Strong republican
2024,Married,32,14,1,Pretty happy,Fair,Working full time,Strong democrat
2024,Married,67,18,0,Pretty happy,Excellent,Retired,Other party
2024,Never married,53,12,0,Pretty happy,Good,Keeping house,Strong republican
2024,Widowed,76,13,1,Pretty happy,Good,Retired,Strong democrat
2024,Never married,46,9,0,Pretty happy,Fair,Retired,Strong republican
2024,Never married,47,14,0,Pretty happy,Fair,Working full time,Strong democrat
2024,Never married,29,16,0,Pretty happy,Excellent,In school,Strong democrat
2024,Never married,22,18,0,Pretty happy,Good,In school,Strong democrat
2024,Never married,19,14,0,Pretty happy,Good,Working part time,"Independent, close to democrat"
2024,Never married,36,19,0,Pretty happy,Good,Working full time,"Independent, close to democrat"
2024,Never married,NA,16,NA,Not too happy,Fair,Working full time,Strong democrat
2024,Divorced,33,13,3,Not too happy,Fair,Other,"Independent, close to republican"
2024,Never married,21,16,0,Very happy,Excellent,Working full time,Strong republican
2024,Married,NA,12,3,Very happy,Good,Working full time,"Independent, close to democrat"
2024,Married,38,18,0,Pretty happy,Good,Working full time,Strong democrat
2024,Married,65,16,0,Pretty happy,Excellent,Keeping house,Strong democrat
2024,Never married,19,12,0,Pretty happy,Excellent,Keeping house,Strong democrat
2024,Never married,33,16,0,Not too happy,Excellent,Working full time,"Independent, close to democrat"
2024,Never married,37,20,0,Pretty happy,Good,Working full time,Strong democrat
2024,Never married,75,16,0,Pretty happy,Good,Retired,Not very strong democrat
2024,Married,73,14,1,Pretty happy,Good,Retired,Strong republican
2024,Divorced,54,12,0,Very happy,Good,Working full time,"Independent (neither, no response)"
2024,Married,68,13,1,Very happy,Excellent,Retired,"Independent, close to democrat"
2024,Never married,19,13,0,Pretty happy,Excellent,Working part time,Not very strong republican
2024,Married,37,16,2,Pretty happy,Excellent,Retired,"Independent, close to republican"
2024,Never married,36,9,4,Pretty happy,Good,"Unemployed, laid off, looking for work","Independent (neither, no response)"
2024,Divorced,67,9,4,Not too happy,Fair,Retired,Not very strong democrat
2024,Married,58,14,2,Very happy,Good,Working full time,Not very strong republican
2024,Divorced,88,12,3,Not too happy,Poor,Retired,"Independent (neither, no response)"
2024,Separated,46,14,2,Pretty happy,Good,Working full time,"Independent, close to democrat"
2024,Never married,35,18,0,Pretty happy,Good,Working full time,"Independent, close to democrat"
2024,Divorced,46,14,2,Pretty happy,Good,Working full time,Not very strong democrat
2024,Never married,61,16,0,Very happy,Fair,Retired,Strong democrat
2024,Divorced,43,12,7,Pretty happy,Poor,Working part time,"Independent (neither, no response)"
2024,Divorced,62,13,4,Pretty happy,Excellent,Working part time,"Independent, close to republican"
2024,Married,49,16,2,Pretty happy,Excellent,Working full time,Strong democrat
2024,Never married,20,12,0,Not too happy,Good,In school,"Independent (neither, no response)"
2024,Married,NA,12,0,Pretty happy,Good,Working full time,"Independent (neither, no response)"
2024,Never married,27,17,0,Not too happy,Excellent,Working full time,"Independent, close to republican"
2024,Married,46,18,2,Pretty happy,Good,Working full time,Not very strong democrat
2024,Never married,25,10,0,Pretty happy,Good,"Unemployed, laid off, looking for work",Not very strong democrat
2024,Never married,63,16,0,Pretty happy,Good,Working part time,Not very strong democrat
2024,Married,60,16,2,Very happy,Good,Working part time,Not very strong republican
2024,Married,74,16,0,Pretty happy,Fair,Retired,NA
2024,Married,50,8,8,Not too happy,Fair,Working part time,"Independent, close to republican"
2024,Never married,18,14,0,Pretty happy,Good,"With a job, but not at work because of temporary illness, vacation, strike","Independent, close to democrat"
2024,Never married,42,14,1,Not too happy,Fair,Working part time,Not very strong republican
2024,Divorced,49,20,1,Not too happy,Fair,Working full time,"Independent (neither, no response)"
2024,Married,30,17,0,Pretty happy,Good,Working full time,"Independent, close to republican"
2024,Never married,44,12,0,Pretty happy,Good,Working full time,"Independent (neither, no response)"
2024,Divorced,59,16,0,Pretty happy,Good,Working full time,"Independent, close to democrat"
2024,Divorced,41,15,2,Not too happy,Fair,"With a job, but not at work because of temporary illness, vacation, strike","Independent (neither, no response)"
2024,Married,48,15,0,Very happy,Excellent,Working full time,Strong democrat
2024,Divorced,46,16,2,Pretty happy,Good,Working full time,Not very strong democrat
2024,Divorced,43,13,2,Pretty happy,Good,Working full time,Not very strong democrat
2024,Never married,26,12,0,Pretty happy,Good,Working full time,"Independent (neither, no response)"
2024,Divorced,65,12,0,Pretty happy,Fair,"Unemployed, laid off, looking for work","Independent (neither, no response)"
2024,Married,77,15,0,Not too happy,Poor,Retired,"Independent, close to republican"
2024,Divorced,59,12,0,Pretty happy,Good,"Unemployed, laid off, looking for work","Independent (neither, no response)"
2024,Never married,54,0,0,Not too happy,Fair,Keeping house,"Independent, close to democrat"
2024,Divorced,54,0,0,Very happy,Fair,"Unemployed, laid off, looking for work",Not very strong republican
2024,Married,63,13,4,Very happy,Poor,Working part time,Strong republican
2024,Divorced,61,13,1,Pretty happy,Fair,Other,"Independent (neither, no response)"
2024,Divorced,46,16,3,Very happy,Excellent,Working full time,Strong republican
2024,Divorced,NA,16,0,Pretty happy,Good,Working part time,NA
2024,Married,31,16,2,Not too happy,Fair,Keeping house,Strong republican
2024,Never married,36,14,0,Pretty happy,Fair,Working full time,"Independent, close to republican"
2024,Married,42,16,2,Pretty happy,Good,Working full time,Not very strong democrat
2024,Married,NA,20,0,Pretty happy,Good,Retired,Not very strong democrat
2024,Never married,29,13,2,Pretty happy,Good,Working full time,Not very strong republican
2024,Married,29,13,4,Pretty happy,Good,Keeping house,Not very strong republican
2024,Married,38,16,2,Pretty happy,Good,Keeping house,Not very strong republican
2024,Never married,47,16,1,Pretty happy,Good,Working full time,"Independent, close to democrat"
2024,Widowed,74,12,3,Pretty happy,Good,Retired,Strong republican
2024,Never married,41,14,0,Not too happy,Good,Working full time,Not very strong republican
2024,Never married,48,14,0,Pretty happy,Fair,"Unemployed, laid off, looking for work","Independent, close to republican"
2024,Separated,48,15,1,Pretty happy,Good,Working full time,"Independent, close to democrat"
2024,Married,48,18,0,Pretty happy,Excellent,Working full time,Strong republican
2024,Never married,62,16,0,Pretty happy,Good,Retired,"Independent, close to democrat"
2024,Never married,32,14,2,Pretty happy,Good,Working full time,"Independent, close to republican"
2024,Never married,29,15,0,Pretty happy,Good,Working full time,Other party
2024,Never married,21,14,0,Pretty happy,Excellent,Working full time,Not very strong republican
2024,Never married,33,16,0,Pretty happy,Fair,Working full time,"Independent (neither, no response)"
2024,Never married,59,14,0,Very happy,Fair,Working part time,Strong republican
2024,Married,36,14,3,Very happy,Excellent,Working full time,Not very strong republican
2024,Married,73,18,4,Very happy,Good,Retired,Strong republican
2024,Married,47,20,0,Not too happy,Good,Working full time,"Independent (neither, no response)"
2024,Married,42,16,2,Pretty happy,Fair,Working full time,Strong republican
2024,Married,61,20,0,Pretty happy,Excellent,Working full time,"Independent, close to democrat"
2024,Married,52,12,0,Pretty happy,Fair,Working full time,Not very strong republican
2024,Married,28,8,1,Very happy,Excellent,Working full time,"Independent (neither, no response)"
2024,Never married,30,12,2,Not too happy,Good,Keeping house,Not very strong republican
2024,Never married,31,14,0,Pretty happy,Good,Working full time,"Independent (neither, no response)"
2024,Widowed,68,16,0,Not too happy,Poor,Retired,Strong democrat
2024,Widowed,67,13,2,Not too happy,Good,Working part time,"Independent (neither, no response)"
2024,Widowed,74,16,2,Not too happy,Good,Retired,"Independent, close to republican"
2024,Married,NA,16,2,Pretty happy,Fair,Keeping house,"Independent, close to republican"
2024,Married,51,14,1,Pretty happy,Good,Keeping house,Strong republican
2024,Never married,34,14,0,Pretty happy,Poor,Other,Strong democrat
2024,Married,36,15,2,Pretty happy,Good,Working full time,Strong republican
2024,Never married,32,17,0,Not too happy,Fair,Working full time,Not very strong democrat
2024,Divorced,63,15,1,Pretty happy,Good,Retired,"Independent, close to democrat"
2024,Never married,31,15,0,Pretty happy,Excellent,Working full time,"Independent (neither, no response)"
2024,Never married,42,20,0,Very happy,Good,Working full time,Strong democrat
2024,Never married,34,NA,5,Not too happy,Good,Working full time,"Independent (neither, no response)"
2024,Never married,27,8,0,Not too happy,Fair,Working full time,Strong democrat
2024,Divorced,73,13,1,Pretty happy,Fair,Working part time,Strong republican
2024,Separated,46,14,8,Pretty happy,Fair,Keeping house,"Independent (neither, no response)"
2024,Never married,NA,NA,2,Pretty happy,Fair,Other,"Independent (neither, no response)"
2024,Never married,44,14,1,Pretty happy,Good,Other,"Independent (neither, no response)"
2024,Divorced,40,16,3,Not too happy,Good,Keeping house,Not very strong democrat
2024,Never married,34,17,0,Very happy,Good,Working full time,Strong republican
2024,Never married,32,13,0,Pretty happy,Excellent,Working full time,Strong republican
2024,Never married,25,15,0,Not too happy,Excellent,In school,"Independent, close to republican"
2024,Never married,50,16,0,Pretty happy,Poor,Other,Strong democrat
2024,Divorced,58,16,1,Pretty happy,Fair,Working full time,Not very strong republican
2024,Never married,24,18,0,Pretty happy,Good,Working part time,Other party
2024,Married,59,16,2,Not too happy,Excellent,Working part time,Not very strong republican
2024,Divorced,36,18,0,Pretty happy,Good,Working full time,Strong democrat
2024,Never married,22,12,0,Pretty happy,Fair,Working full time,Not very strong democrat
2024,Widowed,71,17,5,Not too happy,Good,Retired,Not very strong republican
2024,Married,53,15,2,Pretty happy,Fair,Working full time,Strong republican
2024,Married,36,14,1,Not too happy,Good,Working full time,Not very strong republican
2024,Never married,18,12,0,Not too happy,Good,"Unemployed, laid off, looking for work","Independent (neither, no response)"
2024,Married,46,13,1,Very happy,Good,Working full time,Not very strong republican
2024,Married,19,14,0,Pretty happy,Good,Keeping house,"Independent, close to republican"
2024,Never married,33,15,0,Not too happy,Excellent,Working full time,Strong republican
2024,Widowed,49,13,3,Not too happy,Good,Working full time,"Independent (neither, no response)"
2024,Married,66,20,1,Pretty happy,Fair,Retired,"Independent (neither, no response)"
2024,Married,64,12,0,Very happy,Good,Working full time,"Independent (neither, no response)"
2024,Married,38,16,2,Pretty happy,Good,Working full time,Not very strong democrat
2024,Married,41,20,2,Pretty happy,Excellent,Working full time,Not very strong republican
2024,Married,37,14,4,Not too happy,Good,Working full time,Strong republican
2024,Married,42,18,2,Very happy,Excellent,Working full time,Strong republican
2024,Widowed,83,12,4,Pretty happy,Fair,Retired,Strong democrat
2024,Married,NA,16,0,Very happy,Fair,Working full time,"Independent (neither, no response)"
2024,Married,66,14,2,Not too happy,Good,Working full time,Not very strong democrat
2024,Married,55,19,4,Pretty happy,Good,Working full time,"Independent (neither, no response)"
2024,Married,39,17,0,Very happy,Excellent,Working full time,Not very strong democrat
2024,Divorced,60,18,4,Very happy,Good,Working full time,Not very strong republican
2024,Never married,63,12,0,Pretty happy,Excellent,Working full time,NA
2024,Married,56,16,2,Very happy,Excellent,Keeping house,Strong republican
2024,Divorced,38,14,1,Pretty happy,Good,Working full time,"Independent, close to republican"
2024,Married,53,19,2,Not too happy,Good,Working full time,"Independent (neither, no response)"
2024,Married,60,16,3,Very happy,Good,Working full time,"Independent (neither, no response)"
2024,Married,36,16,3,Pretty happy,Excellent,Working full time,Not very strong democrat
2024,Married,53,13,3,Pretty happy,Good,Working full time,"Independent (neither, no response)"
2024,Married,56,16,2,Very happy,Excellent,Working full time,"Independent, close to democrat"
2024,Married,65,16,2,Very happy,Excellent,Working full time,"Independent, close to democrat"
2024,Never married,24,16,0,Pretty happy,Good,Working full time,Strong democrat
2024,Married,42,18,2,Very happy,Excellent,Working full time,"Independent, close to democrat"
2024,Married,36,16,3,Pretty happy,Good,Working full time,"Independent, close to democrat"
2024,Married,51,12,1,Pretty happy,Good,Working full time,"Independent (neither, no response)"
2024,Divorced,53,15,2,Pretty happy,Fair,Working full time,Strong democrat
2024,Married,51,15,2,Pretty happy,Good,Working full time,"Independent, close to democrat"
2024,Married,NA,16,3,Not too happy,Good,Working full time,Not very strong republican
2024,Never married,44,14,0,Pretty happy,Excellent,Working full time,Not very strong democrat
2024,Married,38,16,2,Pretty happy,Good,Working full time,Not very strong republican
2024,Never married,18,12,0,Pretty happy,Good,Working part time,Not very strong republican
2024,Married,41,16,2,Pretty happy,Fair,Working part time,"Independent, close to republican"
2024,Never married,34,13,0,Not too happy,Fair,NA,Strong republican
2024,Never married,21,11,0,Pretty happy,Fair,"Unemployed, laid off, looking for work","Independent (neither, no response)"
2024,Never married,31,16,0,Pretty happy,Good,Working full time,"Independent (neither, no response)"
2024,Never married,27,16,0,Pretty happy,Good,Working full time,Other party
2024,Divorced,73,16,0,Pretty happy,Good,Retired,Strong democrat
2024,Never married,35,18,0,Very happy,Excellent,"With a job, but not at work because of temporary illness, vacation, strike",Not very strong democrat
2024,Married,31,16,0,Very happy,Good,Working full time,Strong democrat
2024,Never married,55,16,0,Pretty happy,Good,Working full time,Strong republican
2024,Never married,39,10,0,Pretty happy,Poor,Working full time,Strong democrat
2024,Married,70,12,6,Pretty happy,Good,Working full time,"Independent (neither, no response)"
2024,Never married,33,16,0,Pretty happy,Good,Working full time,Not very strong republican
2024,Married,43,18,3,Very happy,Good,Working full time,"Independent (neither, no response)"
2024,Married,73,14,4,Pretty happy,Fair,Retired,"Independent (neither, no response)"
2024,Married,58,17,6,Pretty happy,Good,Working full time,Not very strong republican
2024,Married,69,12,2,Pretty happy,Excellent,Retired,Not very strong republican
2024,Married,76,20,2,Pretty happy,Good,Retired,Strong democrat
2024,Married,58,14,2,Very happy,Fair,Working full time,Strong republican
2024,Married,64,12,3,Very happy,Good,Retired,Not very strong republican
2024,Widowed,69,12,2,Pretty happy,Good,Retired,Strong democrat
2024,Married,68,14,2,Very happy,Good,Retired,Strong republican
2024,Never married,18,11,0,Very happy,Excellent,In school,"Independent (neither, no response)"
2024,Widowed,85,13,4,Pretty happy,Good,Working part time,Not very strong republican
2024,Never married,74,16,0,Not too happy,Good,Retired,Strong democrat
2024,Separated,38,20,1,Pretty happy,Good,Working full time,"Independent (neither, no response)"
2024,Married,85,12,4,Pretty happy,Fair,Working part time,NA
2024,Married,40,20,3,Not too happy,Fair,Working part time,Not very strong republican
2024,Married,31,16,1,Very happy,Good,Working full time,"Independent (neither, no response)"
2024,Never married,71,16,0,Very happy,Good,Retired,"Independent (neither, no response)"
2024,Married,33,17,2,Pretty happy,Good,Working full time,Not very strong republican
2024,Divorced,55,16,2,Pretty happy,Good,Working full time,Not very strong democrat
2024,Married,60,20,0,Pretty happy,Excellent,Retired,Strong democrat
2024,Married,44,19,2,Very happy,Excellent,Keeping house,Strong democrat
2024,Married,51,16,2,Pretty happy,Good,Working full time,Strong democrat
2024,Married,70,18,3,Not too happy,Good,Retired,"Independent, close to republican"
2024,Married,39,16,1,Very happy,Excellent,"With a job, but not at work because of temporary illness, vacation, strike",Strong democrat
2024,Married,42,18,2,Pretty happy,Good,Working full time,Strong democrat
2024,Separated,51,16,5,Pretty happy,Good,Working part time,Not very strong republican
2024,Married,33,16,2,Not too happy,Good,Working full time,Strong republican
2024,Married,45,14,3,Pretty happy,Good,Working full time,"Independent, close to republican"
2024,Married,73,17,2,Not too happy,Fair,Working part time,Strong republican
2024,Married,40,16,2,Not too happy,Poor,Keeping house,Strong republican
2024,Never married,19,12,0,Pretty happy,Excellent,"Unemployed, laid off, looking for work","Independent (neither, no response)"
2024,Married,37,18,1,Very happy,Excellent,Working full time,Not very strong republican
2024,Married,39,19,1,Very happy,Good,Working part time,Not very strong democrat
2024,Married,41,16,2,Pretty happy,Good,Working full time,"Independent (neither, no response)"
2024,Never married,19,14,0,Pretty happy,Excellent,In school,"Independent, close to democrat"
2024,Married,36,14,2,Pretty happy,Good,Working full time,"Independent, close to democrat"
2024,Never married,36,12,0,Pretty happy,Good,Working full time,Strong republican
2024,Widowed,69,13,1,Pretty happy,Good,Retired,Strong democrat
2024,Married,45,12,3,Pretty happy,Fair,Working full time,Strong republican
2024,Never married,31,16,0,Very happy,Good,Working full time,Not very strong democrat
2024,Never married,28,17,0,Pretty happy,Excellent,Working full time,"Independent (neither, no response)"
2024,Never married,22,16,0,Pretty happy,Excellent,Working full time,"Independent (neither, no response)"
2024,Never married,26,16,0,Very happy,Good,Working full time,Not very strong republican
2024,Never married,23,16,0,Not too happy,Poor,Working full time,Not very strong republican
2024,Married,78,16,3,Very happy,Good,Working full time,Strong republican
2024,Never married,38,15,0,Not too happy,Excellent,Working full time,"Independent (neither, no response)"
2024,Separated,61,12,7,Not too happy,Fair,Retired,Strong democrat
2024,Never married,39,17,0,Pretty happy,Good,Working full time,Other party
2024,Never married,20,12,0,Pretty happy,Fair,Working full time,Strong republican
2024,Widowed,NA,NA,NA,Not too happy,Fair,Other,NA
2024,Never married,31,12,2,Not too happy,Good,Working full time,"Independent (neither, no response)"
2024,Never married,20,8,1,Very happy,Good,Keeping house,Not very strong republican
2024,Separated,33,11,7,Pretty happy,Good,"With a job, but not at work because of temporary illness, vacation, strike","Independent (neither, no response)"
2024,Married,39,12,4,Very happy,Fair,"Unemployed, laid off, looking for work","Independent, close to democrat"
2024,Married,48,18,0,Not too happy,Excellent,Working full time,"Independent, close to democrat"
2024,Married,67,19,0,Pretty happy,Good,Retired,"Independent, close to democrat"
2024,Divorced,45,12,2,Pretty happy,Excellent,Working full time,"Independent (neither, no response)"
2024,Married,33,16,2,Pretty happy,Excellent,"With a job, but not at work because of temporary illness, vacation, strike","Independent, close to democrat"
2024,Married,32,15,0,Pretty happy,Fair,Working full time,"Independent, close to democrat"
2024,Never married,31,9,4,Very happy,Excellent,Keeping house,"Independent (neither, no response)"
2024,Divorced,71,4,8,Very happy,Fair,Keeping house,"Independent (neither, no response)"
2024,Never married,59,16,0,Pretty happy,Good,Working full time,Not very strong democrat
2024,Divorced,36,17,0,Not too happy,Fair,Working full time,"Independent, close to democrat"
2024,Never married,30,16,0,Very happy,Excellent,Working full time,Strong democrat
2024,Married,64,16,2,Pretty happy,Excellent,Working part time,Strong democrat
2024,Never married,21,14,0,Pretty happy,Fair,Working full time,"Independent (neither, no response)"
2024,Married,37,16,2,Very happy,Excellent,Keeping house,"Independent, close to democrat"
2024,Married,44,20,4,Pretty happy,Good,Working full time,Strong democrat
2024,Never married,NA,13,0,NA,Good,Working full time,Not very strong democrat
2024,Never married,33,16,0,Pretty happy,Good,Working full time,Strong democrat
2024,Divorced,77,18,3,Pretty happy,Excellent,Working part time,Strong republican
2024,Never married,NA,14,2,Pretty happy,NA,Working part time,Not very strong republican
2024,Widowed,75,17,3,Pretty happy,Good,Keeping house,"Independent (neither, no response)"
2024,Married,51,6,3,Pretty happy,Good,Working full time,"Independent (neither, no response)"
2024,Divorced,53,14,0,Very happy,Excellent,Working full time,Not very strong republican
2024,Married,37,17,1,Pretty happy,Good,Working full time,Strong republican
2024,Divorced,73,15,2,Pretty happy,Fair,Other,Strong republican
2024,Never married,31,16,2,Not too happy,Excellent,In school,Strong republican
2024,Married,35,17,3,Pretty happy,Good,Working full time,"Independent, close to democrat"
2024,Married,NA,19,1,Not too happy,Good,Retired,Strong democrat
2024,Married,NA,16,NA,Pretty happy,Good,Working full time,"Independent (neither, no response)"
2024,Never married,20,15,0,Pretty happy,Good,In school,Not very strong democrat
2024,Married,44,20,1,Pretty happy,Excellent,Working full time,"Independent, close to democrat"
2024,Never married,30,20,0,Pretty happy,Fair,In school,"Independent (neither, no response)"
2024,Married,39,15,2,Very happy,Excellent,Working full time,Strong democrat
2024,Married,35,16,0,Very happy,Good,Keeping house,Not very strong democrat
2024,Divorced,89,18,5,Pretty happy,Excellent,Retired,"Independent (neither, no response)"
2024,Married,46,16,1,Very happy,Good,Working full time,"Independent, close to republican"
2024,Divorced,72,16,2,Pretty happy,Excellent,Retired,Strong democrat
2024,Divorced,50,12,2,Very happy,Fair,Retired,"Independent (neither, no response)"
2024,Widowed,71,12,3,Very happy,Good,Retired,Strong democrat
2024,Married,85,14,1,Very happy,Excellent,Retired,"Independent, close to democrat"
2024,Divorced,45,16,0,Pretty happy,Fair,Keeping house,Not very strong democrat
2024,Married,70,16,2,Pretty happy,Good,Retired,Strong democrat
2024,Divorced,82,12,2,Very happy,Excellent,Retired,"Independent (neither, no response)"
2024,Married,60,16,0,Pretty happy,NA,Working full time,Strong democrat
2024,Widowed,85,16,3,Pretty happy,Good,Retired,"Independent (neither, no response)"
2024,Divorced,40,17,1,Pretty happy,Good,Keeping house,"Independent, close to democrat"
2024,Married,44,19,0,Not too happy,Good,Working full time,Strong democrat
2024,Married,36,14,4,Very happy,Excellent,In school,"Independent (neither, no response)"
2024,Married,79,12,1,Not too happy,Good,Retired,Strong democrat
2024,Married,45,14,8,Very happy,Good,Working full time,Other party
2024,Never married,39,20,0,Pretty happy,Good,Working full time,Not very strong democrat
2024,Never married,46,12,3,Very happy,Excellent,Working full time,Not very strong democrat
2024,Married,63,16,2,Pretty happy,Good,Working full time,Strong democrat
2024,Divorced,58,18,2,Not too happy,Good,Retired,Strong democrat
2024,Divorced,68,13,1,Not too happy,Excellent,Retired,Not very strong republican
2024,Married,80,17,2,Pretty happy,Good,Retired,Strong democrat
2024,Widowed,77,12,1,Very happy,Good,Keeping house,Other party
2024,Never married,32,17,0,Not too happy,Fair,"With a job, but not at work because of temporary illness, vacation, strike",Not very strong democrat
2024,Married,39,18,1,Very happy,Good,"With a job, but not at work because of temporary illness, vacation, strike",Strong democrat
2024,Divorced,37,18,0,Very happy,Good,Working full time,Not very strong democrat
2024,Divorced,79,18,3,Very happy,Fair,Retired,Strong democrat
2024,Married,83,15,4,Not too happy,Good,Retired,"Independent, close to democrat"
2024,Never married,60,14,0,Pretty happy,Good,Keeping house,Not very strong democrat
2024,Divorced,80,12,1,Pretty happy,Fair,Working full time,Not very strong democrat
2024,Married,65,15,2,Pretty happy,Excellent,Keeping house,"Independent (neither, no response)"
2024,Married,42,17,2,Not too happy,Good,Working full time,"Independent, close to democrat"
2024,Never married,89,18,0,Pretty happy,Fair,Retired,Strong democrat
2024,Married,64,16,2,Pretty happy,Excellent,Retired,Strong democrat
2024,Married,34,16,1,Pretty happy,Good,Keeping house,Not very strong democrat
2024,Married,67,14,4,Not too happy,Good,Working full time,Not very strong republican
2024,Married,76,16,0,Pretty happy,Fair,Retired,"Independent, close to democrat"
2024,Never married,27,12,0,Not too happy,Excellent,Working full time,Not very strong republican
2024,Separated,41,14,2,Pretty happy,Excellent,"Unemployed, laid off, looking for work","Independent (neither, no response)"
2024,Married,53,17,0,Pretty happy,Good,Working full time,"Independent, close to republican"
2024,Married,55,13,2,Pretty happy,Fair,Working full time,Not very strong republican
2024,Married,46,14,3,Very happy,Good,Working part time,Strong republican
2024,Never married,40,14,4,Pretty happy,Excellent,"Unemployed, laid off, looking for work",Other party
2024,Married,47,16,0,Pretty happy,Good,Working full time,Strong democrat
2024,Married,36,14,3,Pretty happy,Excellent,Working part time,Strong republican
2024,Married,35,16,3,Very happy,Excellent,Keeping house,"Independent (neither, no response)"
2024,Never married,42,16,2,NA,Poor,"Unemployed, laid off, looking for work",NA
2024,Divorced,72,14,3,Very happy,Good,Working full time,Strong democrat
2024,Never married,45,10,4,Not too happy,Fair,"Unemployed, laid off, looking for work","Independent (neither, no response)"
2024,Married,70,16,1,Pretty happy,Good,Working part time,"Independent, close to republican"
2024,Never married,27,14,0,Pretty happy,Good,Working full time,"Independent, close to democrat"
2024,Never married,25,15,0,Very happy,Excellent,Working full time,Not very strong republican
2024,Married,53,18,4,Not too happy,Excellent,Working full time,Strong republican
2024,Married,52,19,2,Pretty happy,Good,Working full time,"Independent (neither, no response)"
2024,Married,32,16,1,Pretty happy,Good,Working full time,Not very strong democrat
2024,Married,74,12,1,Very happy,Fair,Retired,Strong democrat
2024,Never married,24,12,0,Not too happy,Excellent,Working full time,"Independent, close to republican"
2024,Never married,30,16,0,Pretty happy,Good,Working full time,Strong republican
2024,Never married,30,16,0,Not too happy,Excellent,Working full time,Other party
2024,Never married,31,12,1,Not too happy,Good,Working full time,"Independent (neither, no response)"
2024,Married,86,18,1,Pretty happy,Good,Retired,"Independent (neither, no response)"
2024,Widowed,89,12,2,Pretty happy,Fair,Retired,Strong democrat
2024,Divorced,50,18,2,Not too happy,Good,"Unemployed, laid off, looking for work",Strong democrat
2024,Never married,45,13,2,Pretty happy,Good,Keeping house,"Independent (neither, no response)"
2024,Married,42,16,1,Not too happy,Good,Working full time,"Independent (neither, no response)"
2024,Widowed,58,14,2,Not too happy,Good,Working full time,"Independent, close to democrat"
2024,Divorced,41,14,2,Pretty happy,Good,Working full time,Strong republican
2024,Divorced,33,14,1,Not too happy,Good,Keeping house,Not very strong republican
2024,Divorced,63,12,1,Not too happy,Good,Retired,Strong republican
2024,Married,68,12,3,Pretty happy,Good,Working part time,"Independent, close to democrat"
2024,Married,60,13,3,Pretty happy,Excellent,Working full time,Not very strong republican
2024,Married,54,12,0,Not too happy,Excellent,Working full time,"Independent, close to republican"
2024,Married,55,16,2,Pretty happy,Good,Working full time,Strong republican
2024,Never married,47,20,3,Very happy,Excellent,Retired,Other party
2024,Divorced,75,12,4,Pretty happy,Fair,Retired,Strong republican
2024,Divorced,38,15,0,Not too happy,Good,Retired,"Independent, close to democrat"
2024,Divorced,42,15,1,Pretty happy,Good,Keeping house,"Independent (neither, no response)"
2024,Married,39,8,5,Pretty happy,Fair,Keeping house,"Independent (neither, no response)"
2024,Married,73,14,3,Very happy,Excellent,Retired,Strong democrat
2024,Never married,55,2,4,Very happy,Excellent,"Unemployed, laid off, looking for work",Strong republican
2024,Married,48,5,2,Very happy,Good,Working full time,Not very strong democrat
2024,Married,37,18,0,Pretty happy,Fair,Working full time,"Independent (neither, no response)"
2024,Married,59,14,0,Not too happy,Fair,Working full time,"Independent, close to democrat"
2024,Widowed,80,14,2,Not too happy,Good,Retired,"Independent, close to democrat"
2024,Married,55,12,2,Pretty happy,Good,Working part time,"Independent (neither, no response)"
2024,Never married,24,12,0,Very happy,Excellent,Working full time,"Independent (neither, no response)"
2024,Divorced,59,14,1,Very happy,Good,Working full time,Strong democrat
2024,Never married,38,12,1,Pretty happy,Fair,Working full time,Strong republican
2024,Married,54,16,3,Very happy,Good,Working full time,Strong republican
2024,Married,59,12,2,Very happy,Good,Retired,"Independent, close to democrat"
2024,Married,64,16,0,Pretty happy,Good,Working full time,Other party
2024,Divorced,35,18,1,Pretty happy,Good,Working full time,Strong republican
2024,Married,67,16,3,Very happy,Good,Retired,Not very strong republican
2024,Divorced,60,14,1,Not too happy,Excellent,Working full time,"Independent, close to republican"
2024,Divorced,35,12,0,Very happy,Fair,Working full time,Not very strong republican
2024,Never married,43,14,1,Not too happy,Poor,Working part time,"Independent (neither, no response)"
2024,Separated,49,15,5,Very happy,Good,Other,Strong democrat
2024,Never married,79,14,1,Not too happy,Fair,Retired,Strong democrat
2024,Never married,64,12,7,Pretty happy,Fair,Working part time,Strong democrat
2024,Divorced,69,13,2,Very happy,Good,Working part time,Strong democrat
2024,Never married,48,13,6,Not too happy,Fair,Working full time,"Independent (neither, no response)"
2024,Never married,21,12,1,Very happy,Excellent,Working full time,"Independent (neither, no response)"
2024,Never married,44,12,2,Not too happy,Fair,Working full time,"Independent, close to democrat"
2024,Never married,40,11,2,Not too happy,Fair,Working part time,"Independent (neither, no response)"
2024,Married,28,8,3,Very happy,Excellent,Keeping house,"Independent (neither, no response)"
2024,Never married,41,12,0,Not too happy,Fair,Working full time,"Independent (neither, no response)"
2024,Separated,78,15,8,Pretty happy,Good,Retired,Not very strong democrat
2024,Never married,NA,11,1,Very happy,Excellent,Other,"Independent (neither, no response)"
2024,Never married,89,10,3,Pretty happy,Good,Retired,Strong democrat
2024,Widowed,56,15,6,Pretty happy,Good,Working full time,"Independent, close to democrat"
2024,Never married,45,16,1,Pretty happy,Good,Working full time,Not very strong democrat
2024,Never married,55,6,4,Pretty happy,Poor,Working full time,Strong democrat
2024,Married,64,14,0,Pretty happy,Good,Working full time,Strong democrat
2024,Never married,66,7,2,Pretty happy,Excellent,Keeping house,"Independent (neither, no response)"
2024,Married,32,12,5,Pretty happy,Good,Working part time,"Independent (neither, no response)"
2024,Separated,41,11,2,Pretty happy,Good,Working full time,"Independent (neither, no response)"
2024,Never married,56,10,0,Not too happy,Excellent,Working full time,Strong democrat
2024,Never married,57,15,0,Pretty happy,Good,Working full time,Strong democrat
2024,Married,39,16,2,Very happy,Good,Keeping house,"Independent (neither, no response)"
2024,Married,64,16,1,Very happy,Good,Working full time,"Independent (neither, no response)"
2024,Never married,18,12,0,Pretty happy,Good,In school,Not very strong democrat
2024,Separated,48,16,0,Pretty happy,Good,Working full time,Not very strong republican
2024,Married,47,12,2,Pretty happy,Fair,Working full time,"Independent, close to democrat"
2024,Widowed,68,16,3,Not too happy,Excellent,Retired,"Independent, close to democrat"
2024,Married,65,14,1,NA,Excellent,Working full time,"Independent, close to republican"
2024,Never married,28,8,0,Not too happy,Fair,"Unemployed, laid off, looking for work","Independent, close to democrat"
2024,Married,48,8,3,Very happy,Poor,Working full time,Not very strong republican
2024,Divorced,67,14,2,Pretty happy,Good,Retired,Strong republican
2024,Married,28,13,2,Pretty happy,Good,Keeping house,Not very strong republican
2024,Widowed,66,12,0,Pretty happy,Good,Retired,Strong republican
2024,Married,25,12,0,Very happy,Good,Working full time,"Independent (neither, no response)"
2024,Married,50,12,2,Pretty happy,Good,Working full time,Strong republican
2024,Never married,20,12,0,Pretty happy,Excellent,Other,"Independent (neither, no response)"
2024,Widowed,89,12,4,Pretty happy,Fair,Keeping house,Strong republican
2024,Married,60,12,2,Very happy,Good,Keeping house,Strong republican
2024,Married,59,15,3,Very happy,Good,Working full time,Strong republican
2024,Never married,21,11,0,Not too happy,Good,Working part time,"Independent, close to democrat"
2024,Divorced,56,17,1,Pretty happy,Good,Working full time,"Independent, close to democrat"
2024,Divorced,66,16,1,Pretty happy,Excellent,Working full time,"Independent (neither, no response)"
2024,Married,37,18,0,Pretty happy,Good,Retired,"Independent, close to democrat"
2024,Married,85,12,3,Pretty happy,Good,Retired,Strong democrat
2024,Divorced,68,16,2,Pretty happy,Poor,Retired,"Independent, close to democrat"
2024,Never married,NA,17,0,Not too happy,Good,Retired,"Independent (neither, no response)"
2024,Never married,61,16,0,Pretty happy,Good,Working full time,Strong democrat
2024,Separated,37,18,1,Not too happy,Good,Working full time,"Independent (neither, no response)"
2024,Widowed,69,12,3,Pretty happy,Fair,Working full time,"Independent, close to republican"
2024,Married,74,12,4,Pretty happy,Good,Retired,"Independent, close to republican"
2024,Never married,31,10,NA,NA,NA,"Unemployed, laid off, looking for work",NA
2024,Divorced,74,12,2,Pretty happy,Good,Retired,"Independent (neither, no response)"
2024,Never married,22,15,0,Not too happy,Good,Working part time,Not very strong democrat
2024,Never married,49,12,7,Pretty happy,Good,Working full time,"Independent (neither, no response)"
2024,Married,35,19,0,Pretty happy,Good,Working full time,Strong democrat
2024,Married,NA,19,2,Pretty happy,Good,Retired,Strong democrat
2024,Married,33,16,2,Very happy,Excellent,Keeping house,"Independent, close to democrat"
2024,Married,69,16,0,Pretty happy,Good,Retired,Not very strong democrat
2024,Married,75,18,3,Pretty happy,Good,Retired,"Independent, close to democrat"
2024,Married,36,20,1,Pretty happy,Good,Working full time,Not very strong democrat
2024,Married,41,12,1,Pretty happy,Excellent,Working full time,"Independent, close to democrat"
2024,Married,67,16,5,Pretty happy,Good,Working part time,Not very strong republican
2024,Never married,39,14,0,Not too happy,Excellent,"Unemployed, laid off, looking for work",Not very strong democrat
2024,Married,60,17,0,Pretty happy,Good,Working full time,"Independent (neither, no response)"
2024,Married,47,16,2,Pretty happy,Good,Working part time,"Independent, close to democrat"
2024,Married,49,16,0,Pretty happy,Good,Working full time,Strong democrat
2024,Married,71,11,3,Pretty happy,Good,Working part time,"Independent (neither, no response)"
2024,Married,50,16,0,Pretty happy,Good,Working full time,Not very strong democrat
2024,Never married,69,12,0,Pretty happy,Good,Working part time,"Independent (neither, no response)"
2024,Married,43,10,1,Very happy,Good,Working full time,"Independent (neither, no response)"
2024,Widowed,64,12,5,Not too happy,Good,Retired,"Independent (neither, no response)"
2024,Divorced,72,11,2,Not too happy,Good,Working part time,Strong democrat
2024,Divorced,74,12,5,Not too happy,Poor,Retired,Strong democrat
2024,Never married,18,12,0,Pretty happy,Good,Other,"Independent, close to republican"
2024,Widowed,82,12,5,Very happy,Good,Retired,Not very strong republican
2024,Married,45,12,6,Pretty happy,Good,Keeping house,Not very strong republican
2024,Never married,21,12,0,Not too happy,Good,"Unemployed, laid off, looking for work","Independent (neither, no response)"
2024,Married,31,16,2,Very happy,Good,Working full time,Not very strong republican
2024,Married,NA,NA,0,Pretty happy,Good,In school,NA
2024,Married,70,18,5,Pretty happy,Good,Working full time,Strong republican
2024,Married,39,20,2,Very happy,Good,Working full time,Other party
2024,Married,80,17,5,Very happy,Good,Retired,Strong republican
2024,Married,31,11,3,Pretty happy,Good,In school,"Independent (neither, no response)"
2024,Married,61,14,4,Pretty happy,Good,Working full time,Not very strong democrat
2024,Married,45,12,3,Pretty happy,Good,Working full time,Strong democrat
2024,Married,34,18,2,Pretty happy,Good,Working full time,"Independent, close to republican"
2024,Married,32,16,0,Very happy,Excellent,Working full time,Strong republican
2024,Married,36,14,2,Very happy,Good,Keeping house,Not very strong republican
2024,Married,32,12,3,Pretty happy,Fair,Working full time,"Independent (neither, no response)"
2024,Married,36,14,4,Pretty happy,Fair,Working full time,"Independent (neither, no response)"
2024,Married,48,20,5,Pretty happy,Good,Working full time,Not very strong republican
2024,Married,65,14,0,Pretty happy,Good,Retired,Not very strong republican
2024,Divorced,34,15,0,Pretty happy,Good,In school,"Independent, close to democrat"
2024,Separated,38,14,3,Pretty happy,Fair,"Unemployed, laid off, looking for work","Independent (neither, no response)"
2024,Married,34,20,3,Pretty happy,Excellent,Keeping house,"Independent, close to republican"
2024,Widowed,55,18,1,Pretty happy,Fair,Working full time,"Independent, close to republican"
2024,Divorced,41,15,3,Pretty happy,Good,Retired,"Independent (neither, no response)"
2024,Never married,42,12,1,Not too happy,Good,Working part time,"Independent (neither, no response)"
2024,Never married,26,12,4,Not too happy,Fair,Working part time,"Independent (neither, no response)"
2024,Divorced,63,11,4,Very happy,Good,Keeping house,"Independent, close to democrat"
2024,Widowed,52,12,1,Not too happy,Good,Working full time,Strong republican
2024,Never married,45,14,1,Not too happy,Fair,"Unemployed, laid off, looking for work",Not very strong democrat
2024,Never married,67,16,0,Not too happy,Good,"Unemployed, laid off, looking for work","Independent, close to republican"
2024,Never married,22,9,1,Not too happy,Fair,Keeping house,"Independent (neither, no response)"
2024,Never married,26,13,1,Pretty happy,Good,Working part time,"Independent (neither, no response)"
2024,Never married,56,15,0,Very happy,Excellent,Working part time,Not very strong republican
2024,Divorced,65,14,1,Pretty happy,Good,Retired,Not very strong democrat
2024,Separated,47,12,2,Pretty happy,Good,Keeping house,Not very strong democrat
2024,Never married,21,11,0,Pretty happy,Good,Working full time,"Independent, close to democrat"
2024,Married,72,10,1,Pretty happy,Excellent,Retired,Strong republican
2024,Divorced,NA,20,1,Pretty happy,Excellent,Working full time,"Independent (neither, no response)"
2024,Never married,39,15,0,Pretty happy,Good,Working full time,Strong democrat
2024,Never married,47,20,0,Pretty happy,Fair,Working full time,"Independent, close to democrat"
2024,Divorced,33,16,2,NA,Excellent,Working full time,Not very strong republican
2024,Married,73,16,3,Pretty happy,Good,Retired,Strong democrat
2024,Never married,38,18,0,Not too happy,Good,Working full time,Other party
2024,Divorced,50,14,3,Not too happy,Good,Working full time,Strong democrat
2024,Divorced,76,16,2,Pretty happy,Good,Retired,Not very strong republican
2024,Never married,29,6,0,Not too happy,Good,Working full time,Not very strong republican
2024,Divorced,76,16,3,Not too happy,Poor,Retired,"Independent, close to republican"
2024,Married,42,18,2,Not too happy,Good,Working full time,"Independent, close to democrat"
2024,Married,69,17,2,Not too happy,Fair,Retired,Not very strong republican
2024,Married,66,16,2,Pretty happy,Good,Retired,Not very strong democrat
2024,Married,64,14,2,Very happy,Good,Keeping house,Strong republican
2024,Married,54,20,3,Very happy,Excellent,Keeping house,"Independent (neither, no response)"
2024,Married,61,16,2,Pretty happy,Good,Retired,Strong democrat
2024,Married,77,18,2,Pretty happy,Good,Retired,Strong republican
2024,Married,68,14,0,Not too happy,Fair,Retired,Strong democrat
2024,Married,66,14,3,Pretty happy,Fair,Retired,Not very strong republican
2024,Married,49,15,2,Pretty happy,Good,Other,Not very strong democrat
2024,Married,50,14,5,Pretty happy,Good,Working full time,Not very strong republican
2024,Divorced,52,16,0,Pretty happy,Good,Working full time,Not very strong democrat
2024,Divorced,59,15,2,Not too happy,Fair,Retired,Strong democrat
2024,Never married,32,12,3,Pretty happy,Excellent,Keeping house,Strong democrat
2024,Widowed,80,7,8,NA,Fair,Retired,Not very strong democrat
2024,Never married,39,14,3,Pretty happy,Good,"With a job, but not at work because of temporary illness, vacation, strike","Independent (neither, no response)"
2024,Widowed,63,12,2,Very happy,Good,Working part time,Strong democrat
2024,Widowed,71,15,4,Pretty happy,Good,Retired,"Independent (neither, no response)"
2024,Married,55,17,1,Very happy,Good,Working full time,"Independent (neither, no response)"
2024,Married,49,18,2,Pretty happy,Fair,Working full time,Strong democrat
2024,Never married,21,12,0,Not too happy,Good,Working part time,"Independent (neither, no response)"
2024,Separated,56,16,3,Pretty happy,Good,Working full time,Strong republican
2024,Married,73,18,2,Very happy,Excellent,Retired,Not very strong republican
2024,Divorced,74,14,1,Not too happy,Fair,Retired,Other party
2024,Divorced,62,13,2,Pretty happy,Good,Working full time,"Independent (neither, no response)"
2024,Widowed,67,12,2,Pretty happy,Fair,Working part time,NA
2024,Never married,42,18,0,Very happy,Good,Working full time,"Independent, close to democrat"
2024,Married,39,20,2,Pretty happy,Good,Working full time,Not very strong republican
2024,Married,25,13,0,Very happy,Good,Other,"Independent (neither, no response)"
2024,Never married,31,14,0,Pretty happy,Excellent,Working part time,"Independent (neither, no response)"
2024,Never married,26,12,0,Very happy,Good,Working full time,Strong republican
2024,Divorced,45,13,3,Pretty happy,Good,Working full time,Not very strong democrat
2024,Married,34,11,5,Pretty happy,Excellent,"Unemployed, laid off, looking for work","Independent, close to republican"
2024,Married,47,15,3,Pretty happy,Good,Working part time,"Independent, close to democrat"
2024,Never married,30,12,0,Pretty happy,Excellent,Working full time,Not very strong republican
2024,Never married,26,12,2,Very happy,Good,Working part time,"Independent (neither, no response)"
2024,Never married,28,17,0,Not too happy,Excellent,Working full time,"Independent (neither, no response)"
2024,Never married,23,13,0,Not too happy,Fair,Working full time,Other party
2024,Never married,24,13,0,Pretty happy,Good,Working full time,Not very strong democrat
2024,Married,27,15,3,Pretty happy,Good,Working full time,"Independent, close to republican"
2024,Divorced,49,17,2,Very happy,Good,"Unemployed, laid off, looking for work","Independent (neither, no response)"
2024,Married,43,12,2,Pretty happy,Fair,Working part time,"Independent (neither, no response)"
2024,Separated,63,12,1,Pretty happy,Good,Working part time,"Independent (neither, no response)"
2024,Widowed,62,12,5,Not too happy,Poor,Other,Not very strong democrat
2024,Never married,44,12,0,Pretty happy,Good,Working part time,"Independent (neither, no response)"
2024,Never married,27,12,4,Pretty happy,Good,Working full time,Strong republican
2024,Divorced,43,12,3,Pretty happy,Fair,Working full time,"Independent (neither, no response)"
2024,Never married,22,13,0,Not too happy,Fair,"With a job, but not at work because of temporary illness, vacation, strike","Independent, close to republican"
2024,Separated,77,14,1,Not too happy,Poor,Retired,Strong democrat
2024,Never married,63,11,0,Very happy,Fair,Retired,"Independent (neither, no response)"
2024,Never married,77,17,0,Pretty happy,Fair,Retired,Strong democrat
2024,Divorced,39,12,2,Pretty happy,Good,Working full time,"Independent, close to republican"
2024,Never married,23,13,4,Very happy,Excellent,Keeping house,"Independent (neither, no response)"
2024,Separated,68,15,1,Not too happy,Good,Retired,Not very strong republican
2024,Never married,36,13,1,Not too happy,Good,Working full time,"Independent, close to republican"
2024,Married,87,10,7,Pretty happy,Fair,Retired,"Independent (neither, no response)"
2024,Divorced,69,14,2,Not too happy,Good,Working part time,Not very strong democrat
2024,Married,52,16,2,Pretty happy,Excellent,Working full time,Strong democrat
2024,Married,25,12,NA,Pretty happy,NA,Keeping house,Strong republican
2024,Divorced,68,18,0,Not too happy,Good,Retired,"Independent, close to democrat"
2024,Separated,49,18,5,Pretty happy,Poor,Working full time,"Independent, close to republican"
2024,Married,48,16,2,Pretty happy,Good,Working full time,Not very strong democrat
2024,Widowed,78,13,2,Very happy,Good,Retired,Strong republican
2024,Never married,18,11,0,Pretty happy,Good,In school,Strong democrat
2024,Married,50,16,2,Pretty happy,Fair,Working full time,Not very strong republican
2024,Married,44,14,2,Very happy,Good,Working full time,"Independent (neither, no response)"
2024,Never married,22,17,0,Pretty happy,Fair,In school,Not very strong democrat
2024,Divorced,53,14,2,Pretty happy,Fair,Working full time,"Independent, close to democrat"
2024,Married,65,16,2,Very happy,Good,Retired,Strong republican
2024,Married,45,16,2,Pretty happy,Good,Working full time,"Independent, close to republican"
2024,Divorced,75,16,0,Not too happy,Excellent,Working part time,Strong democrat
2024,Divorced,56,16,0,Pretty happy,Good,Working full time,"Independent (neither, no response)"
2024,Never married,36,14,0,Not too happy,Good,Retired,"Independent (neither, no response)"
2024,Never married,24,15,0,Not too happy,Excellent,"Unemployed, laid off, looking for work",Not very strong democrat
2024,Never married,24,14,0,Pretty happy,Good,"Unemployed, laid off, looking for work",Strong republican
2024,Married,49,14,2,Very happy,Excellent,Working full time,"Independent, close to republican"
2024,Married,46,16,2,Very happy,Good,Working full time,"Independent, close to democrat"
2024,Married,43,14,2,Pretty happy,Good,Working full time,Not very strong democrat
2024,Widowed,69,17,4,Very happy,Fair,Retired,Strong republican
2024,Married,44,14,3,Very happy,Good,Working full time,Strong republican
2024,Married,50,12,4,Very happy,Good,Keeping house,Strong republican
2024,Divorced,56,12,2,Pretty happy,Poor,Working full time,Not very strong republican
2024,Married,50,12,3,Pretty happy,Good,Working full time,Other party
2024,Separated,23,13,1,Pretty happy,Good,Working full time,Strong democrat
2024,Divorced,48,14,3,Pretty happy,Good,Working full time,"Independent (neither, no response)"
2024,Widowed,45,15,3,Not too happy,Good,Working full time,"Independent (neither, no response)"
2024,Never married,21,11,0,Not too happy,Fair,Working part time,"Independent (neither, no response)"
2024,Married,59,18,0,Pretty happy,Fair,"Unemployed, laid off, looking for work",Not very strong democrat
2024,Married,40,16,1,Pretty happy,Good,Working full time,Strong democrat
2024,Divorced,57,20,1,Pretty happy,Good,Working full time,Strong democrat
2024,Married,79,19,2,Pretty happy,Excellent,Working full time,"Independent, close to democrat"
2024,Never married,28,17,0,Pretty happy,Excellent,Working full time,"Independent (neither, no response)"
2024,Never married,NA,16,0,Very happy,Good,Working part time,"Independent (neither, no response)"
2024,Married,40,15,2,Very happy,Good,Keeping house,"Independent (neither, no response)"
2024,Married,71,16,4,Pretty happy,Good,Retired,Strong republican
2024,Never married,18,12,0,Pretty happy,Good,In school,Strong democrat
2024,Married,65,16,3,Pretty happy,Good,Retired,"Independent, close to democrat"
2024,Married,67,16,2,Very happy,Good,Retired,Strong democrat
2024,Married,39,20,1,Very happy,Good,Working full time,Not very strong democrat
2024,Married,43,17,2,Very happy,Excellent,Working full time,Not very strong republican
2024,Married,40,15,7,Pretty happy,Good,Keeping house,"Independent (neither, no response)"
2024,Widowed,58,14,2,Very happy,Good,Retired,Not very strong democrat
2024,Divorced,38,14,4,Pretty happy,Good,"Unemployed, laid off, looking for work","Independent (neither, no response)"
2024,Never married,40,18,2,Pretty happy,Good,Working full time,Not very strong democrat
2024,Never married,20,14,0,Not too happy,Fair,In school,Not very strong democrat
2024,Married,42,19,2,Pretty happy,Fair,Working full time,Strong democrat
2024,Never married,29,13,1,Not too happy,Good,Working full time,"Independent (neither, no response)"
2024,Married,77,15,2,Pretty happy,Fair,Working part time,Strong republican
2024,Married,65,12,3,Pretty happy,Good,Retired,"Independent (neither, no response)"
2024,Married,74,12,1,Not too happy,Good,Retired,"Independent, close to democrat"
2024,Divorced,69,12,2,Pretty happy,Excellent,Retired,Not very strong republican
2024,Married,71,10,4,Very happy,Good,Retired,Not very strong democrat
2024,Widowed,72,9,6,Very happy,Fair,Retired,Not very strong democrat
2024,Never married,45,17,0,Not too happy,Good,Working full time,Strong republican
2024,Never married,53,12,1,Pretty happy,Fair,Working full time,"Independent (neither, no response)"
2024,Never married,21,15,0,Pretty happy,Good,Working full time,"Independent, close to democrat"
2024,Never married,48,NA,0,Not too happy,Poor,Working full time,"Independent (neither, no response)"
2024,Never married,27,12,2,Very happy,Good,Working full time,"Independent, close to republican"
2024,Divorced,46,12,2,Not too happy,Fair,Keeping house,Not very strong republican
2024,Divorced,46,15,4,Not too happy,Poor,Retired,"Independent (neither, no response)"
2024,Married,86,12,2,Not too happy,Poor,Retired,Strong republican
2024,Divorced,62,12,2,Pretty happy,Good,"Unemployed, laid off, looking for work",Not very strong republican
2024,Never married,51,12,1,Pretty happy,Good,"Unemployed, laid off, looking for work","Independent (neither, no response)"
2024,Married,55,12,8,Pretty happy,Good,Working full time,Strong republican
2024,Never married,22,12,0,Pretty happy,Fair,Working full time,"Independent (neither, no response)"
2024,Divorced,57,12,2,Pretty happy,Good,Working full time,Not very strong democrat
2024,Never married,45,12,2,Not too happy,Fair,Working part time,Not very strong republican
2024,Divorced,80,11,0,Pretty happy,Good,Retired,"Independent (neither, no response)"
2024,Married,69,12,2,Pretty happy,Good,Retired,"Independent, close to republican"
2024,Never married,52,18,0,Pretty happy,Excellent,Working full time,"Independent (neither, no response)"
2024,Married,30,16,2,Pretty happy,Good,Working full time,"Independent (neither, no response)"
2024,Married,51,13,0,Pretty happy,Poor,Other,Not very strong republican
2024,Widowed,86,12,7,Very happy,Good,Retired,Strong republican
2024,Divorced,64,12,0,Pretty happy,Good,Retired,"Independent, close to republican"
2024,Never married,29,12,0,Pretty happy,Good,Working full time,"Independent, close to republican"
2024,Widowed,48,14,1,Pretty happy,Good,Working full time,Not very strong republican
2024,Married,45,10,6,Pretty happy,Fair,Working full time,"Independent, close to democrat"
2024,Divorced,46,12,3,Pretty happy,Fair,Working full time,"Independent (neither, no response)"
2024,Married,77,12,3,Pretty happy,Good,Retired,"Independent, close to democrat"
2024,Married,70,13,4,Pretty happy,Good,Retired,Strong democrat
2024,Married,40,14,5,Very happy,Fair,Retired,Strong republican
2024,Never married,60,12,0,Pretty happy,Good,"Unemployed, laid off, looking for work",Not very strong republican
2024,Never married,37,20,0,Pretty happy,Fair,Working full time,Not very strong republican
2024,Married,55,18,1,Very happy,Excellent,Working full time,Strong democrat
2024,Married,27,12,1,Very happy,Good,Working full time,"Independent, close to democrat"
2024,Married,57,18,5,Not too happy,Fair,"With a job, but not at work because of temporary illness, vacation, strike",Not very strong democrat
2024,Widowed,80,20,3,Pretty happy,Poor,Retired,Not very strong republican
2024,Married,56,16,2,Very happy,Fair,Retired,Strong republican
2024,Married,53,13,4,Very happy,Excellent,Keeping house,Not very strong republican
2024,Married,42,18,2,Very happy,Excellent,Working part time,Not very strong democrat
2024,Never married,40,15,2,Pretty happy,Excellent,Working part time,Not very strong democrat
2024,Never married,28,12,0,Not too happy,Fair,Working full time,Not very strong republican
2024,Married,50,14,1,Pretty happy,Good,Working full time,"Independent (neither, no response)"
2024,Divorced,63,13,2,Not too happy,Poor,"Unemployed, laid off, looking for work","Independent, close to republican"
2024,Married,79,12,2,Not too happy,Excellent,Keeping house,Not very strong republican
2024,Never married,40,14,3,Not too happy,Fair,Working part time,"Independent, close to republican"
2024,Married,48,12,2,Very happy,Fair,Working full time,Not very strong democrat
2024,Divorced,71,13,4,Pretty happy,Good,Retired,Not very strong republican
2024,Never married,43,12,1,Not too happy,Poor,Other,Not very strong democrat
2024,Married,45,13,1,Pretty happy,Fair,Keeping house,Not very strong republican
2024,Divorced,74,16,2,Pretty happy,Good,Retired,Strong democrat
2024,Married,39,13,3,Very happy,Good,Working full time,Strong republican
2024,Widowed,86,8,3,Very happy,Good,Retired,"Independent (neither, no response)"
2024,Never married,33,13,0,Not too happy,Fair,Working full time,"Independent, close to republican"
2024,Divorced,60,16,5,Pretty happy,Excellent,Working part time,Not very strong republican
2024,Married,51,12,2,Pretty happy,Good,"With a job, but not at work because of temporary illness, vacation, strike",Strong republican
2024,Married,69,12,2,Not too happy,Poor,Retired,Not very strong republican
2024,Married,55,17,1,Not too happy,Poor,Working full time,Strong republican
2024,Divorced,60,12,2,Pretty happy,Fair,Working full time,Strong republican
2024,Never married,30,17,0,Pretty happy,Good,Working full time,Other party
2024,Never married,36,20,0,Pretty happy,Good,Working full time,"Independent, close to democrat"
2024,Married,77,16,2,Very happy,Good,Working full time,Strong republican
2024,Married,72,17,2,Pretty happy,Good,Retired,"Independent, close to democrat"
2024,Never married,65,16,0,Pretty happy,Fair,Retired,Not very strong republican
2024,Divorced,57,12,2,Pretty happy,Good,Working full time,"Independent (neither, no response)"
2024,Married,49,18,3,Very happy,Good,Working full time,Not very strong democrat
2024,Married,59,12,5,Pretty happy,Good,"With a job, but not at work because of temporary illness, vacation, strike",Strong republican
2024,Never married,26,16,0,Very happy,Good,Working full time,"Independent, close to republican"
2024,Married,69,20,2,Very happy,Excellent,Working part time,"Independent, close to democrat"
2024,Married,54,18,3,Pretty happy,Excellent,Keeping house,"Independent, close to democrat"
2024,Married,NA,17,NA,Pretty happy,Good,Retired,NA
2024,Married,51,20,3,Pretty happy,Excellent,Working full time,"Independent, close to republican"
2024,Married,62,14,3,Pretty happy,Fair,Retired,Strong democrat
2024,Never married,23,15,0,Not too happy,Fair,In school,Not very strong democrat
2024,Never married,33,17,0,Pretty happy,Good,Working full time,Strong democrat
2024,Married,42,10,3,Very happy,Good,Working full time,"Independent (neither, no response)"
2024,Separated,43,10,3,Not too happy,Good,Keeping house,"Independent (neither, no response)"
2024,Married,56,12,4,Pretty happy,Fair,Working full time,Strong republican
2024,Never married,42,3,3,NA,Good,NA,"Independent (neither, no response)"
2024,Married,37,12,4,Very happy,Fair,In school,"Independent, close to democrat"
2024,Divorced,64,12,2,Not too happy,Fair,Other,Not very strong democrat
2024,Never married,33,15,5,Very happy,Good,Working part time,"Independent, close to republican"
2024,Divorced,70,12,1,Pretty happy,Good,Retired,Not very strong democrat
2024,Widowed,71,12,0,Pretty happy,Good,Retired,Strong democrat
2024,Never married,31,12,0,Not too happy,Fair,Working full time,"Independent, close to republican"
2024,Never married,47,14,0,Not too happy,Good,Working full time,Strong republican
2024,Married,73,12,1,Very happy,Good,Retired,"Independent, close to democrat"
2024,Married,51,14,2,Very happy,Fair,Working full time,Strong republican
2024,Never married,48,16,NA,Pretty happy,Excellent,Working full time,"Independent (neither, no response)"
2024,Never married,40,11,0,Pretty happy,Fair,Other,Strong democrat
2024,Divorced,83,20,2,Not too happy,Poor,Retired,Strong democrat
2024,Married,NA,NA,2,Very happy,Excellent,Working full time,"Independent (neither, no response)"
2024,Divorced,83,12,3,Pretty happy,Good,Retired,Not very strong democrat
2024,Separated,60,12,2,Pretty happy,Good,Working full time,"Independent, close to democrat"
2024,Never married,26,16,0,Pretty happy,Excellent,Working full time,"Independent (neither, no response)"
2024,Married,36,13,5,Pretty happy,Good,Keeping house,Not very strong democrat
2024,Widowed,62,20,1,Pretty happy,Good,Working full time,"Independent (neither, no response)"
2024,Divorced,71,15,3,Not too happy,Good,Retired,Other party
2024,Widowed,68,13,3,Pretty happy,Good,Retired,Other party
2024,Separated,76,12,2,Pretty happy,Good,Retired,Not very strong democrat
2024,Married,41,14,0,Very happy,Good,Working full time,Not very strong republican
2024,Married,77,16,1,Pretty happy,Good,Retired,"Independent (neither, no response)"
2024,Married,27,16,0,Very happy,Excellent,Working full time,"Independent (neither, no response)"
2024,Married,42,16,3,Pretty happy,Fair,Working part time,"Independent, close to democrat"
2024,Divorced,43,14,1,Pretty happy,Poor,Working full time,"Independent, close to democrat"
2024,Divorced,70,15,3,Pretty happy,Fair,Retired,"Independent, close to republican"
2024,Married,75,14,4,Pretty happy,Good,Retired,"Independent, close to republican"
2024,Married,74,16,4,Pretty happy,Good,Retired,Strong republican
2024,Married,57,12,3,Pretty happy,Good,Working full time,"Independent (neither, no response)"
2024,Married,72,16,2,Pretty happy,Excellent,Retired,"Independent (neither, no response)"
2024,Never married,42,18,2,Pretty happy,Good,Working full time,"Independent (neither, no response)"
2024,Never married,44,16,1,Pretty happy,Good,Working part time,"Independent (neither, no response)"
2024,Married,39,18,2,Pretty happy,Good,Working full time,"Independent, close to democrat"
2024,Never married,34,17,0,Pretty happy,Fair,Working full time,Not very strong republican
2024,Married,69,16,2,Pretty happy,Good,Retired,Other party
2024,Married,54,18,3,Very happy,Good,Working full time,Not very strong republican
2024,Married,39,17,1,Pretty happy,Good,Working full time,"Independent (neither, no response)"
2024,Married,47,12,1,Pretty happy,Excellent,Working full time,Not very strong republican
2024,Married,22,12,1,Not too happy,Good,Keeping house,"Independent, close to republican"
2024,Married,34,15,2,Very happy,Good,Keeping house,"Independent (neither, no response)"
2024,Married,19,12,0,Pretty happy,Good,Working full time,"Independent (neither, no response)"
2024,Divorced,60,14,4,Pretty happy,Fair,NA,"Independent, close to republican"
2024,Never married,21,12,0,Pretty happy,Excellent,Working full time,Strong democrat
2024,Never married,26,12,2,Very happy,Fair,Working full time,Other party
2024,Never married,34,11,2,Pretty happy,Excellent,Working full time,NA
2024,Never married,42,17,0,Very happy,Good,NA,"Independent (neither, no response)"
2024,Divorced,60,16,2,Very happy,Good,Working full time,Strong democrat
2024,Never married,23,12,1,Not too happy,Excellent,Working full time,"Independent, close to democrat"
2024,Never married,41,18,2,Pretty happy,Good,Working full time,Strong democrat
2024,Married,48,13,1,Pretty happy,Good,Working full time,"Independent, close to democrat"
2024,Married,27,12,1,Pretty happy,Good,Working full time,"Independent (neither, no response)"
2024,Divorced,64,15,1,Pretty happy,Good,Other,"Independent (neither, no response)"
2024,Never married,43,8,0,Not too happy,Excellent,Working full time,"Independent (neither, no response)"
2024,Never married,62,12,2,Very happy,Excellent,Working part time,Strong democrat
2024,Divorced,65,12,4,Pretty happy,Good,Retired,Not very strong democrat
2024,Never married,30,12,2,Pretty happy,Fair,Working full time,Not very strong democrat
2024,Divorced,73,9,3,Pretty happy,Fair,Retired,Strong democrat
2024,Never married,42,12,4,Pretty happy,Good,Working full time,Strong democrat
2024,Never married,43,13,1,Very happy,Fair,Keeping house,"Independent (neither, no response)"
2024,Divorced,64,16,2,Not too happy,Fair,Other,Strong democrat
2024,Never married,26,13,0,Pretty happy,Good,"Unemployed, laid off, looking for work","Independent (neither, no response)"
2024,Never married,34,12,2,Pretty happy,Excellent,Keeping house,Not very strong democrat
2024,Never married,37,16,2,Not too happy,Good,Working full time,Strong democrat
2024,Separated,56,12,1,Pretty happy,Fair,Keeping house,Strong democrat
2024,Never married,66,12,0,Pretty happy,Fair,Retired,Strong democrat
2024,Never married,57,15,0,Pretty happy,Good,Working full time,"Independent (neither, no response)"
2024,Never married,67,11,2,Pretty happy,Fair,Working part time,Strong democrat
2024,Divorced,50,12,1,Pretty happy,Good,Working full time,NA
2024,Married,33,15,0,Pretty happy,Fair,Working full time,"Independent, close to republican"
2024,Married,55,14,0,Very happy,Fair,Working full time,Strong democrat
2024,Married,73,19,2,Very happy,Good,Retired,"Independent (neither, no response)"
2024,Never married,20,14,0,Not too happy,Fair,Working part time,Strong republican
2024,Married,46,14,3,Pretty happy,Good,Working full time,Not very strong democrat
2024,Widowed,89,10,2,Pretty happy,Good,Retired,Not very strong democrat
2024,Widowed,53,12,4,Pretty happy,Good,Other,"Independent, close to republican"
2024,Never married,49,14,0,Not too happy,Poor,Working full time,"Independent (neither, no response)"
2024,Married,44,16,2,Pretty happy,Good,Working full time,"Independent, close to democrat"
2024,Never married,37,12,3,Very happy,Good,Keeping house,"Independent (neither, no response)"
2024,Married,79,12,2,Very happy,Good,Retired,Strong republican
2024,Widowed,76,13,3,Pretty happy,Good,Retired,Strong republican
2024,Married,66,12,3,Pretty happy,Excellent,Retired,Not very strong republican
2024,Never married,31,14,0,Not too happy,Good,NA,"Independent (neither, no response)"
2024,Married,73,12,0,Pretty happy,Fair,Retired,Not very strong republican
2024,Married,68,14,2,Pretty happy,Good,Retired,Not very strong republican
2024,Married,88,12,1,Very happy,Good,Retired,"Independent (neither, no response)"
2024,Married,28,12,4,Pretty happy,Good,Working full time,"Independent, close to democrat"
2024,Divorced,70,14,0,Pretty happy,Good,"Unemployed, laid off, looking for work","Independent, close to democrat"
2024,Never married,25,16,1,Pretty happy,Good,Working full time,"Independent, close to republican"
2024,Divorced,37,17,0,Pretty happy,Good,Working full time,Not very strong republican
2024,Separated,42,16,3,Pretty happy,Good,Working part time,"Independent (neither, no response)"
2024,Married,41,14,2,Very happy,Fair,Other,"Independent (neither, no response)"
2024,Never married,67,15,0,Pretty happy,Excellent,Working full time,"Independent, close to democrat"
2024,Never married,24,NA,NA,Not too happy,Poor,Working part time,"Independent (neither, no response)"
2024,Divorced,30,12,3,Pretty happy,Good,Working full time,"Independent (neither, no response)"
2024,Separated,39,12,1,Not too happy,Poor,Working part time,"Independent (neither, no response)"
2024,Married,24,12,2,Pretty happy,Good,Working full time,"Independent, close to democrat"
2024,Married,58,13,2,Pretty happy,Fair,Working part time,Strong republican
2024,Married,42,16,2,Pretty happy,Good,Working full time,Not very strong republican
2024,Widowed,74,12,2,Not too happy,Good,Retired,Not very strong democrat
2024,Married,40,14,6,Pretty happy,Good,Working full time,Strong republican
2024,Married,55,12,3,Not too happy,Good,Working full time,Not very strong republican
2024,Never married,25,14,0,Not too happy,Good,Working full time,"Independent, close to republican"
2024,Never married,72,16,1,Not too happy,Good,Retired,Strong democrat
2024,Married,77,12,2,Pretty happy,Fair,Retired,"Independent, close to republican"
2024,Never married,19,14,NA,Not too happy,Fair,Working full time,"Independent, close to republican"
2024,Married,29,18,1,Pretty happy,Good,Working part time,"Independent, close to republican"
2024,Married,45,16,3,Very happy,Good,Working full time,Not very strong democrat
2024,Married,50,12,3,Pretty happy,Good,Keeping house,Not very strong democrat
2024,Divorced,58,8,4,Not too happy,Poor,Working full time,Not very strong democrat
2024,Never married,26,12,1,Pretty happy,Fair,Working full time,"Independent (neither, no response)"
2024,Separated,49,11,6,Not too happy,Poor,Keeping house,"Independent (neither, no response)"
2024,Never married,38,15,4,Not too happy,Good,Working full time,"Independent (neither, no response)"
2024,Never married,24,11,1,Pretty happy,Fair,Working full time,"Independent (neither, no response)"
2024,Widowed,66,13,3,Not too happy,Excellent,Keeping house,"Independent, close to republican"
2024,Married,62,10,2,Pretty happy,Good,Retired,Not very strong republican
2024,Married,22,14,0,Pretty happy,Good,Working part time,Not very strong democrat
2024,Married,49,10,6,Not too happy,Poor,Keeping house,"Independent, close to democrat"
2024,Married,77,18,2,Pretty happy,Good,Working full time,"Independent, close to democrat"
2024,Married,39,18,3,Very happy,Excellent,Working full time,"Independent, close to democrat"
2024,Married,53,10,3,Pretty happy,Good,Working full time,Not very strong republican
2024,Married,50,12,3,Not too happy,Good,Working full time,"Independent (neither, no response)"
2024,Widowed,71,14,3,Pretty happy,Good,Retired,Strong democrat
2024,Married,44,15,1,Not too happy,Excellent,Working full time,"Independent (neither, no response)"
2024,Married,NA,16,2,Very happy,Good,Retired,Not very strong republican
2024,Married,57,16,2,Not too happy,Good,Working full time,Not very strong republican
2024,Married,NA,16,1,Very happy,Excellent,Working full time,"Independent, close to republican"
2024,Divorced,48,16,4,Pretty happy,Excellent,Working full time,Not very strong republican
2024,Separated,79,0,NA,Very happy,Excellent,Keeping house,"Independent (neither, no response)"
2024,Married,NA,17,3,Very happy,Excellent,Retired,Not very strong republican
2024,Married,61,16,3,Pretty happy,Good,Working part time,Strong republican
2024,Married,57,14,5,Pretty happy,Good,Working full time,Strong republican
2024,Widowed,85,16,2,Very happy,Good,Retired,Strong republican
2024,Widowed,68,17,2,Pretty happy,Good,Retired,NA
2024,Married,51,13,1,Not too happy,Good,Keeping house,Not very strong democrat
2024,Widowed,87,14,3,Very happy,Good,Working part time,Strong republican
2024,Never married,28,15,1,Pretty happy,Fair,Working full time,Not very strong republican
2024,Married,32,18,2,Pretty happy,Good,Working full time,"Independent (neither, no response)"
2024,Married,73,17,1,Pretty happy,Good,Retired,Strong democrat
2024,Divorced,68,20,0,Not too happy,Fair,Working full time,Strong democrat
2024,Widowed,62,16,0,Very happy,Excellent,Retired,Strong republican
2024,Divorced,72,17,3,Pretty happy,Good,Retired,"Independent, close to republican"
2024,Widowed,68,16,0,Very happy,Good,Working part time,Strong republican
2024,Never married,54,16,0,Pretty happy,Good,Working full time,Strong republican
2024,Widowed,87,19,3,Not too happy,Poor,Retired,Not very strong republican
2024,Widowed,77,12,2,Pretty happy,Good,Retired,Strong republican
2024,Divorced,27,13,0,Pretty happy,Good,Working full time,"Independent (neither, no response)"
2024,Married,23,15,1,Very happy,Excellent,Keeping house,NA
2024,Married,25,14,0,Very happy,Good,Working full time,Not very strong republican
2024,Separated,45,17,2,Pretty happy,Good,Working part time,"Independent (neither, no response)"
2024,Never married,19,12,0,Pretty happy,Good,Working full time,Not very strong democrat
2024,Divorced,53,16,2,Pretty happy,Fair,Working full time,"Independent, close to democrat"
2024,Married,67,14,4,Very happy,Good,Retired,"Independent (neither, no response)"
2024,Never married,20,12,0,Not too happy,Fair,"Unemployed, laid off, looking for work",Strong republican
2024,Married,44,13,3,Not too happy,Good,Keeping house,"Independent, close to republican"
2024,Married,83,13,2,Very happy,Good,Retired,Not very strong republican
2024,Widowed,76,17,1,Pretty happy,Good,Working part time,Strong democrat
2024,Widowed,80,12,3,Pretty happy,Good,Retired,Strong republican
2024,Married,75,18,3,Very happy,Excellent,Retired,Strong republican
2024,Never married,32,6,4,Pretty happy,Fair,Working full time,"Independent, close to democrat"
2024,Never married,26,15,0,Very happy,Good,Working full time,"Independent (neither, no response)"
2024,Divorced,68,13,3,Pretty happy,Fair,Retired,Not very strong democrat
2024,Married,38,12,2,Very happy,Poor,Keeping house,"Independent (neither, no response)"
2024,Married,60,14,5,Very happy,Good,Keeping house,Strong republican
2024,Never married,40,14,4,Pretty happy,Good,Working full time,"Independent, close to democrat"
2024,Divorced,71,12,3,Pretty happy,Good,Working part time,Not very strong democrat
2024,Divorced,61,12,1,Very happy,Good,Retired,"Independent (neither, no response)"
2024,Never married,25,17,0,Pretty happy,Good,Working full time,Not very strong democrat
2024,Never married,37,16,0,Not too happy,Good,Working full time,"Independent, close to democrat"
2024,Married,34,16,1,Pretty happy,Good,Working full time,"Independent, close to democrat"
2024,Married,45,17,3,Pretty happy,Good,Working full time,Not very strong democrat
2024,Divorced,61,11,2,Pretty happy,Fair,Other,Other party
2024,Never married,70,13,0,Pretty happy,Good,Working part time,Strong democrat
2024,Never married,23,12,0,Very happy,Good,Working full time,"Independent (neither, no response)"
2024,Married,64,18,2,Pretty happy,Fair,Working full time,Strong democrat
2024,Married,64,12,2,Pretty happy,Good,Other,Not very strong democrat
2024,Married,59,16,2,Pretty happy,Good,Working full time,Not very strong democrat
2024,Never married,46,12,0,Not too happy,Good,Working full time,"Independent, close to republican"
2024,Married,25,13,2,Not too happy,Good,"With a job, but not at work because of temporary illness, vacation, strike","Independent (neither, no response)"
2024,Married,38,11,4,Pretty happy,Good,Keeping house,"Independent (neither, no response)"
2024,Married,43,10,5,Pretty happy,Good,Working full time,Not very strong republican
2024,Never married,53,16,0,Pretty happy,Fair,Working full time,"Independent, close to republican"
2024,Never married,27,18,0,Pretty happy,Excellent,Working full time,"Independent, close to democrat"
2024,Never married,24,16,0,Pretty happy,Good,Working full time,Strong democrat
2024,Never married,64,14,3,Pretty happy,Good,Working part time,Not very strong democrat
2024,Never married,28,18,0,Very happy,Excellent,Working full time,"Independent (neither, no response)"
2024,Never married,23,18,0,Pretty happy,Excellent,In school,"Independent (neither, no response)"
2024,Never married,22,16,0,Pretty happy,Good,Working part time,Strong democrat
2024,Never married,21,16,0,Not too happy,Good,In school,"Independent, close to democrat"
2024,Divorced,37,17,0,Pretty happy,Good,"With a job, but not at work because of temporary illness, vacation, strike",Not very strong republican
2024,Divorced,47,15,4,Not too happy,Poor,"With a job, but not at work because of temporary illness, vacation, strike","Independent (neither, no response)"
2024,Never married,NA,16,0,Not too happy,Good,In school,Not very strong democrat
2024,Never married,26,16,0,Pretty happy,Fair,Working full time,Not very strong democrat
2024,Never married,36,20,0,Pretty happy,Excellent,Working full time,Strong democrat
2024,Never married,24,16,0,Pretty happy,Good,In school,"Independent (neither, no response)"
2024,Never married,34,7,0,Pretty happy,Excellent,Working full time,"Independent, close to democrat"
2024,Never married,28,15,0,Not too happy,Fair,Working part time,"Independent (neither, no response)"
2024,Married,80,12,2,Pretty happy,Excellent,Retired,Strong republican
2024,Divorced,66,12,4,Not too happy,Good,Retired,Strong republican
2024,Widowed,61,14,0,Pretty happy,Fair,"Unemployed, laid off, looking for work",Strong republican
2024,Never married,55,14,0,Pretty happy,Fair,Working full time,"Independent, close to republican"
2024,Married,41,16,2,Pretty happy,Good,Working full time,Strong republican
2024,Married,39,6,2,Pretty happy,Good,Working full time,"Independent (neither, no response)"
2024,Married,74,12,2,Pretty happy,Good,Retired,Strong republican
2024,Married,34,9,3,Pretty happy,Good,Working full time,"Independent, close to republican"
2024,Married,74,12,2,Pretty happy,Good,Retired,"Independent (neither, no response)"
2024,Married,69,16,3,Pretty happy,Excellent,Retired,"Independent, close to republican"
2024,Never married,26,12,1,Very happy,Good,"Unemployed, laid off, looking for work","Independent (neither, no response)"
2024,Widowed,75,12,3,Pretty happy,Fair,Keeping house,Strong republican
2024,Married,76,19,2,Pretty happy,Good,Retired,"Independent, close to republican"
2024,Married,23,16,0,Not too happy,Excellent,Working full time,Not very strong republican
2024,Married,69,12,4,Pretty happy,Good,Retired,Strong republican
2024,Widowed,74,15,2,Pretty happy,Fair,Retired,Strong republican
2024,Married,34,20,1,Pretty happy,Good,Working full time,"Independent (neither, no response)"
2024,Never married,18,12,0,Pretty happy,Good,Working part time,Strong democrat
2024,Married,69,20,2,Pretty happy,Good,Retired,Strong republican
2024,Married,36,12,0,Pretty happy,Good,Working full time,"Independent (neither, no response)"
2024,Married,41,14,1,Pretty happy,Good,Working full time,Not very strong republican
2024,Married,41,20,2,Pretty happy,Excellent,"With a job, but not at work because of temporary illness, vacation, strike","Independent (neither, no response)"
2024,Married,39,12,2,Pretty happy,Good,Working full time,Strong republican
2024,Divorced,49,14,2,Pretty happy,Good,Working full time,"Independent, close to republican"
2024,Married,71,18,2,Very happy,Good,Retired,Strong democrat
2024,Divorced,52,14,3,Pretty happy,Good,Working full time,Strong republican
2024,Married,43,16,2,Pretty happy,Excellent,Working full time,Strong democrat
2024,Married,69,16,3,Very happy,Excellent,Retired,Strong republican
2024,Married,35,12,0,Pretty happy,Good,Working full time,Strong republican
2024,Widowed,57,10,2,Pretty happy,Good,"Unemployed, laid off, looking for work","Independent, close to democrat"
2024,Married,72,12,4,Pretty happy,Good,Retired,"Independent (neither, no response)"
2024,Married,31,16,0,Pretty happy,Good,Working full time,Other party
2024,Married,NA,12,0,Not too happy,Good,Working full time,Strong republican
2024,Divorced,52,17,4,Not too happy,Fair,"Unemployed, laid off, looking for work",Strong republican
2024,Married,70,12,2,Very happy,Good,Retired,Strong democrat
2024,Never married,47,12,1,Pretty happy,Good,Working full time,Not very strong republican
2024,Married,65,13,1,Pretty happy,Fair,Working part time,Not very strong republican
2024,Married,85,19,2,Very happy,Good,Working full time,"Independent, close to republican"
2024,Divorced,65,18,3,Not too happy,Good,Retired,Strong republican
2024,Married,47,12,4,Very happy,Good,Working full time,Strong republican
2024,Never married,27,17,0,Pretty happy,Good,Working full time,"Independent (neither, no response)"
2024,Never married,33,12,1,Very happy,Good,"Unemployed, laid off, looking for work",Strong republican
2024,Never married,42,16,2,Pretty happy,Good,Working full time,"Independent (neither, no response)"
2024,Married,64,12,0,Pretty happy,Poor,Retired,Strong republican
2024,Married,58,12,3,Pretty happy,Poor,"Unemployed, laid off, looking for work",Strong republican
2024,Divorced,53,12,2,Not too happy,Fair,Working full time,"Independent (neither, no response)"
2024,Widowed,66,16,2,Pretty happy,Excellent,Retired,Not very strong democrat
2024,Widowed,63,15,2,Pretty happy,Good,Retired,Not very strong democrat
2024,Divorced,48,13,2,Pretty happy,Fair,Working full time,"Independent, close to democrat"
2024,Widowed,89,19,4,Pretty happy,Good,Retired,Strong republican
2024,Married,78,16,4,Pretty happy,Fair,Retired,Strong democrat
2024,Married,41,16,2,Pretty happy,Good,Keeping house,Not very strong democrat
2024,Married,42,18,0,Pretty happy,Excellent,Working full time,"Independent, close to republican"
2024,Never married,29,18,0,Pretty happy,Good,Working full time,Not very strong republican
2024,Married,65,16,0,Pretty happy,Fair,Retired,Strong republican
2024,Divorced,67,14,1,Pretty happy,Fair,Retired,"Independent (neither, no response)"
2024,Never married,62,19,0,Very happy,Good,Other,"Independent, close to democrat"
2024,Divorced,46,14,0,Pretty happy,Good,Working full time,"Independent, close to republican"
2024,Divorced,52,17,1,Not too happy,Good,Keeping house,Strong democrat
2024,Married,75,14,2,Very happy,Good,Retired,"Independent (neither, no response)"
2024,Widowed,76,10,5,Pretty happy,Fair,Retired,"Independent, close to republican"
2024,Divorced,38,12,3,Pretty happy,Fair,Other,Strong republican
2024,Married,72,12,1,Very happy,Good,Retired,Strong democrat
2024,Married,77,20,3,Pretty happy,Fair,Retired,Strong democrat
2024,Married,61,17,3,Pretty happy,Good,Working full time,"Independent, close to democrat"
2024,Married,38,16,0,Pretty happy,Good,Working full time,"Independent, close to democrat"
2024,Never married,52,16,1,Pretty happy,Good,Working full time,Strong democrat
2024,Widowed,64,16,1,Pretty happy,Excellent,Working full time,"Independent, close to democrat"
2024,Never married,42,12,2,Pretty happy,Fair,Working part time,Not very strong democrat
2024,Married,31,19,0,Very happy,Excellent,Working full time,Not very strong democrat
2024,Married,54,13,2,Not too happy,Excellent,Working full time,"Independent (neither, no response)"
2024,Never married,41,17,0,Pretty happy,Good,Working full time,Strong democrat
2024,Married,29,20,3,Pretty happy,Fair,In school,"Independent, close to democrat"
2024,Never married,48,12,0,Pretty happy,Good,"With a job, but not at work because of temporary illness, vacation, strike",Strong democrat
2024,Never married,35,12,4,Pretty happy,Fair,Working full time,Not very strong republican
2024,Widowed,85,16,5,Pretty happy,Fair,Retired,"Independent, close to democrat"
2024,Widowed,62,12,3,Not too happy,Fair,Retired,Strong republican
2024,Divorced,52,13,1,Pretty happy,Fair,Working full time,Not very strong republican
2024,Married,64,13,2,Pretty happy,Good,Working full time,Strong republican
2024,Divorced,62,12,1,Pretty happy,Fair,Other,"Independent, close to republican"
2024,Divorced,30,11,3,Pretty happy,Fair,Keeping house,"Independent (neither, no response)"
2024,Widowed,89,18,4,Pretty happy,Fair,Retired,Strong republican
2024,Married,55,15,2,Pretty happy,Good,Working part time,Strong democrat
2024,Widowed,67,12,0,Not too happy,Fair,Retired,"Independent (neither, no response)"
2024,Never married,32,18,0,Pretty happy,Excellent,Working full time,"Independent (neither, no response)"
2024,Widowed,60,14,6,Not too happy,Fair,Keeping house,"Independent (neither, no response)"
2024,Married,43,16,2,Pretty happy,Excellent,Working full time,Not very strong republican
2024,Married,66,12,3,Pretty happy,Excellent,Retired,"Independent (neither, no response)"
2024,Married,62,16,4,Pretty happy,Excellent,Working full time,"Independent (neither, no response)"
2024,Married,46,12,3,NA,Good,Working full time,"Independent (neither, no response)"
2024,Widowed,71,0,0,Not too happy,Fair,Retired,"Independent (neither, no response)"
2024,Married,35,9,2,Pretty happy,Good,Working full time,Not very strong democrat
2024,Never married,20,14,0,Pretty happy,Excellent,In school,Strong democrat
2024,Divorced,89,8,5,Pretty happy,Fair,Retired,"Independent (neither, no response)"
2024,Married,63,14,0,Pretty happy,Good,"With a job, but not at work because of temporary illness, vacation, strike","Independent (neither, no response)"
2024,Divorced,80,14,2,Pretty happy,Fair,Retired,Other party
2024,Widowed,61,18,2,Pretty happy,Good,Working full time,Strong democrat
2024,Never married,31,16,2,Pretty happy,Good,Working full time,Strong republican
2024,Never married,26,18,0,Not too happy,Good,"Unemployed, laid off, looking for work","Independent, close to democrat"
2024,Married,72,18,0,Pretty happy,Fair,Retired,Not very strong democrat
2024,Married,34,16,2,Very happy,Excellent,Working full time,"Independent (neither, no response)"
2024,Divorced,57,18,2,Pretty happy,Excellent,Working part time,Strong democrat
2024,Married,66,12,1,Pretty happy,Good,Working full time,Strong republican
2024,Never married,35,17,0,Pretty happy,Good,Working full time,"Independent, close to democrat"
2024,Divorced,61,14,2,Pretty happy,Good,Working full time,"Independent, close to republican"
2024,Married,49,14,0,Pretty happy,Excellent,Working full time,Not very strong democrat
2024,Divorced,65,17,1,Pretty happy,Excellent,Working full time,Not very strong republican
2024,Married,30,20,0,Pretty happy,Fair,Working full time,Strong republican
2024,Widowed,37,18,0,Not too happy,Excellent,Working full time,"Independent, close to republican"
2024,Married,66,12,0,Not too happy,Good,Retired,Strong republican
2024,Married,33,16,1,Pretty happy,Good,Working full time,Strong republican
2024,Married,47,12,4,Very happy,Good,Working full time,Strong republican
2024,Never married,67,18,0,Very happy,Excellent,Retired,Not very strong republican
2024,Divorced,24,12,1,Pretty happy,Good,Working full time,Not very strong republican
2024,Married,66,12,3,Pretty happy,Fair,Keeping house,Strong republican
2024,Married,69,14,3,Very happy,Good,Retired,Not very strong republican
2024,Married,69,12,6,Very happy,Fair,Other,"Independent (neither, no response)"
2024,Married,63,20,1,Very happy,Fair,Retired,"Independent, close to democrat"
2024,Never married,18,12,0,Pretty happy,Fair,Working part time,"Independent (neither, no response)"
2024,Divorced,28,12,3,Pretty happy,Fair,Working full time,Not very strong republican
2024,Married,82,14,3,Very happy,Good,Retired,Not very strong republican
2024,Married,43,15,3,Pretty happy,Good,Working full time,Not very strong democrat
2024,Divorced,46,13,6,Pretty happy,Good,Working full time,"Independent (neither, no response)"
2024,Never married,19,13,0,Not too happy,Good,In school,Not very strong democrat
2024,Married,74,12,2,Pretty happy,Good,Retired,Not very strong republican
2024,Married,84,16,2,Very happy,Good,Retired,Strong republican
2024,Separated,63,12,2,Not too happy,Fair,Retired,"Independent (neither, no response)"
2024,Separated,31,0,2,Pretty happy,Excellent,Working part time,"Independent (neither, no response)"
2024,Married,30,12,1,Pretty happy,Good,Keeping house,"Independent (neither, no response)"
2024,Never married,34,12,1,Very happy,Good,Working full time,"Independent (neither, no response)"
2024,Never married,25,12,0,Pretty happy,Fair,"Unemployed, laid off, looking for work","Independent (neither, no response)"
2024,Never married,29,12,2,Pretty happy,Fair,Other,Strong democrat
2024,Divorced,57,11,2,Pretty happy,Good,Working full time,"Independent (neither, no response)"
2024,Married,29,12,0,Not too happy,Good,"Unemployed, laid off, looking for work",Other party
2024,Married,34,12,2,Not too happy,Fair,Working part time,"Independent (neither, no response)"
2024,Divorced,39,12,2,Pretty happy,Fair,"Unemployed, laid off, looking for work","Independent (neither, no response)"
2024,Married,40,14,1,Pretty happy,Good,Keeping house,Strong republican
2024,Married,58,12,1,Not too happy,Fair,Other,Not very strong republican
2024,Married,73,13,2,Very happy,Good,Retired,Strong republican
2024,Married,54,12,4,Not too happy,Fair,Working part time,"Independent, close to democrat"
2024,Married,55,16,4,Very happy,Good,Working part time,Strong republican
2024,Married,32,12,2,Not too happy,Fair,Working full time,Strong republican
2024,Never married,76,17,0,Not too happy,Good,Retired,"Independent (neither, no response)"
2024,Never married,19,12,0,Pretty happy,Good,Working full time,"Independent (neither, no response)"
2024,Married,49,11,3,Pretty happy,Good,Working full time,"Independent (neither, no response)"
2024,Never married,40,9,2,Not too happy,Fair,Other,"Independent, close to republican"
2024,Divorced,78,18,4,Pretty happy,Poor,Retired,Other party
2024,Married,46,17,1,Very happy,Good,Working full time,Not very strong democrat
2024,Never married,28,16,0,Pretty happy,Good,Working full time,Strong democrat
2024,Never married,41,15,3,Pretty happy,Good,Working full time,"Independent (neither, no response)"
2024,Married,45,10,1,NA,Poor,Working part time,Strong republican
2024,Divorced,31,19,0,Very happy,Good,Working full time,Strong democrat
2024,Never married,67,8,2,Pretty happy,Fair,Other,"Independent, close to democrat"
2024,Never married,58,14,8,Pretty happy,Good,Working part time,"Independent (neither, no response)"
2024,Never married,67,16,0,Pretty happy,Fair,Retired,"Independent, close to republican"
2024,Married,45,15,1,Very happy,Good,Other,Strong republican
2024,Married,38,8,5,Not too happy,Fair,Keeping house,"Independent (neither, no response)"
2024,Widowed,89,16,2,Pretty happy,Good,Retired,Not very strong republican
2024,Never married,34,18,0,Pretty happy,Good,Working full time,"Independent, close to democrat"
2024,Married,52,16,2,Pretty happy,Good,Working full time,"Independent, close to democrat"
2024,Never married,69,12,0,Pretty happy,Fair,Retired,Strong democrat
2024,Married,42,16,2,Very happy,Good,Working full time,Not very strong democrat
2024,Married,53,20,2,Pretty happy,Good,Working full time,"Independent (neither, no response)"
2024,Divorced,43,12,2,Pretty happy,Excellent,Working full time,"Independent, close to republican"
2024,Divorced,63,12,1,Pretty happy,Fair,Keeping house,"Independent (neither, no response)"
2024,Married,63,19,0,Pretty happy,Excellent,Retired,"Independent, close to republican"
2024,Divorced,68,18,2,Pretty happy,Good,Working part time,"Independent (neither, no response)"
2024,Married,74,16,2,Very happy,Fair,Retired,Strong republican
2024,Married,48,13,4,Very happy,Good,Working full time,Strong republican
2024,Divorced,63,12,0,NA,Good,Retired,Not very strong republican
2024,Married,61,16,2,Pretty happy,Good,Working full time,Not very strong democrat
2024,Separated,56,13,3,NA,Fair,Other,Other party
2024,Never married,19,12,0,Pretty happy,Excellent,Working full time,Strong republican
2024,Divorced,57,12,2,Pretty happy,Good,Working full time,Strong republican
2024,Divorced,57,12,0,Pretty happy,Excellent,Working full time,Not very strong republican
2024,Widowed,80,12,2,Pretty happy,Good,Retired,Other party
2024,Never married,27,18,0,Very happy,Good,Working full time,Strong democrat
2024,Married,46,20,1,Pretty happy,Excellent,Working part time,Not very strong democrat
2024,Married,67,17,2,Pretty happy,Good,Working part time,Strong republican
2024,Married,70,16,2,Not too happy,Fair,Retired,Strong republican
2024,Married,78,19,1,Pretty happy,Excellent,Working part time,Strong democrat
2024,Married,77,20,2,Very happy,Good,Retired,Not very strong democrat
2024,Married,77,14,0,Very happy,Excellent,Retired,Strong democrat
2024,Married,56,19,2,Pretty happy,Good,Keeping house,Not very strong democrat
2024,Married,62,19,2,Very happy,Excellent,Retired,Strong republican
2024,Divorced,48,12,6,Pretty happy,Good,Working full time,"Independent (neither, no response)"
2024,Married,70,14,2,Pretty happy,Excellent,Retired,Strong republican
2024,Married,54,16,3,Not too happy,Excellent,Working full time,Not very strong democrat
2024,Married,77,16,2,Pretty happy,Good,Retired,"Independent, close to democrat"
2024,Divorced,89,16,2,Pretty happy,Good,Retired,Strong republican
2024,Divorced,64,19,0,Not too happy,Excellent,Working full time,Strong democrat
2024,Married,53,12,2,Pretty happy,Excellent,Working full time,Strong democrat
2024,Widowed,73,12,2,Pretty happy,Good,Retired,"Independent, close to republican"
2024,Divorced,70,20,2,Pretty happy,Excellent,Retired,Strong democrat
2024,Widowed,79,14,2,Pretty happy,Good,Retired,Not very strong republican
2024,Married,43,18,0,Very happy,Good,Working full time,Strong democrat
2024,Married,57,12,2,Very happy,Good,Retired,Not very strong republican
2024,Married,67,17,2,Not too happy,Good,Working part time,"Independent (neither, no response)"
2024,Widowed,89,14,4,Not too happy,Good,Retired,"Independent, close to republican"
2024,Divorced,35,11,2,Not too happy,Poor,"Unemployed, laid off, looking for work",Strong republican
2024,Divorced,60,6,4,Pretty happy,Fair,Working full time,"Independent, close to democrat"
2024,Never married,33,14,0,Pretty happy,Excellent,Working full time,Not very strong republican
2024,Divorced,62,14,1,Pretty happy,Fair,Retired,"Independent (neither, no response)"
2024,Married,76,14,1,Pretty happy,Excellent,Retired,Strong republican
2024,Divorced,51,14,2,Pretty happy,Fair,Working full time,"Independent (neither, no response)"
2024,Widowed,78,13,4,Not too happy,Excellent,Retired,Strong republican
2024,Married,37,13,2,Pretty happy,Good,Working full time,Not very strong republican
2024,Married,27,12,1,Very happy,Excellent,"With a job, but not at work because of temporary illness, vacation, strike",Not very strong republican
2024,Married,34,8,4,Very happy,Fair,"Unemployed, laid off, looking for work","Independent, close to democrat"
2024,Married,71,12,2,Pretty happy,Good,Retired,"Independent (neither, no response)"
2024,Never married,62,12,0,Pretty happy,Poor,Other,NA
2024,Never married,23,14,0,Pretty happy,Good,Working full time,Not very strong republican
2024,Married,34,12,1,Pretty happy,Poor,Working full time,Strong republican
2024,Never married,44,NA,0,Not too happy,Fair,Working full time,"Independent (neither, no response)"
2024,Widowed,60,15,0,Pretty happy,Excellent,Retired,"Independent, close to republican"
2024,Never married,25,12,0,Not too happy,Good,Working full time,"Independent (neither, no response)"
2024,Divorced,75,17,0,Pretty happy,Excellent,Working full time,"Independent, close to republican"
2024,Married,51,11,2,Pretty happy,Good,Working full time,Strong republican
2024,Married,58,12,2,Very happy,Good,Working full time,Strong republican
2024,Never married,30,14,0,Not too happy,Excellent,Working full time,"Independent (neither, no response)"
2024,Married,59,14,1,Not too happy,Good,Other,"Independent, close to republican"
2024,Married,65,15,1,Not too happy,Good,Retired,Not very strong republican
2024,Never married,61,0,0,Not too happy,Good,Working full time,Not very strong republican
2024,Married,68,17,3,Pretty happy,Good,Working part time,"Independent, close to democrat"
2024,Never married,64,14,0,Not too happy,Fair,Working full time,Strong republican
2024,Divorced,42,12,5,Pretty happy,Excellent,"Unemployed, laid off, looking for work","Independent (neither, no response)"
2024,Married,NA,15,1,Pretty happy,Good,Working full time,"Independent, close to republican"
2024,Never married,26,15,0,Not too happy,Good,Working full time,"Independent (neither, no response)"
2024,Divorced,NA,15,NA,Not too happy,Good,Working full time,"Independent (neither, no response)"
2024,Married,27,15,1,Very happy,Excellent,In school,"Independent (neither, no response)"
2024,Separated,60,13,2,Pretty happy,Good,Working full time,"Independent, close to democrat"
2024,Married,25,17,0,Pretty happy,Excellent,Working full time,"Independent (neither, no response)"
2024,Married,32,15,1,Pretty happy,Excellent,Working full time,"Independent, close to republican"
2024,Married,48,12,4,NA,Good,Working full time,Other party
2024,Widowed,85,12,2,Pretty happy,Good,Retired,"Independent (neither, no response)"
2024,Married,45,14,1,Pretty happy,Good,Working full time,"Independent (neither, no response)"
2024,Married,NA,20,1,Pretty happy,Good,Retired,Not very strong democrat
2024,Married,64,17,0,Very happy,Fair,Retired,Strong democrat
2024,Never married,73,12,0,Pretty happy,Good,Retired,"Independent (neither, no response)"
2024,Never married,69,16,0,Pretty happy,Good,Working full time,Strong democrat
2024,Never married,NA,12,0,Pretty happy,Fair,Retired,Not very strong democrat
2024,Married,65,14,2,Pretty happy,Good,Working full time,Strong democrat
2024,Married,58,14,3,Pretty happy,Fair,Working full time,"Independent (neither, no response)"
2024,Never married,NA,20,0,Not too happy,Poor,Retired,"Independent, close to democrat"
2024,Married,73,16,2,Pretty happy,Good,Retired,"Independent, close to democrat"
2024,Divorced,63,13,2,Pretty happy,Good,Working full time,Strong democrat
2024,Married,NA,NA,2,Pretty happy,Fair,Working full time,"Independent (neither, no response)"
2024,Never married,30,16,0,Not too happy,Good,Working full time,"Independent (neither, no response)"
2024,Never married,21,15,0,Pretty happy,Good,In school,Not very strong democrat
2024,Never married,37,16,0,Pretty happy,Good,"Unemployed, laid off, looking for work","Independent (neither, no response)"
2024,Never married,21,15,0,Pretty happy,Good,In school,Other party
2024,Divorced,63,20,3,Very happy,Fair,In school,"Independent, close to republican"
2024,Never married,23,13,0,Not too happy,Good,In school,"Independent, close to republican"
2024,Never married,NA,12,0,Pretty happy,Fair,In school,Strong republican
2024,Married,24,14,0,Not too happy,Fair,"With a job, but not at work because of temporary illness, vacation, strike","Independent, close to republican"
2024,Never married,24,14,0,Not too happy,Good,Working part time,Not very strong democrat
2024,Married,28,15,0,Very happy,Good,Working full time,Not very strong republican
2024,Never married,19,12,0,Pretty happy,Good,In school,Strong republican
2024,Married,46,13,4,Very happy,Good,Working full time,"Independent (neither, no response)"
2024,Married,54,18,2,Very happy,Good,Working full time,Strong democrat
2024,Married,52,12,5,Pretty happy,Good,Working part time,Strong republican
2024,Never married,72,13,0,Pretty happy,Good,Retired,Strong republican
2024,Never married,64,16,0,Pretty happy,Fair,Retired,Not very strong republican
2024,Never married,63,16,0,Pretty happy,Fair,Working part time,Strong democrat
2024,Never married,31,14,1,Pretty happy,Excellent,Working full time,"Independent (neither, no response)"
2024,Married,51,18,2,Pretty happy,Fair,Working full time,Not very strong democrat
2024,Never married,47,17,1,Pretty happy,Good,Retired,Strong democrat
2024,Never married,24,12,2,Very happy,Fair,Working full time,"Independent (neither, no response)"
2024,Separated,80,12,4,Pretty happy,Fair,Retired,"Independent, close to democrat"
2024,Widowed,71,12,3,Not too happy,Good,Keeping house,Strong republican
2024,Divorced,71,15,2,Not too happy,Good,Working full time,Strong republican
2024,Never married,36,12,0,Pretty happy,Excellent,Working full time,Not very strong republican
2024,Never married,41,11,1,Not too happy,Fair,Working full time,Not very strong republican
2024,Married,29,12,3,Pretty happy,Fair,Working part time,Not very strong republican
2024,Married,32,18,1,Pretty happy,Good,Working full time,"Independent (neither, no response)"
2024,Divorced,70,18,3,Pretty happy,Excellent,Working full time,Strong republican
2024,Widowed,76,12,1,Not too happy,Fair,Retired,"Independent (neither, no response)"
2024,Married,76,10,5,Pretty happy,Fair,Working part time,Not very strong democrat
2024,Married,47,9,1,Not too happy,Fair,Keeping house,Strong republican
2024,Divorced,85,13,2,Pretty happy,Good,Keeping house,Other party
2024,Never married,24,11,NA,NA,NA,"Unemployed, laid off, looking for work","Independent (neither, no response)"
2024,Never married,18,12,0,Not too happy,Fair,In school,"Independent (neither, no response)"
2024,Married,39,16,3,Not too happy,Fair,In school,"Independent (neither, no response)"
2024,Divorced,65,13,2,Very happy,Fair,Working full time,"Independent, close to democrat"
2024,Widowed,65,13,3,Very happy,Poor,Other,Not very strong republican
2024,Never married,50,12,2,Pretty happy,Poor,Other,"Independent, close to republican"
2024,Widowed,86,12,5,Pretty happy,Fair,Other,"Independent (neither, no response)"
2024,Married,42,20,1,Not too happy,Good,Working full time,Strong democrat
2024,Divorced,67,12,1,Not too happy,Fair,Retired,Not very strong republican
2024,Never married,22,14,0,Pretty happy,Excellent,Working full time,Not very strong democrat
2024,Divorced,62,14,2,Pretty happy,Good,Working part time,Not very strong republican
2024,Never married,25,17,0,Very happy,Excellent,Working full time,"Independent, close to republican"
2024,Married,37,12,2,Very happy,Good,Keeping house,Not very strong republican
2024,Married,89,12,4,Not too happy,Poor,Retired,"Independent (neither, no response)"
2024,Married,35,18,2,Pretty happy,Fair,Keeping house,"Independent (neither, no response)"
2024,Never married,77,20,1,Very happy,Poor,Keeping house,Strong democrat
2024,Married,68,18,1,Pretty happy,Fair,Retired,Strong republican
2024,Married,NA,13,2,Very happy,Good,Working full time,Not very strong republican
2024,Married,64,14,2,Very happy,Good,Working full time,Strong republican
2024,Married,56,16,3,Pretty happy,Good,Working part time,Not very strong democrat
2024,Never married,31,14,3,Very happy,Excellent,Working full time,Strong republican
2024,Never married,38,12,0,Not too happy,Fair,Retired,"Independent, close to republican"
2024,Never married,53,12,7,Pretty happy,Fair,"With a job, but not at work because of temporary illness, vacation, strike",Other party
2024,Never married,30,12,0,Not too happy,Fair,Keeping house,"Independent (neither, no response)"
2024,Divorced,72,16,2,Very happy,Excellent,Retired,Strong democrat
2024,Married,38,16,2,Not too happy,Excellent,Keeping house,Not very strong republican
2024,Never married,29,18,0,Not too happy,Good,Working full time,Strong democrat
2024,Married,36,18,5,Not too happy,Good,Keeping house,Strong republican
2024,Married,39,16,2,Very happy,Good,Keeping house,Strong democrat
2024,Married,59,12,3,Very happy,Good,Other,Strong republican
2024,Never married,68,10,3,Not too happy,Fair,Retired,"Independent (neither, no response)"
2024,Never married,38,10,1,Pretty happy,Good,Working part time,"Independent (neither, no response)"
2024,Married,55,13,4,Pretty happy,Good,Keeping house,"Independent (neither, no response)"
2024,Married,39,12,4,Pretty happy,Good,Keeping house,"Independent, close to republican"
2024,Married,60,13,2,Not too happy,Poor,Retired,Strong democrat
2024,Married,43,9,0,Not too happy,Poor,Working full time,"Independent (neither, no response)"
2024,Divorced,34,16,6,Very happy,Excellent,Working full time,"Independent (neither, no response)"
2024,Never married,26,12,0,Not too happy,Good,Working full time,"Independent, close to republican"
2024,Never married,66,12,2,Not too happy,Good,Retired,Strong republican
2024,Never married,65,12,2,Pretty happy,Good,"Unemployed, laid off, looking for work","Independent, close to democrat"
2024,Never married,42,15,4,Not too happy,Fair,Keeping house,Strong democrat
2024,Separated,53,9,2,Very happy,Fair,Working full time,Strong republican
2024,Never married,24,13,1,Pretty happy,Excellent,In school,Not very strong democrat
2024,Never married,38,12,3,Pretty happy,Fair,Working part time,Not very strong republican
2024,Never married,19,12,0,Pretty happy,Good,"Unemployed, laid off, looking for work","Independent (neither, no response)"
2024,Separated,69,16,3,Pretty happy,Excellent,Keeping house,Strong democrat
2024,Married,56,14,2,Pretty happy,Fair,"Unemployed, laid off, looking for work",Strong republican
2024,Never married,27,12,3,Pretty happy,Good,Working part time,Not very strong democrat
2024,Never married,21,12,0,Pretty happy,Good,Working full time,Not very strong republican
2024,Married,79,11,2,Very happy,Fair,Retired,Strong democrat
2024,Widowed,NA,14,2,Pretty happy,Good,Retired,"Independent (neither, no response)"
2024,Married,66,16,4,Very happy,Good,Working full time,Strong democrat
2024,Never married,36,12,0,Pretty happy,Fair,Working full time,"Independent (neither, no response)"
2024,Married,39,12,2,Pretty happy,Excellent,Working full time,"Independent (neither, no response)"
2024,Divorced,NA,12,4,Very happy,Good,Retired,"Independent (neither, no response)"
2024,Never married,77,16,2,Not too happy,Fair,Retired,Strong republican
2024,Widowed,67,16,4,Not too happy,Excellent,Retired,Strong democrat
2024,Divorced,57,14,2,Pretty happy,Good,Working full time,"Independent (neither, no response)"
2024,Married,74,14,1,Pretty happy,Excellent,Retired,Not very strong republican
2024,Separated,60,12,3,Not too happy,Fair,Working full time,"Independent (neither, no response)"
2024,Married,34,14,2,Very happy,Good,Working full time,Strong republican
2024,Married,68,18,2,Pretty happy,Good,Working full time,Strong democrat
2024,Widowed,45,14,0,Very happy,Excellent,Working full time,"Independent (neither, no response)"
2024,Never married,28,12,3,Very happy,Good,Working full time,Strong republican
2024,Divorced,53,16,2,Very happy,Excellent,Working full time,Strong republican
2024,Widowed,82,12,2,Pretty happy,Good,Retired,Strong republican
2024,Married,26,12,1,Pretty happy,Good,Working full time,"Independent (neither, no response)"
2024,Married,69,16,4,Very happy,Excellent,Retired,Not very strong republican
2024,Married,26,12,2,Not too happy,Fair,Working full time,"Independent (neither, no response)"
2024,Married,65,12,3,Pretty happy,Good,Retired,Strong republican
2024,Separated,35,16,3,Pretty happy,Good,Working full time,Strong democrat
2024,Married,48,18,0,Pretty happy,Good,Working full time,Strong democrat
2024,Never married,28,12,1,Pretty happy,Good,Working full time,"Independent (neither, no response)"
2024,Married,50,17,3,Very happy,Excellent,Retired,Strong republican
2024,Never married,43,13,1,Pretty happy,Fair,Working part time,"Independent, close to democrat"
2024,Married,44,12,3,Pretty happy,Good,Working full time,Strong republican
2024,Married,29,14,2,Pretty happy,Fair,Keeping house,Other party
2024,Married,50,13,2,Very happy,Good,Working part time,Not very strong democrat
2024,Married,48,17,3,Pretty happy,Excellent,"With a job, but not at work because of temporary illness, vacation, strike",Not very strong democrat
2024,Never married,23,13,0,Pretty happy,Poor,Working part time,"Independent, close to democrat"
2024,Never married,32,14,1,Pretty happy,Excellent,Working full time,"Independent (neither, no response)"
2024,Never married,25,16,0,Not too happy,Fair,Working full time,Other party
2024,Separated,48,14,8,Pretty happy,Fair,Working full time,"Independent (neither, no response)"
2024,Never married,31,12,1,Not too happy,Fair,Working full time,Strong republican
2024,Divorced,27,12,0,Not too happy,Good,Working full time,Not very strong republican
2024,Married,57,18,0,Pretty happy,Excellent,Working full time,Strong republican
2024,Divorced,64,16,1,Pretty happy,Fair,Other,"Independent (neither, no response)"
2024,Divorced,65,14,2,Pretty happy,Good,Working full time,"Independent, close to democrat"
2024,Divorced,47,12,3,Pretty happy,Fair,Keeping house,Strong democrat
2024,Divorced,63,16,3,Pretty happy,Fair,Working full time,"Independent (neither, no response)"
2024,Widowed,72,16,2,Very happy,Good,Retired,"Independent, close to republican"
2024,Never married,34,11,4,Very happy,Fair,Working full time,"Independent (neither, no response)"
2024,Divorced,39,17,1,Very happy,Good,Working full time,Not very strong democrat
2024,Married,19,14,6,Pretty happy,Excellent,Working full time,"Independent (neither, no response)"
2024,Never married,33,12,2,Pretty happy,Good,Working full time,"Independent (neither, no response)"
2024,Married,81,10,3,Pretty happy,Good,Retired,"Independent (neither, no response)"
2024,Married,58,16,1,Pretty happy,Good,Working full time,Not very strong democrat
2024,Married,28,12,3,Pretty happy,Excellent,Working full time,NA
2024,Widowed,84,12,6,Pretty happy,Good,Retired,Strong republican
2024,Never married,72,12,0,Very happy,Excellent,Retired,Not very strong republican
2024,Never married,60,10,0,Not too happy,Poor,Retired,"Independent, close to democrat"
2024,Never married,NA,12,0,Pretty happy,Fair,Working part time,"Independent (neither, no response)"
2024,Divorced,75,12,4,Not too happy,Fair,Retired,"Independent, close to republican"
2024,Married,34,18,0,Pretty happy,Good,Working full time,Not very strong democrat
2024,Never married,68,20,0,Pretty happy,Good,Retired,Strong democrat
2024,Divorced,47,12,2,Not too happy,Good,"Unemployed, laid off, looking for work",Other party
2024,Never married,25,14,0,Not too happy,Good,"Unemployed, laid off, looking for work","Independent (neither, no response)"
2024,Married,51,14,1,Very happy,Excellent,Working full time,Not very strong republican
2024,Married,67,18,2,Pretty happy,Good,Retired,"Independent (neither, no response)"
2024,Married,35,12,3,Pretty happy,Fair,Working full time,"Independent (neither, no response)"
2024,Never married,42,12,0,Very happy,Good,Working full time,"Independent (neither, no response)"
2024,Divorced,75,14,2,Pretty happy,Good,Retired,"Independent, close to republican"
2024,Separated,37,12,0,Very happy,Good,Working full time,"Independent, close to republican"
2024,Married,57,12,2,Very happy,Good,Working full time,Strong republican
2024,Married,41,20,2,Pretty happy,Good,Working full time,"Independent, close to republican"
2024,Widowed,74,14,2,Pretty happy,Excellent,Retired,Not very strong republican
2024,Married,66,12,2,Very happy,Excellent,Retired,"Independent, close to republican"
2024,Widowed,73,13,4,Not too happy,Good,Retired,Not very strong republican
2024,Never married,41,15,0,Pretty happy,Excellent,Working full time,Other party
2024,Widowed,68,12,5,Pretty happy,Good,Retired,Strong republican
2024,Married,60,12,3,Pretty happy,Good,Working part time,Strong republican
2024,Widowed,71,18,3,Not too happy,Excellent,Retired,Strong democrat
2024,Married,30,12,2,Pretty happy,Good,Keeping house,Not very strong republican
2024,Married,62,18,6,Very happy,Good,"With a job, but not at work because of temporary illness, vacation, strike","Independent, close to democrat"
2024,Married,78,16,0,Pretty happy,Good,Working part time,Not very strong democrat
2024,Married,64,18,4,Pretty happy,Good,Working full time,"Independent (neither, no response)"
2024,Married,58,12,3,Very happy,Fair,Working full time,Strong republican
2024,Married,72,13,1,Not too happy,Good,Retired,Strong republican
2024,Never married,64,12,0,Pretty happy,Fair,Other,Strong democrat
2024,Never married,70,12,0,Very happy,Excellent,Retired,NA
2024,Widowed,84,7,6,Pretty happy,NA,Retired,NA
2024,Divorced,73,16,2,Not too happy,Good,Retired,"Independent, close to republican"
2024,Married,55,12,2,Pretty happy,Good,Keeping house,Not very strong republican
2024,Never married,73,12,0,Pretty happy,Good,Retired,Strong republican
2024,Married,68,14,2,Very happy,Good,Keeping house,Not very strong republican
2024,Married,71,16,2,Pretty happy,Fair,Retired,Strong republican
2024,Married,80,20,2,Pretty happy,Good,Retired,Not very strong republican
2024,Married,40,20,1,Pretty happy,Good,Working full time,Strong democrat
2024,Married,42,20,5,Pretty happy,Fair,Working full time,"Independent, close to republican"
2024,Married,80,16,3,Very happy,Good,Keeping house,"Independent, close to democrat"
2024,Divorced,66,17,0,Pretty happy,Excellent,Retired,Not very strong democrat
2024,Married,61,16,0,Very happy,Good,Retired,"Independent (neither, no response)"
2024,Never married,NA,16,1,Pretty happy,Good,Working full time,Other party
2024,Divorced,63,8,3,Not too happy,Poor,Retired,Not very strong republican
2024,Never married,25,12,0,Very happy,Excellent,"Unemployed, laid off, looking for work","Independent (neither, no response)"
2024,Widowed,75,12,2,Not too happy,Fair,Retired,Strong republican
2024,Never married,26,12,1,Pretty happy,Excellent,Working full time,"Independent, close to democrat"
2024,Married,49,16,2,Pretty happy,Excellent,Working part time,Not very strong republican
2024,Widowed,69,16,2,Very happy,Excellent,Retired,"Independent, close to democrat"
2024,Married,69,12,2,Very happy,Good,Retired,Strong republican
2024,Married,65,12,2,Very happy,Good,Retired,Strong republican
2024,Married,40,14,2,Pretty happy,Good,Working full time,Not very strong republican
2024,Divorced,66,13,3,Pretty happy,Excellent,Working full time,Not very strong democrat
2024,Divorced,48,12,3,Pretty happy,Good,Working full time,"Independent (neither, no response)"
2024,Never married,27,17,0,Pretty happy,Good,Working full time,"Independent (neither, no response)"
2024,Married,67,12,1,Pretty happy,Good,Working full time,"Independent, close to democrat"
2024,Married,66,14,2,Pretty happy,Fair,Retired,Strong democrat
2024,Married,82,20,5,Very happy,Good,Retired,Not very strong republican
2024,Married,54,19,2,Very happy,Good,Working part time,Not very strong republican
2024,Never married,67,20,2,Not too happy,Excellent,Retired,Strong democrat
2024,Never married,59,12,0,Pretty happy,Fair,Retired,"Independent, close to republican"
2024,Never married,38,14,0,Pretty happy,Good,Working full time,"Independent, close to democrat"
2024,Divorced,38,14,3,Pretty happy,Good,Working full time,"Independent (neither, no response)"
2024,Married,NA,14,4,Pretty happy,Fair,Working full time,"Independent (neither, no response)"
2024,Married,74,16,0,Pretty happy,Fair,Working full time,"Independent, close to democrat"
2024,Divorced,60,18,4,Not too happy,Fair,Retired,Not very strong democrat
2024,Married,85,12,2,Very happy,Good,Retired,"Independent, close to republican"
2024,Married,49,17,1,Pretty happy,Good,Retired,"Independent, close to republican"
2024,Married,32,14,1,Very happy,Good,Working full time,"Independent (neither, no response)"
2024,Never married,32,10,0,Not too happy,Good,"Unemployed, laid off, looking for work","Independent, close to republican"
2024,Never married,32,10,2,Not too happy,Fair,Working full time,"Independent, close to republican"
2024,Married,53,20,3,Pretty happy,Fair,Working full time,Strong republican
2024,Married,78,18,2,Pretty happy,Excellent,Retired,Strong republican
2024,Never married,27,12,0,Pretty happy,Good,Working full time,"Independent (neither, no response)"
2024,Never married,28,12,1,Not too happy,Good,Working full time,"Independent (neither, no response)"
2024,Divorced,61,13,2,Not too happy,Fair,Keeping house,Not very strong democrat
2024,Never married,66,16,1,Pretty happy,Fair,Retired,Strong republican
2024,Married,48,20,0,Pretty happy,Fair,Working full time,"Independent, close to democrat"
2024,Divorced,65,10,1,Very happy,Good,Other,Strong democrat
2024,Never married,23,13,1,Pretty happy,Good,"With a job, but not at work because of temporary illness, vacation, strike","Independent (neither, no response)"
2024,Never married,NA,NA,0,Not too happy,Fair,Working full time,"Independent, close to republican"
2024,Married,55,12,0,Pretty happy,Good,Working full time,"Independent (neither, no response)"
2024,Married,70,10,4,Pretty happy,Good,Keeping house,Strong republican
2024,Never married,24,14,2,Not too happy,Fair,Keeping house,Strong democrat
2024,Married,76,12,2,Pretty happy,Good,Retired,Strong republican
2024,Separated,48,11,0,Not too happy,Good,Keeping house,"Independent, close to democrat"
2024,Married,62,14,1,Pretty happy,Fair,Working full time,Strong democrat
2024,Married,47,16,1,Pretty happy,Good,Working full time,"Independent (neither, no response)"
2024,Married,75,6,2,Pretty happy,Good,Retired,Strong democrat
2024,Married,20,15,0,Very happy,Good,In school,Strong republican
2024,Married,33,16,0,Very happy,Excellent,Keeping house,Not very strong democrat
2024,Never married,63,12,0,Pretty happy,Good,Retired,Not very strong republican
2024,Married,71,13,0,Very happy,Good,Retired,Strong democrat
2024,Married,40,16,2,Pretty happy,Good,Working full time,Not very strong republican
2024,Never married,57,16,2,Pretty happy,Good,Working full time,"Independent (neither, no response)"
2024,Married,69,16,2,Pretty happy,Good,Retired,Strong republican
2024,Married,26,14,5,Pretty happy,Good,Working full time,Not very strong republican
2024,Separated,32,10,2,Not too happy,Excellent,Working full time,Not very strong republican
2024,Married,55,12,2,Very happy,Excellent,Working full time,Strong democrat
2024,Never married,38,15,2,Not too happy,Fair,Working full time,"Independent (neither, no response)"
2024,Married,69,13,3,Pretty happy,Good,Retired,Strong republican
2024,Widowed,43,16,0,Pretty happy,Good,Working full time,Strong democrat
2024,Widowed,54,18,2,Pretty happy,Excellent,Retired,Strong republican
2024,Divorced,49,12,1,Pretty happy,Good,"With a job, but not at work because of temporary illness, vacation, strike",Strong republican
2024,Never married,28,16,0,Very happy,Excellent,Working full time,Not very strong republican
2024,Widowed,76,17,3,Not too happy,Good,Working full time,Not very strong democrat
2024,Never married,36,17,0,Pretty happy,Good,Working full time,"Independent, close to republican"
2024,Married,75,12,2,Pretty happy,Good,Retired,Strong republican
2024,Divorced,72,14,3,Very happy,Excellent,Retired,Not very strong democrat
2024,Married,67,14,3,Very happy,Excellent,Working part time,Strong republican
2024,Never married,21,11,0,Not too happy,Good,Working full time,"Independent (neither, no response)"
2024,Married,23,12,0,Pretty happy,Good,Working full time,Strong republican
2024,Never married,36,9,3,Pretty happy,Fair,Working full time,"Independent (neither, no response)"
2024,Divorced,64,12,0,Not too happy,Poor,Retired,Strong democrat
2024,Married,62,12,2,Very happy,Excellent,Retired,Strong republican
2024,Never married,47,16,1,Pretty happy,Good,Working full time,"Independent (neither, no response)"
2024,Married,34,13,3,Pretty happy,Good,Keeping house,Strong republican
2024,Divorced,44,12,3,Not too happy,Fair,Other,"Independent (neither, no response)"
2024,Never married,29,13,2,Pretty happy,Good,Working part time,"Independent, close to republican"
2024,Never married,45,12,2,Pretty happy,Fair,Working full time,"Independent (neither, no response)"
2024,Divorced,31,10,3,Not too happy,Good,"Unemployed, laid off, looking for work",Not very strong republican
2024,Married,33,11,6,Not too happy,Good,Working part time,Not very strong republican
2024,Married,73,13,2,Very happy,Good,Working part time,Strong republican
2024,Never married,20,14,0,Pretty happy,Fair,"Unemployed, laid off, looking for work","Independent, close to democrat"
2024,Married,58,16,2,Not too happy,Good,Working part time,"Independent (neither, no response)"
2024,Never married,39,12,2,Not too happy,Fair,Working full time,"Independent (neither, no response)"
2024,Never married,29,18,0,Pretty happy,Excellent,Working full time,"Independent (neither, no response)"
2024,Married,73,18,3,Pretty happy,Good,Retired,Strong republican
2024,Married,42,14,2,Pretty happy,Fair,Working full time,Not very strong republican
2024,Never married,27,17,0,Pretty happy,Excellent,Working full time,"Independent, close to republican"
2024,Never married,37,20,0,Pretty happy,Good,Working full time,"Independent (neither, no response)"
2024,Divorced,27,14,2,Very happy,Excellent,Working full time,Other party
2024,Married,34,16,2,Very happy,Excellent,Working full time,Strong republican
2024,Never married,35,14,1,Pretty happy,Good,Working part time,"Independent (neither, no response)"
2024,Married,57,13,3,Very happy,Fair,Working full time,"Independent (neither, no response)"
2024,Widowed,80,12,4,Not too happy,Poor,Retired,"Independent, close to democrat"
2024,Divorced,NA,12,2,Very happy,Fair,Other,"Independent (neither, no response)"
2024,Married,65,20,1,Pretty happy,Good,Retired,Not very strong republican
2024,Married,24,12,2,Pretty happy,Fair,Working full time,"Independent (neither, no response)"
2024,Married,50,13,0,Pretty happy,Fair,Working full time,Strong republican
2024,Married,64,12,1,Pretty happy,Good,Working full time,Strong democrat
2024,Married,61,16,0,Pretty happy,Good,Working full time,"Independent, close to democrat"
2024,Divorced,61,9,3,Not too happy,Poor,Working full time,"Independent (neither, no response)"
2024,Widowed,54,12,1,Very happy,Excellent,Other,"Independent (neither, no response)"
2024,Divorced,52,20,3,Very happy,Good,Working full time,Not very strong republican
2024,Widowed,79,12,2,Pretty happy,Good,Retired,Not very strong democrat
2024,Married,48,16,3,Pretty happy,Good,Working full time,Strong republican
2024,Separated,61,12,1,Pretty happy,Good,"Unemployed, laid off, looking for work",Not very strong republican
2024,Married,81,13,2,Pretty happy,Fair,Retired,Not very strong democrat
2024,Married,59,18,3,Very happy,Good,Retired,Strong republican
2024,Never married,22,12,0,Pretty happy,Excellent,Working full time,"Independent (neither, no response)"
2024,Divorced,54,20,2,Not too happy,Excellent,Working full time,Other party
2024,Married,37,16,0,Pretty happy,Excellent,Working full time,"Independent (neither, no response)"
2024,Divorced,43,18,2,Very happy,Good,Working full time,Strong republican
2024,Never married,26,18,0,Pretty happy,Good,"With a job, but not at work because of temporary illness, vacation, strike",Not very strong democrat
2024,Divorced,48,16,2,Pretty happy,Good,Working full time,Strong republican
2024,Married,39,14,2,Pretty happy,Good,Working full time,Not very strong republican
2024,Married,32,18,4,Pretty happy,Excellent,Working full time,"Independent, close to republican"
2024,Married,86,13,3,Not too happy,Fair,Retired,"Independent (neither, no response)"
2024,Widowed,62,20,2,Pretty happy,Fair,Retired,"Independent (neither, no response)"
2024,Divorced,60,14,2,Very happy,Good,Working full time,"Independent (neither, no response)"
2024,Never married,50,17,0,Very happy,Excellent,Working full time,"Independent, close to republican"
2024,Never married,35,15,0,Pretty happy,Excellent,Working part time,Other party
2024,Married,49,10,4,Pretty happy,Good,Working full time,"Independent (neither, no response)"
2024,Married,48,12,3,Very happy,Good,Working full time,Strong democrat
2024,Widowed,89,6,8,Not too happy,Fair,Keeping house,Strong democrat
2024,Never married,57,12,0,Pretty happy,Good,Working full time,Strong republican
2024,Widowed,72,15,8,Pretty happy,Good,"With a job, but not at work because of temporary illness, vacation, strike","Independent, close to democrat"
2024,Married,71,16,2,Pretty happy,Good,Retired,Strong democrat
2024,Married,71,12,1,Pretty happy,Good,Retired,Not very strong republican
2024,Never married,29,14,0,Pretty happy,Poor,Keeping house,Not very strong democrat
2024,Married,64,14,1,Not too happy,Good,Working part time,Strong republican
2024,Never married,34,19,0,Very happy,Excellent,Working full time,Not very strong republican
2024,Widowed,80,16,8,Pretty happy,Good,Retired,Strong republican
2024,Married,56,18,4,Pretty happy,Good,Working full time,Not very strong democrat
2024,Never married,19,13,0,Not too happy,Good,Working part time,Strong republican
2024,Divorced,48,9,3,Not too happy,Fair,Other,"Independent (neither, no response)"
2024,Divorced,34,13,1,Not too happy,Good,"Unemployed, laid off, looking for work",Not very strong republican
2024,Married,60,13,2,Not too happy,Good,Working full time,NA
2024,Never married,53,13,4,Not too happy,Poor,Keeping house,Not very strong republican
2024,Married,65,9,3,Very happy,Good,Retired,Strong democrat
2024,Never married,40,NA,0,Pretty happy,Fair,Working full time,"Independent (neither, no response)"
2024,Married,40,12,5,Not too happy,Fair,"Unemployed, laid off, looking for work","Independent (neither, no response)"
2024,Married,73,11,4,Pretty happy,Fair,"Unemployed, laid off, looking for work","Independent (neither, no response)"
2024,Married,NA,14,2,Pretty happy,Fair,Retired,Not very strong democrat
2024,Never married,24,12,1,Not too happy,Fair,Working full time,"Independent (neither, no response)"
2024,Never married,39,13,1,Pretty happy,Good,Other,"Independent (neither, no response)"
2024,Separated,68,11,0,Pretty happy,Good,Retired,Strong democrat
2024,Divorced,73,12,2,Not too happy,Good,Retired,Strong republican
2024,Divorced,56,12,0,Not too happy,Poor,Retired,"Independent, close to republican"
2024,Married,71,12,4,Pretty happy,Good,Retired,Not very strong democrat
2024,Married,56,14,1,Pretty happy,Good,Working full time,Strong democrat
2024,Married,66,17,4,Pretty happy,Poor,Working full time,Strong democrat
2024,Divorced,29,16,2,Pretty happy,Good,Working full time,"Independent, close to democrat"
2024,Never married,71,12,3,Pretty happy,Good,Retired,"Independent (neither, no response)"
2024,Married,49,12,4,Pretty happy,Fair,Keeping house,"Independent (neither, no response)"
2024,Widowed,78,15,2,Pretty happy,Fair,Retired,Not very strong democrat
2024,Married,59,13,2,Very happy,Excellent,Retired,"Independent (neither, no response)"
2024,Never married,39,14,0,Very happy,Excellent,Working full time,"Independent (neither, no response)"
2024,Never married,35,13,0,Pretty happy,Good,"With a job, but not at work because of temporary illness, vacation, strike","Independent, close to democrat"
2024,Widowed,52,12,3,Pretty happy,Good,Keeping house,Strong democrat
2024,Never married,53,15,8,NA,Good,Working full time,"Independent (neither, no response)"
2024,Married,70,18,4,Pretty happy,Fair,Retired,Not very strong republican
2024,Never married,27,15,0,Pretty happy,Good,Working full time,Strong democrat
2024,Divorced,55,11,8,Not too happy,Fair,Keeping house,Not very strong democrat
2024,Married,67,14,4,Very happy,Good,Retired,"Independent, close to republican"
2024,Never married,41,12,2,Not too happy,Excellent,Working full time,"Independent, close to republican"
2024,Never married,28,12,6,Pretty happy,Good,Other,"Independent (neither, no response)"
2024,Married,75,12,3,Pretty happy,Fair,Retired,"Independent, close to democrat"
2024,Never married,18,12,0,Pretty happy,Good,In school,Not very strong democrat
2024,Never married,22,14,0,Pretty happy,Good,Working full time,Other party
2024,Never married,49,14,1,Pretty happy,Fair,Working full time,"Independent, close to democrat"
2024,Never married,23,13,1,Pretty happy,Good,Working full time,Strong democrat
2024,Never married,40,13,2,Not too happy,Good,"Unemployed, laid off, looking for work",Not very strong democrat
2024,Divorced,67,12,0,Pretty happy,Good,Retired,"Independent, close to democrat"
2024,Widowed,79,14,0,Not too happy,Good,Retired,Strong democrat
2024,Married,71,16,0,Pretty happy,Fair,Keeping house,Not very strong republican
2024,Married,71,18,2,Very happy,Good,Working part time,Strong democrat
2024,Divorced,70,17,2,Pretty happy,Good,Retired,"Independent (neither, no response)"
2024,Divorced,56,NA,3,Not too happy,Fair,"Unemployed, laid off, looking for work","Independent (neither, no response)"
2024,Divorced,74,10,4,Pretty happy,Excellent,Keeping house,"Independent, close to republican"
2024,Never married,57,12,3,Not too happy,Excellent,Other,"Independent (neither, no response)"
2024,Married,NA,6,4,Pretty happy,Poor,Retired,Not very strong democrat
2024,Never married,27,12,0,Very happy,Excellent,Keeping house,"Independent (neither, no response)"
2024,Separated,62,11,4,Pretty happy,Good,Retired,"Independent, close to republican"
2024,Never married,26,12,2,Not too happy,Good,Working full time,"Independent, close to republican"
2024,Separated,32,16,0,Pretty happy,Good,Keeping house,Not very strong democrat
2024,Married,66,11,1,Not too happy,Fair,Retired,Strong democrat
2024,Never married,34,12,1,Pretty happy,Poor,Working full time,Not very strong democrat
2024,Married,37,16,0,Pretty happy,Excellent,Working full time,Strong democrat
2024,Never married,46,18,0,Pretty happy,Fair,Working full time,Strong democrat
2024,Never married,33,13,3,Not too happy,Fair,Keeping house,Strong democrat
2024,Married,44,11,6,Pretty happy,Fair,Working part time,"Independent (neither, no response)"
2024,Divorced,63,12,1,Not too happy,Good,Retired,"Independent (neither, no response)"
2024,Separated,37,14,2,Not too happy,Good,Working full time,"Independent, close to democrat"
2024,Never married,40,16,1,Pretty happy,Good,Working full time,Not very strong democrat
2024,Married,32,14,0,Pretty happy,Fair,Working full time,"Independent, close to republican"
2024,Never married,70,16,NA,Pretty happy,Fair,"With a job, but not at work because of temporary illness, vacation, strike",Strong democrat
2024,Divorced,72,16,1,Pretty happy,Good,Retired,Strong democrat
2024,Never married,66,11,2,Very happy,Fair,"Unemployed, laid off, looking for work",Strong democrat
2024,Divorced,80,15,2,Pretty happy,Good,Retired,Not very strong democrat
2024,Never married,67,13,2,Pretty happy,Good,Retired,Strong democrat
2024,Never married,63,12,0,Pretty happy,Fair,Working full time,Not very strong democrat
2024,Never married,38,12,0,Pretty happy,Excellent,Keeping house,Not very strong democrat
2024,Never married,52,20,0,Not too happy,Fair,Working full time,Strong democrat
2024,Never married,53,17,0,Very happy,Good,Retired,"Independent (neither, no response)"
2024,Widowed,46,16,0,Pretty happy,Fair,Other,Strong democrat
2024,Never married,54,16,0,Pretty happy,Good,Working full time,"Independent (neither, no response)"
2024,Never married,29,16,0,Pretty happy,Good,Working full time,Strong democrat
2024,Never married,56,6,0,Not too happy,Fair,Keeping house,Not very strong democrat
2024,Never married,50,18,0,Pretty happy,Good,Retired,Not very strong democrat
2024,Never married,19,12,0,Pretty happy,Good,Working full time,Not very strong republican
2024,Never married,32,18,0,Not too happy,Good,In school,Other party
2024,Never married,30,12,4,Pretty happy,Fair,"Unemployed, laid off, looking for work","Independent (neither, no response)"
2024,Never married,NA,3,0,Pretty happy,Good,Working full time,Not very strong republican
2024,Never married,22,11,0,Not too happy,Fair,"Unemployed, laid off, looking for work","Independent (neither, no response)"
2024,Never married,35,14,0,Not too happy,Fair,Working full time,"Independent (neither, no response)"
2024,Never married,76,18,0,Pretty happy,Good,Retired,Strong republican
2024,Never married,19,14,0,Very happy,Good,Working part time,"Independent (neither, no response)"
2024,Never married,33,12,0,Pretty happy,Excellent,Working full time,Strong republican
2024,Widowed,53,12,2,Pretty happy,Fair,Working full time,Strong democrat
2024,Married,72,12,4,Very happy,Good,Retired,"Independent, close to democrat"
2024,Never married,NA,19,NA,Pretty happy,Good,In school,"Independent (neither, no response)"
2024,Never married,30,12,2,Pretty happy,Good,Keeping house,Not very strong republican
2024,Married,29,16,1,Pretty happy,Excellent,Keeping house,"Independent (neither, no response)"
2024,Widowed,61,16,3,Pretty happy,Poor,Keeping house,Strong republican
2024,Married,37,13,4,Very happy,Good,Working full time,"Independent (neither, no response)"
2024,Never married,25,16,0,Very happy,Excellent,Working full time,"Independent (neither, no response)"
2024,Widowed,57,12,5,Pretty happy,Fair,Working full time,Strong democrat
2024,Divorced,81,12,0,Pretty happy,Good,Retired,Not very strong republican
2024,Married,74,18,2,Not too happy,Excellent,Retired,Strong republican
2024,Divorced,70,15,2,Not too happy,Fair,Retired,"Independent, close to republican"
2024,Married,72,16,2,Pretty happy,Good,Retired,Strong democrat
2024,Never married,45,12,0,Pretty happy,Good,Working full time,Strong republican
2024,Married,41,14,5,Pretty happy,Fair,Working full time,Strong republican
2024,Married,31,13,2,Not too happy,Fair,Keeping house,"Independent (neither, no response)"
2024,Married,36,12,3,Pretty happy,Good,Working full time,"Independent, close to republican"
2024,Never married,75,15,0,Very happy,Good,Retired,Strong democrat
2024,Divorced,66,14,4,Not too happy,Good,Retired,Strong republican
2024,Divorced,69,12,0,Pretty happy,Fair,Retired,Other party
2024,Never married,NA,NA,NA,NA,NA,Working full time,NA
2024,Married,43,13,1,Pretty happy,Fair,Working full time,"Independent (neither, no response)"
2024,Never married,26,14,0,Pretty happy,Good,Working full time,"Independent (neither, no response)"
2024,Never married,33,14,3,Not too happy,Good,Working full time,Not very strong republican
2024,Married,59,16,0,Pretty happy,Good,Retired,Strong republican
2024,Divorced,61,14,1,Pretty happy,Good,Working full time,"Independent (neither, no response)"
2024,Married,29,11,4,Pretty happy,Good,Working full time,"Independent (neither, no response)"
2024,Never married,67,14,0,Not too happy,Excellent,Retired,Not very strong democrat
2024,Married,48,12,6,Not too happy,Good,Working part time,"Independent (neither, no response)"
2024,Divorced,47,10,2,Not too happy,Good,Keeping house,"Independent, close to republican"
2024,Married,76,12,5,Very happy,Excellent,Retired,Not very strong republican
2024,Married,44,17,2,Pretty happy,Excellent,Working full time,"Independent, close to republican"
2024,Married,23,13,0,Pretty happy,Good,Working full time,"Independent (neither, no response)"
2024,Married,62,14,2,Very happy,Good,Working full time,Not very strong republican
2024,Married,34,12,2,Pretty happy,Good,Working part time,"Independent (neither, no response)"
2024,Widowed,83,16,2,Pretty happy,Good,Retired,Strong democrat
2024,Divorced,68,17,0,Not too happy,Good,Retired,"Independent (neither, no response)"
2024,Married,43,20,3,Very happy,Excellent,Working full time,Not very strong democrat
2024,Married,36,16,1,Very happy,Good,Working full time,Strong democrat
2024,Never married,77,18,1,Not too happy,Excellent,Retired,"Independent (neither, no response)"
2024,Married,47,16,2,Very happy,Good,Working full time,Not very strong democrat
2024,Divorced,45,14,1,Pretty happy,Good,Other,"Independent (neither, no response)"
2024,Never married,48,14,7,Not too happy,Fair,Working full time,Strong democrat
2024,Separated,36,16,2,Not too happy,Fair,Working full time,Not very strong republican
2024,Married,64,14,3,Pretty happy,Good,Retired,"Independent (neither, no response)"
2024,Married,42,20,3,Pretty happy,Good,Working full time,"Independent, close to democrat"
2024,Never married,32,16,0,Pretty happy,Good,Working full time,Strong democrat
2024,Married,63,13,3,Pretty happy,Fair,Working full time,"Independent (neither, no response)"
2024,Never married,26,11,5,Not too happy,Good,Keeping house,Strong democrat
2024,Never married,29,12,4,Pretty happy,Good,"Unemployed, laid off, looking for work","Independent (neither, no response)"
2024,Never married,32,11,5,Pretty happy,Good,"Unemployed, laid off, looking for work","Independent (neither, no response)"
2024,Never married,39,12,4,Pretty happy,Fair,Working full time,Not very strong democrat
2024,Never married,54,10,6,Very happy,Fair,"With a job, but not at work because of temporary illness, vacation, strike","Independent (neither, no response)"
2024,Divorced,73,13,2,Not too happy,Good,Retired,Not very strong republican
2024,Never married,45,13,5,Not too happy,Good,Working part time,Not very strong democrat
2024,Never married,30,14,1,Pretty happy,Good,Working full time,Not very strong democrat
2024,Never married,62,9,0,Pretty happy,Fair,Retired,"Independent (neither, no response)"
2024,Widowed,81,13,3,Pretty happy,Fair,Retired,Strong democrat
2024,Never married,74,8,2,Pretty happy,Fair,Retired,NA
2024,Widowed,67,14,4,Pretty happy,Fair,Retired,Not very strong democrat
2024,Never married,46,14,0,Pretty happy,Good,Working full time,Strong republican
2024,Divorced,59,12,4,Not too happy,Fair,Retired,NA
2024,Divorced,74,12,6,Not too happy,Fair,Retired,"Independent (neither, no response)"
2024,Divorced,64,9,3,Not too happy,Fair,"Unemployed, laid off, looking for work","Independent (neither, no response)"
2024,Never married,21,14,0,Pretty happy,Good,In school,Not very strong democrat
2024,Divorced,65,14,1,Pretty happy,Good,Working full time,"Independent, close to democrat"
2024,Married,64,16,4,Very happy,Excellent,Working full time,"Independent, close to democrat"
2024,Married,NA,12,1,Very happy,Fair,Working full time,"Independent (neither, no response)"
2024,Never married,18,11,0,Pretty happy,Fair,Working part time,"Independent (neither, no response)"
2024,Never married,41,13,0,Pretty happy,Good,Working full time,"Independent (neither, no response)"
2024,Widowed,78,16,3,Very happy,Excellent,Keeping house,"Independent (neither, no response)"
2024,Divorced,58,12,3,Very happy,Good,Working full time,"Independent, close to republican"
2024,Divorced,65,13,2,Not too happy,Fair,Retired,"Independent, close to democrat"
2024,Divorced,27,14,0,Not too happy,Good,Working full time,Strong republican
2024,Married,63,13,0,Very happy,Good,Working full time,Not very strong republican
2024,Never married,76,20,0,Pretty happy,Good,Retired,Strong democrat
2024,Divorced,56,16,2,Very happy,Excellent,Working part time,"Independent (neither, no response)"
2024,Never married,35,12,2,Pretty happy,Excellent,Working full time,Strong republican
2024,Divorced,42,11,2,Pretty happy,Fair,"Unemployed, laid off, looking for work","Independent (neither, no response)"
2024,Married,89,20,2,Not too happy,Poor,Retired,Not very strong republican
2024,Never married,45,12,0,Very happy,Good,Working full time,NA
2024,Married,62,17,3,Pretty happy,Excellent,Working full time,"Independent, close to democrat"
2024,Married,37,20,3,Pretty happy,Good,Working full time,"Independent (neither, no response)"
2024,Never married,43,15,1,Pretty happy,Good,Working full time,"Independent, close to democrat"
2024,Widowed,69,16,3,Not too happy,Good,Retired,"Independent (neither, no response)"
2024,Never married,22,12,0,Pretty happy,Fair,Working full time,"Independent (neither, no response)"
2024,Married,49,12,0,Very happy,Good,Working full time,"Independent, close to republican"
2024,Divorced,65,16,3,Pretty happy,Good,Retired,Strong republican
2024,Divorced,41,12,3,Very happy,Excellent,Working full time,"Independent (neither, no response)"
2024,Widowed,68,14,0,Pretty happy,Fair,Retired,"Independent, close to democrat"
2024,Married,34,16,0,Very happy,Excellent,Working full time,"Independent (neither, no response)"
2024,Never married,22,14,0,Pretty happy,Fair,In school,"Independent (neither, no response)"
2024,Never married,61,12,0,Not too happy,Poor,Retired,Not very strong republican
2024,Married,31,16,2,Pretty happy,Good,Keeping house,Not very strong democrat
2024,Married,83,12,3,Pretty happy,Fair,Retired,Not very strong republican
2024,Never married,20,14,0,Pretty happy,Fair,Working full time,Other party
2024,Married,75,13,3,Very happy,Good,Working part time,Strong republican
2024,Never married,29,12,3,Pretty happy,Fair,Working full time,Not very strong democrat
2024,Never married,37,15,3,Not too happy,Fair,"Unemployed, laid off, looking for work","Independent (neither, no response)"
2024,Divorced,81,15,6,Pretty happy,Poor,Retired,Strong democrat
2024,Married,18,12,0,Pretty happy,Good,In school,Not very strong republican
2024,Married,79,18,3,Pretty happy,Good,Retired,Strong republican
2024,Never married,21,14,0,Very happy,Poor,Working full time,Not very strong republican
2024,Divorced,68,12,3,Pretty happy,Excellent,Retired,Not very strong republican
2024,Married,86,12,4,Pretty happy,Good,Keeping house,"Independent (neither, no response)"
2024,Married,77,12,2,Pretty happy,Good,Retired,Not very strong democrat
2024,Never married,67,12,0,Pretty happy,Good,Retired,"Independent, close to democrat"
2024,Divorced,73,12,3,Not too happy,Good,Retired,"Independent (neither, no response)"
2024,Married,34,17,2,Pretty happy,Excellent,"With a job, but not at work because of temporary illness, vacation, strike",Not very strong democrat
2024,Married,71,12,3,Pretty happy,Fair,Retired,Not very strong republican
2024,Never married,25,12,0,Not too happy,Good,Working full time,Strong republican
2024,Married,48,12,1,Not too happy,Good,Working full time,Not very strong republican
2024,Never married,33,14,0,Pretty happy,Good,Working part time,"Independent (neither, no response)"
2024,Married,44,12,5,Very happy,Excellent,Working full time,Strong republican
2024,Never married,38,12,0,Pretty happy,Fair,Working full time,"Independent, close to democrat"
2024,Married,82,11,1,Not too happy,Poor,Retired,Not very strong democrat
2024,Never married,18,12,0,Pretty happy,Good,Keeping house,"Independent (neither, no response)"
2024,Married,82,16,3,Very happy,Good,Keeping house,Strong republican
2024,Married,56,12,2,Pretty happy,Fair,Working full time,Strong republican
2024,Married,55,16,0,Not too happy,Good,"Unemployed, laid off, looking for work","Independent, close to republican"
2024,Divorced,68,16,4,Not too happy,Good,Retired,Strong republican
2024,Married,67,14,1,Pretty happy,Good,Working full time,Strong republican
2024,Married,58,6,4,Not too happy,Fair,Keeping house,"Independent, close to democrat"
2024,Never married,26,12,0,Pretty happy,Good,Working full time,NA
2024,Married,67,13,2,Pretty happy,Good,Retired,"Independent (neither, no response)"
2024,Married,34,6,3,Very happy,Good,Working full time,"Independent (neither, no response)"
2024,Never married,43,14,0,Not too happy,Fair,"Unemployed, laid off, looking for work",Strong democrat
2024,Widowed,73,16,3,Pretty happy,Good,Retired,"Independent, close to republican"
2024,Married,62,16,3,Very happy,Good,Working full time,"Independent, close to republican"
2024,Never married,24,15,0,Not too happy,Fair,In school,"Independent, close to democrat"
2024,Married,NA,17,1,Not too happy,Fair,Working full time,Not very strong democrat
2024,Married,70,12,2,Pretty happy,Fair,Retired,"Independent, close to republican"
2024,Separated,47,11,8,Not too happy,Good,Working full time,"Independent (neither, no response)"
2024,Divorced,53,13,1,Pretty happy,Poor,Working full time,"Independent, close to republican"
2024,Married,64,16,4,Very happy,Fair,Retired,Not very strong republican
2024,Married,67,12,3,Pretty happy,Good,Retired,Not very strong republican
2024,Never married,35,12,0,Very happy,Good,Working full time,"Independent (neither, no response)"
2024,Married,36,16,2,Pretty happy,Good,Working full time,Strong republican
2024,Widowed,NA,16,2,Pretty happy,Excellent,Retired,"Independent (neither, no response)"
2024,Never married,32,17,0,Pretty happy,Excellent,Working full time,Strong democrat
2024,Married,65,12,3,Very happy,Excellent,Retired,"Independent, close to democrat"
2024,Divorced,84,16,1,Pretty happy,Fair,Retired,Not very strong republican
2024,Married,59,16,0,Pretty happy,Good,Working full time,"Independent (neither, no response)"
2024,Never married,24,12,3,Pretty happy,Fair,"Unemployed, laid off, looking for work","Independent, close to democrat"
2024,Married,51,14,3,Pretty happy,Good,Working full time,Not very strong democrat
2024,Never married,36,12,3,Pretty happy,Fair,Keeping house,"Independent, close to democrat"
2024,Widowed,30,0,0,Pretty happy,Poor,Working full time,"Independent, close to democrat"
2024,Married,41,16,1,Pretty happy,Fair,Working full time,Not very strong democrat
2024,Never married,31,12,0,Not too happy,Fair,"With a job, but not at work because of temporary illness, vacation, strike","Independent (neither, no response)"
2024,Never married,43,15,0,Pretty happy,Good,Working full time,"Independent, close to democrat"
2024,Never married,33,13,1,Pretty happy,Good,Working full time,Other party
2024,Never married,25,16,0,Pretty happy,Good,Working full time,"Independent (neither, no response)"
2024,Married,53,15,4,Pretty happy,Fair,Working full time,Strong republican
2024,Married,53,12,3,Very happy,Good,Keeping house,Not very strong republican
2024,Widowed,63,12,2,Pretty happy,Fair,Working full time,Strong democrat
2024,Divorced,38,14,0,Very happy,Good,Working full time,"Independent (neither, no response)"
2024,Never married,31,12,1,Not too happy,Good,"Unemployed, laid off, looking for work",Strong democrat
2024,Married,40,16,1,Not too happy,Fair,Working full time,"Independent, close to republican"
2024,Never married,NA,17,0,Pretty happy,Good,Working full time,"Independent (neither, no response)"
2024,Married,67,11,0,Pretty happy,Good,Retired,"Independent, close to democrat"
2024,Never married,73,12,1,Very happy,Good,Retired,"Independent, close to republican"
2024,Married,68,16,2,Pretty happy,Good,Retired,Not very strong republican
2024,Married,67,18,4,Pretty happy,Good,Retired,"Independent, close to republican"
2024,Divorced,67,16,0,Pretty happy,Excellent,Working part time,"Independent (neither, no response)"
2024,Divorced,39,17,0,Very happy,Good,Working full time,"Independent, close to democrat"
2024,Divorced,57,18,8,Pretty happy,Excellent,Keeping house,"Independent, close to democrat"
2024,Married,NA,16,0,Very happy,Good,Retired,Not very strong republican
2024,Married,60,13,2,Very happy,Excellent,Working full time,Strong republican
2024,Widowed,72,14,0,Pretty happy,Good,Retired,Not very strong democrat
2024,Married,66,16,2,Pretty happy,Good,Retired,Strong republican
2024,Married,64,12,2,Pretty happy,Good,Working part time,Strong republican
2024,Married,63,16,1,Very happy,Excellent,Working part time,Not very strong republican
2024,Married,74,16,2,Very happy,Excellent,Working full time,Strong republican
2024,Married,42,12,4,Pretty happy,Good,Working full time,"Independent, close to republican"
2024,Married,53,20,2,Very happy,Good,Keeping house,"Independent (neither, no response)"
2024,Divorced,49,18,3,Pretty happy,Excellent,Working full time,"Independent, close to republican"
2024,Married,58,20,2,Pretty happy,Good,Working part time,Strong democrat
2024,Married,66,13,3,Very happy,Good,Retired,Not very strong republican
2024,Married,64,14,2,Pretty happy,Excellent,Working full time,Strong republican
2024,Married,35,14,3,Pretty happy,Fair,Working full time,"Independent, close to republican"
2024,Married,55,12,4,Pretty happy,Good,Working full time,Strong republican
2024,Married,70,12,3,Pretty happy,Fair,Working part time,Strong democrat
2024,Divorced,42,12,3,Pretty happy,Good,Working full time,"Independent (neither, no response)"
2024,Married,32,19,1,Very happy,Good,Working full time,Not very strong democrat
2024,Married,NA,12,1,Pretty happy,Fair,"Unemployed, laid off, looking for work",Strong republican
2024,Married,69,12,2,Not too happy,Fair,Retired,Strong republican
2024,Divorced,36,11,4,Very happy,Excellent,Working full time,"Independent (neither, no response)"
2024,Married,41,12,1,Not too happy,Poor,Working full time,Strong republican
2024,Married,NA,12,1,Pretty happy,Fair,Working full time,Strong republican
2024,Never married,33,16,0,Pretty happy,Good,Working full time,Strong republican
2024,Married,30,16,2,Pretty happy,Good,Keeping house,Strong democrat
2024,Married,69,6,8,Not too happy,Fair,Retired,"Independent, close to democrat"
2024,Never married,23,14,0,Not too happy,Poor,Working full time,"Independent (neither, no response)"
2024,Married,42,13,3,Very happy,Fair,Working full time,"Independent (neither, no response)"
2024,Married,52,16,4,Very happy,Good,Working full time,Not very strong republican
2024,Never married,57,20,0,Pretty happy,Good,"With a job, but not at work because of temporary illness, vacation, strike","Independent (neither, no response)"
2024,Married,60,16,2,Not too happy,Fair,Working full time,"Independent, close to republican"
2024,Divorced,50,12,2,Not too happy,Fair,Working full time,"Independent, close to democrat"
2024,Widowed,75,14,2,Pretty happy,Fair,Retired,"Independent, close to democrat"
2024,Widowed,83,12,6,Pretty happy,Good,Retired,"Independent, close to democrat"
2024,Married,70,16,1,Not too happy,Good,Retired,"Independent, close to republican"
2024,Married,32,16,0,Very happy,Excellent,Working full time,Not very strong republican
2024,Never married,26,16,0,Pretty happy,Good,Working part time,"Independent, close to republican"
2024,Never married,22,12,0,Pretty happy,Fair,Keeping house,"Independent (neither, no response)"
2024,Divorced,64,15,6,Pretty happy,Good,Retired,"Independent (neither, no response)"
2024,Divorced,32,12,4,Not too happy,Excellent,Working full time,Strong republican
2024,Never married,31,17,0,Pretty happy,Fair,Working full time,"Independent (neither, no response)"
2024,Separated,50,12,3,Pretty happy,Fair,Keeping house,"Independent, close to democrat"
2024,Divorced,71,18,0,Pretty happy,Excellent,Retired,"Independent (neither, no response)"
2024,Separated,29,11,3,Very happy,Fair,Working full time,"Independent (neither, no response)"
2024,Never married,19,13,0,Not too happy,Poor,Working full time,"Independent (neither, no response)"
2024,Separated,32,14,3,Not too happy,Good,Working full time,Strong democrat
2024,Divorced,28,16,0,Pretty happy,Excellent,Working full time,Strong republican
2024,Widowed,54,12,3,Pretty happy,Good,Retired,Not very strong republican
2024,Married,56,10,0,Very happy,Good,Working full time,Strong democrat
2024,Separated,67,7,2,Pretty happy,Fair,Retired,Strong democrat
2024,Never married,56,12,0,Very happy,Good,"Unemployed, laid off, looking for work",Strong democrat
2024,Never married,47,12,3,Not too happy,Fair,Keeping house,Not very strong democrat
2024,Never married,34,10,3,Pretty happy,Good,Keeping house,"Independent (neither, no response)"
2024,Never married,18,9,0,Not too happy,Good,Working part time,"Independent (neither, no response)"
2024,Married,49,11,3,Not too happy,Fair,Working full time,Strong democrat
2024,Widowed,63,NA,1,Pretty happy,Good,Working part time,Strong democrat
2024,Never married,44,14,4,Not too happy,Poor,Working full time,NA
2024,Separated,66,11,5,Not too happy,Good,Other,Strong democrat
2024,Married,75,20,3,Very happy,Good,Keeping house,Strong republican
2024,Married,64,10,1,Pretty happy,Good,Other,Not very strong democrat
2024,Divorced,70,12,2,Pretty happy,Fair,Working full time,Strong republican
2024,Divorced,59,16,0,Pretty happy,Good,Working full time,Strong democrat
2024,Married,65,16,2,Pretty happy,Poor,Other,Strong republican
2024,Married,25,16,1,Very happy,Excellent,Working full time,"Independent, close to republican"
2024,Never married,21,13,0,Pretty happy,Good,Working full time,"Independent (neither, no response)"
2024,Never married,33,12,3,Pretty happy,Fair,Working full time,"Independent (neither, no response)"
2024,Married,36,9,3,Pretty happy,Fair,Keeping house,Strong democrat
2024,Divorced,56,NA,0,Not too happy,NA,Working part time,"Independent (neither, no response)"
2024,Never married,22,11,1,Pretty happy,Good,Working part time,"Independent, close to democrat"
2024,Never married,25,14,1,Pretty happy,Good,Keeping house,"Independent (neither, no response)"
2024,Never married,22,12,NA,NA,NA,Working full time,"Independent (neither, no response)"
2024,Never married,33,14,3,Pretty happy,Good,In school,Strong democrat
2024,Married,29,15,3,Very happy,Good,Working full time,"Independent (neither, no response)"
2024,Married,55,16,2,Pretty happy,Good,Working full time,Strong republican
2024,Never married,19,12,0,Pretty happy,Good,Working part time,"Independent (neither, no response)"
2024,Never married,46,10,4,Very happy,Fair,Other,"Independent (neither, no response)"
2024,Never married,26,16,0,Not too happy,Excellent,Working full time,"Independent, close to democrat"
2024,Divorced,72,12,0,Very happy,Good,Retired,Not very strong democrat
2024,Divorced,57,12,3,Not too happy,Good,Working full time,Not very strong republican
2024,Never married,71,14,0,Pretty happy,Excellent,Retired,Not very strong republican
2024,Married,62,16,2,Pretty happy,Good,"With a job, but not at work because of temporary illness, vacation, strike",Strong democrat
2024,Married,63,16,3,Pretty happy,Excellent,Retired,Not very strong republican
2024,Never married,24,13,0,Pretty happy,Good,Working full time,"Independent (neither, no response)"
2024,Never married,39,16,0,Not too happy,Good,Working full time,Not very strong democrat
2024,Married,27,12,0,Pretty happy,Fair,Working full time,"Independent (neither, no response)"
2024,Married,54,14,3,Very happy,Good,Working full time,Not very strong republican
2024,Married,46,13,2,Pretty happy,Fair,Working full time,Strong republican
2024,Married,43,14,2,Pretty happy,Good,Keeping house,Strong republican
2024,Never married,30,12,4,Very happy,Fair,Keeping house,"Independent, close to democrat"
2024,Married,38,12,2,Pretty happy,Excellent,"Unemployed, laid off, looking for work",Not very strong republican
2024,Married,48,14,2,Pretty happy,Fair,Working full time,Not very strong republican
2024,Married,45,15,3,Pretty happy,Good,Working full time,Other party
2024,Never married,28,14,0,Very happy,Good,Working full time,Strong republican
2024,Married,42,16,2,Pretty happy,Good,Working part time,"Independent (neither, no response)"
2024,Divorced,52,13,3,Pretty happy,Good,Working full time,Strong republican
2024,Married,66,13,3,Pretty happy,Good,Retired,Strong republican
2024,Widowed,74,11,4,Not too happy,Good,Keeping house,"Independent, close to democrat"
2024,Never married,18,16,NA,Pretty happy,Fair,Working full time,NA
2024,Married,29,14,2,Very happy,Fair,Keeping house,Strong republican
2024,Never married,22,12,0,Not too happy,Fair,Working part time,"Independent, close to democrat"
2024,Married,30,12,5,Very happy,Good,Working full time,"Independent (neither, no response)"
2024,Never married,44,14,0,Not too happy,Poor,Retired,"Independent (neither, no response)"
2024,Divorced,51,14,5,Not too happy,Poor,Keeping house,"Independent (neither, no response)"
2024,Never married,43,12,0,Not too happy,Good,Working full time,Not very strong republican
2024,Married,36,20,0,Very happy,Excellent,In school,Strong republican
2024,Divorced,42,16,2,Not too happy,Good,Working full time,"Independent (neither, no response)"
2024,Never married,39,16,0,Pretty happy,Excellent,"With a job, but not at work because of temporary illness, vacation, strike",Not very strong democrat
2024,Widowed,69,13,2,Not too happy,Good,Retired,"Independent (neither, no response)"
2024,Separated,61,12,0,Pretty happy,Fair,Retired,Strong democrat
2024,Married,45,14,2,Pretty happy,Fair,Working full time,Strong democrat
2024,Never married,20,12,0,Pretty happy,Good,"Unemployed, laid off, looking for work","Independent (neither, no response)"
2024,Divorced,59,13,4,Not too happy,Fair,Other,Strong republican
2024,Never married,29,16,0,Not too happy,Good,Working full time,"Independent (neither, no response)"
2024,Divorced,55,13,4,Pretty happy,Fair,In school,"Independent (neither, no response)"
2024,Never married,38,12,5,Not too happy,Fair,Working full time,"Independent, close to republican"
2024,Never married,58,12,0,Pretty happy,Fair,Working part time,"Independent, close to democrat"
2024,Never married,39,15,2,Very happy,Good,Working full time,Not very strong democrat
2024,Divorced,61,13,4,Pretty happy,Good,Retired,Strong democrat
2024,Widowed,54,16,3,Not too happy,Poor,Other,Strong democrat
2024,Never married,39,14,0,Pretty happy,Good,Keeping house,Not very strong democrat
2024,Never married,55,12,2,Pretty happy,Fair,Working part time,"Independent (neither, no response)"
2024,Never married,39,10,0,Not too happy,Fair,Keeping house,"Independent (neither, no response)"
2024,Never married,23,12,0,Pretty happy,Good,Working full time,Not very strong democrat
2024,Never married,25,12,0,Not too happy,Excellent,Working part time,Not very strong democrat
2024,Never married,60,11,3,Not too happy,Fair,Other,Not very strong democrat
2024,Never married,36,12,2,Pretty happy,Good,Keeping house,"Independent, close to democrat"
2024,Married,42,12,4,Pretty happy,Excellent,"With a job, but not at work because of temporary illness, vacation, strike",Strong republican
2024,Married,42,16,8,Not too happy,Fair,Keeping house,Not very strong republican
2024,Never married,26,20,0,Pretty happy,Fair,Working full time,"Independent, close to democrat"
2024,Never married,NA,12,2,Not too happy,Excellent,Working full time,"Independent (neither, no response)"
2024,Never married,67,16,0,Very happy,Excellent,Retired,"Independent (neither, no response)"
2024,Married,76,16,4,Not too happy,Good,Retired,"Independent (neither, no response)"
2024,Married,67,12,2,Pretty happy,Good,Retired,"Independent (neither, no response)"
2024,Married,88,13,2,Pretty happy,Fair,Retired,Not very strong republican
2024,Never married,27,12,2,Pretty happy,Fair,Keeping house,Not very strong republican
2024,Married,62,15,4,Pretty happy,Good,"Unemployed, laid off, looking for work",Strong republican
2024,Married,84,13,4,Very happy,Good,Retired,Strong republican
2024,Married,66,14,5,Pretty happy,Good,Working full time,Strong republican
2024,Married,53,20,1,Pretty happy,Fair,Working full time,"Independent (neither, no response)"
2024,Divorced,73,12,0,Not too happy,Excellent,Retired,"Independent (neither, no response)"
2024,Married,23,16,0,Not too happy,Fair,Working full time,"Independent, close to republican"
2024,Divorced,56,18,3,Pretty happy,Good,Working full time,Strong republican
2024,Married,36,14,5,Pretty happy,Fair,Working full time,"Independent, close to republican"
2024,Married,61,15,3,Pretty happy,Fair,"With a job, but not at work because of temporary illness, vacation, strike",Strong republican
2024,Married,51,18,6,Pretty happy,Good,Working full time,Strong republican
2024,Married,71,16,4,Pretty happy,Good,Retired,Strong republican
2024,Married,77,11,3,Pretty happy,Good,Retired,Strong republican
2024,Married,38,16,4,Pretty happy,Excellent,Working part time,Not very strong republican
2024,Married,31,12,3,Pretty happy,Fair,Keeping house,"Independent, close to republican"
2024,Never married,37,18,0,Pretty happy,Excellent,In school,Strong republican
2024,Widowed,76,16,2,Pretty happy,Poor,Retired,Strong republican
2024,Married,65,14,1,Pretty happy,Good,Working full time,Not very strong democrat
2024,Married,24,14,1,Very happy,Excellent,Working full time,"Independent, close to republican"
2024,Never married,30,10,4,Very happy,Fair,Keeping house,"Independent (neither, no response)"
2024,Divorced,31,13,0,Pretty happy,Fair,Working full time,"Independent (neither, no response)"
2024,Married,79,17,4,Pretty happy,Good,Retired,Not very strong republican
2024,Married,74,13,5,Not too happy,Good,Retired,"Independent, close to republican"
2024,Married,34,14,0,Very happy,Excellent,Working full time,Strong democrat
2024,Never married,38,11,4,Pretty happy,Fair,Working full time,"Independent (neither, no response)"
2024,Never married,19,15,0,Very happy,Excellent,"Unemployed, laid off, looking for work",Not very strong republican
2024,Divorced,48,18,2,Pretty happy,Good,Working full time,"Independent (neither, no response)"
2024,Divorced,NA,15,2,Very happy,Good,Working full time,"Independent, close to republican"
2024,Never married,NA,6,1,Not too happy,Excellent,Working full time,"Independent (neither, no response)"
2024,Divorced,68,7,1,Very happy,Good,Other,"Independent (neither, no response)"
2024,Never married,44,18,0,Not too happy,Good,Working full time,"Independent (neither, no response)"
2024,Divorced,55,14,4,Pretty happy,Fair,Working part time,Strong democrat
2024,Never married,54,17,0,Pretty happy,Fair,Working full time,"Independent, close to republican"
2024,Married,52,6,2,Pretty happy,Good,Working full time,Not very strong democrat
2024,Married,61,12,1,Very happy,Good,Working full time,Other party
2024,Widowed,61,13,0,Pretty happy,Good,Retired,"Independent (neither, no response)"
2024,Married,57,14,2,Pretty happy,Good,Working full time,"Independent, close to democrat"
2024,Divorced,60,16,2,Pretty happy,Excellent,Retired,"Independent, close to democrat"
2024,Married,55,18,1,Very happy,Good,Retired,Strong republican
2024,Married,60,14,2,Not too happy,Fair,Working full time,"Independent (neither, no response)"
2024,Married,42,14,6,Very happy,Good,Working full time,"Independent (neither, no response)"
2024,Never married,55,20,0,Very happy,Excellent,"Unemployed, laid off, looking for work",Strong democrat
2024,Divorced,56,12,2,Pretty happy,Fair,Retired,"Independent (neither, no response)"
2024,Married,35,12,2,Very happy,Good,Working part time,Strong republican
2024,Never married,22,12,4,Very happy,Excellent,Keeping house,"Independent (neither, no response)"
2024,Widowed,NA,12,4,Very happy,Good,Keeping house,"Independent (neither, no response)"
2024,Divorced,67,14,3,Pretty happy,Good,Working full time,Strong democrat
2024,Married,73,13,2,Pretty happy,Excellent,Retired,Strong republican
2024,Married,60,15,2,Not too happy,Good,Working full time,"Independent (neither, no response)"
2024,Never married,34,10,4,Very happy,Poor,Working full time,Not very strong democrat
2024,Married,80,16,0,Pretty happy,Good,Retired,Strong democrat
2024,Married,62,17,1,Pretty happy,Good,Working full time,"Independent, close to republican"
2024,Married,52,16,2,Pretty happy,Good,Working full time,Not very strong democrat
2024,Never married,44,16,1,Pretty happy,Good,Working part time,Not very strong democrat
2024,Married,74,20,0,Very happy,Excellent,Working part time,"Independent (neither, no response)"
2024,Divorced,56,14,0,Pretty happy,Good,Working full time,"Independent, close to republican"
2024,Divorced,43,20,2,Very happy,Excellent,Working full time,Strong democrat
2024,Never married,60,13,3,Not too happy,Fair,Working full time,Not very strong republican
2024,Married,32,18,1,Pretty happy,Good,Working full time,Strong democrat
2024,Divorced,67,15,0,Pretty happy,Fair,Working part time,Not very strong republican
2024,Never married,47,16,2,Pretty happy,Good,Working full time,"Independent, close to democrat"
2024,Widowed,80,12,4,Pretty happy,Good,Retired,"Independent, close to republican"
2024,Married,70,12,3,Not too happy,Good,Retired,Not very strong democrat
2024,Divorced,49,16,2,Pretty happy,Good,Working full time,"Independent (neither, no response)"
2024,Separated,44,12,2,Not too happy,Fair,Working full time,Not very strong republican
2024,Divorced,37,20,0,Pretty happy,Poor,Working full time,Not very strong republican
2024,Never married,33,17,0,Pretty happy,Excellent,"Unemployed, laid off, looking for work","Independent, close to democrat"
2024,Never married,49,14,0,Not too happy,Fair,"Unemployed, laid off, looking for work",Strong democrat
2024,Never married,22,16,0,Not too happy,Fair,In school,Not very strong republican
2024,Married,27,12,0,Very happy,Excellent,"Unemployed, laid off, looking for work","Independent (neither, no response)"
2024,Widowed,77,12,0,NA,Good,Retired,"Independent, close to democrat"
2024,Divorced,69,16,2,Pretty happy,Good,Retired,Strong democrat
2024,Married,63,18,2,Very happy,Good,Working part time,Not very strong democrat
2024,Married,41,14,4,Very happy,Excellent,Working part time,"Independent (neither, no response)"
2024,Divorced,72,16,1,Pretty happy,Excellent,In school,Other party
2024,Married,70,14,2,Very happy,Good,Working part time,Not very strong republican
2024,Divorced,44,16,3,Pretty happy,Good,Working full time,Strong democrat
2024,Divorced,41,16,1,Pretty happy,Good,Working full time,Not very strong democrat
2024,Married,39,12,3,Pretty happy,Good,Keeping house,Not very strong republican
2024,Married,40,13,2,Very happy,Excellent,Working full time,Strong democrat
2024,Married,51,16,0,Very happy,Excellent,Working full time,Strong democrat
2024,Never married,37,20,0,Pretty happy,Excellent,Working full time,Not very strong republican
2024,Married,65,14,2,Pretty happy,Good,Retired,Not very strong republican
2024,Never married,33,14,0,Pretty happy,Good,Working full time,Not very strong democrat
2024,Divorced,70,12,1,Not too happy,Fair,Retired,Strong republican
2024,Married,67,17,2,Pretty happy,Good,Retired,"Independent, close to democrat"
2024,Married,35,18,1,Pretty happy,Good,Keeping house,Not very strong democrat
2024,Divorced,55,15,3,Pretty happy,Excellent,Working full time,"Independent, close to republican"
2024,Divorced,44,15,2,Pretty happy,Excellent,Working full time,"Independent, close to democrat"
2024,Married,37,16,3,Very happy,Excellent,Keeping house,Strong republican
2024,Married,68,12,3,Pretty happy,Good,Retired,Not very strong democrat
2024,Married,77,13,3,Pretty happy,Fair,Retired,Not very strong democrat
2024,Married,43,17,2,Pretty happy,Fair,Keeping house,"Independent (neither, no response)"
2024,Married,28,12,0,Pretty happy,Fair,Working full time,Not very strong democrat
2024,Married,28,16,0,Very happy,Excellent,Working full time,Strong republican
2024,Never married,31,17,0,Pretty happy,Poor,Working full time,Not very strong republican
2024,Divorced,62,12,2,Pretty happy,Good,Working part time,"Independent, close to democrat"
2024,Divorced,67,16,0,Very happy,Good,Retired,Strong democrat
2024,Divorced,38,16,2,Very happy,Good,Working full time,Not very strong democrat
2024,Never married,31,12,0,Not too happy,Fair,Working full time,"Independent (neither, no response)"
2024,Married,59,13,1,Not too happy,Good,Working part time,"Independent, close to republican"
2024,Never married,38,14,3,Pretty happy,Good,Keeping house,Not very strong democrat
2024,Married,43,5,0,Not too happy,Fair,Working full time,"Independent, close to democrat"
2024,Divorced,54,19,2,Not too happy,Fair,"Unemployed, laid off, looking for work",NA
2024,Widowed,64,12,5,Pretty happy,Good,Keeping house,"Independent (neither, no response)"
2024,Divorced,69,12,1,Pretty happy,Fair,Retired,"Independent (neither, no response)"
2024,Never married,38,12,1,Very happy,Good,Working full time,"Independent (neither, no response)"
2024,Never married,39,16,1,Pretty happy,Good,"With a job, but not at work because of temporary illness, vacation, strike","Independent (neither, no response)"
2024,Married,47,18,2,Pretty happy,Excellent,Working full time,Strong democrat
2024,Married,37,18,3,Very happy,Good,Working part time,"Independent, close to republican"
2024,Divorced,52,18,3,Not too happy,Good,"Unemployed, laid off, looking for work",Strong republican
2024,Separated,56,16,2,Pretty happy,Good,Retired,"Independent (neither, no response)"
2024,Married,61,16,4,Pretty happy,Good,Working full time,Strong republican
2024,Widowed,55,20,3,Very happy,Good,Keeping house,"Independent, close to republican"
2024,Married,74,16,2,Very happy,Excellent,Retired,Strong republican
2024,Married,65,16,5,Very happy,Excellent,Retired,NA
2024,Married,63,16,2,Very happy,Fair,Working full time,Not very strong republican
2024,Never married,19,14,0,Not too happy,Good,In school,"Independent, close to democrat"
2024,Divorced,51,16,2,Not too happy,Excellent,Working part time,Not very strong republican
2024,Married,74,16,0,Very happy,Excellent,Retired,"Independent, close to democrat"
2024,Married,77,16,1,Not too happy,Fair,Retired,Not very strong democrat
2024,Never married,75,16,0,Not too happy,Excellent,Retired,"Independent (neither, no response)"
2024,Married,40,18,3,Pretty happy,Excellent,Working full time,Strong republican
2024,Married,49,16,5,Very happy,Good,Working full time,Strong republican
2024,Married,78,15,3,Pretty happy,Good,Retired,Strong democrat
2024,Divorced,76,18,1,Pretty happy,Good,Retired,Strong republican
2024,Widowed,71,12,5,Pretty happy,Good,Retired,Strong republican
2024,Married,43,14,0,Pretty happy,Fair,Working full time,"Independent (neither, no response)"
2024,Married,33,13,2,Pretty happy,Fair,Keeping house,"Independent, close to republican"
2024,Married,58,12,3,Pretty happy,Fair,Working full time,"Independent (neither, no response)"
2024,Married,52,17,2,Pretty happy,Good,Working full time,Not very strong republican
2024,Married,63,13,2,Pretty happy,Fair,Retired,"Independent, close to republican"
2024,Married,68,12,3,Not too happy,Good,Keeping house,"Independent (neither, no response)"
2024,Widowed,76,12,0,Very happy,Good,Working part time,"Independent (neither, no response)"
2024,Divorced,73,12,4,Pretty happy,Poor,Retired,"Independent, close to republican"
2024,Married,67,16,3,Pretty happy,Good,Retired,"Independent (neither, no response)"
2024,Married,79,14,2,Pretty happy,Fair,Retired,Strong republican
2024,Widowed,66,13,0,Pretty happy,Fair,Other,"Independent (neither, no response)"
2024,Married,79,13,2,Pretty happy,Poor,Retired,Strong democrat
2024,Divorced,39,16,1,Pretty happy,Fair,Retired,Other party
2024,Never married,30,11,1,Pretty happy,Good,Keeping house,Strong democrat
2024,Married,46,12,2,Pretty happy,Good,Working full time,Strong republican
2024,Married,75,14,3,Pretty happy,Good,Retired,"Independent (neither, no response)"
2024,Widowed,84,17,3,Pretty happy,Good,Retired,Not very strong republican
2024,Married,71,12,1,Very happy,Fair,Retired,"Independent (neither, no response)"
2024,Divorced,66,18,3,Not too happy,Excellent,Retired,Strong republican
2024,Married,69,13,2,Not too happy,Fair,Retired,Strong democrat
2024,Married,58,16,0,Very happy,Good,Retired,Not very strong democrat
2024,Never married,57,16,0,Pretty happy,Good,Working full time,"Independent, close to republican"
2024,Never married,21,14,1,Pretty happy,Fair,Keeping house,"Independent (neither, no response)"
2024,Never married,24,14,0,Not too happy,Fair,Working part time,Not very strong democrat
2024,Separated,31,15,4,Pretty happy,Fair,Working full time,"Independent, close to republican"
2024,Never married,25,12,0,Not too happy,Poor,Other,"Independent, close to republican"
2024,Separated,40,13,4,Not too happy,Fair,Keeping house,"Independent (neither, no response)"
2024,Divorced,73,18,0,Very happy,Good,Retired,"Independent, close to republican"
2024,Married,49,13,2,Pretty happy,Good,Working full time,Strong republican
2024,Divorced,41,14,5,Pretty happy,Excellent,Other,"Independent (neither, no response)"
2024,Divorced,40,14,3,Very happy,Good,Working full time,"Independent (neither, no response)"
2024,Married,26,10,1,Not too happy,Fair,Working full time,"Independent (neither, no response)"
2024,Married,27,12,1,Pretty happy,Good,Keeping house,"Independent (neither, no response)"
2024,Married,37,13,2,Not too happy,Fair,Working full time,Not very strong republican
2024,Married,43,12,2,Pretty happy,Good,Other,Strong republican
2024,Never married,36,17,3,Pretty happy,Fair,Working full time,"Independent, close to democrat"
2024,Divorced,46,13,2,Not too happy,Poor,Other,Not very strong republican
2024,Widowed,61,11,3,Pretty happy,Poor,Keeping house,"Independent, close to republican"
2024,Divorced,54,14,1,Pretty happy,Fair,Retired,Not very strong republican
2024,Widowed,73,12,2,Pretty happy,Fair,Retired,Strong democrat
2024,Married,55,12,0,Pretty happy,Poor,NA,"Independent, close to republican"
2024,Married,63,9,1,Pretty happy,Fair,Retired,"Independent, close to republican"
2024,Widowed,47,8,6,Pretty happy,Fair,"With a job, but not at work because of temporary illness, vacation, strike","Independent (neither, no response)"
2024,Married,31,12,4,Pretty happy,Poor,Keeping house,"Independent, close to republican"
2024,Never married,20,12,0,Not too happy,Good,Keeping house,Not very strong republican
2024,Divorced,35,12,4,Very happy,Fair,Working full time,"Independent (neither, no response)"
2024,Married,34,12,1,Pretty happy,Good,Keeping house,"Independent, close to republican"
2024,Never married,42,12,2,Pretty happy,Fair,Working full time,"Independent, close to republican"
2024,Divorced,26,13,2,Pretty happy,Fair,Working part time,"Independent (neither, no response)"
2024,Never married,55,11,0,Pretty happy,Good,Working full time,Strong republican
2024,Never married,21,12,1,Very happy,Fair,Working full time,"Independent, close to democrat"
2024,Married,64,16,3,Pretty happy,Poor,Working part time,"Independent, close to democrat"
2024,Divorced,68,15,3,Not too happy,Good,Other,Strong democrat
2024,Married,43,6,2,Pretty happy,Good,Working full time,Not very strong republican
2024,Married,73,12,2,Very happy,Fair,Retired,Strong republican
2024,Married,28,14,0,Pretty happy,Poor,Working full time,Not very strong democrat
2024,Divorced,38,12,5,Pretty happy,Good,Working part time,"Independent, close to democrat"
2024,Divorced,59,6,3,Pretty happy,Poor,Other,"Independent, close to democrat"
2024,Widowed,77,14,0,Pretty happy,Good,Retired,Not very strong democrat
2024,Divorced,63,12,0,Not too happy,Good,Retired,Not very strong republican
2024,Married,34,16,2,Pretty happy,Good,Working full time,Not very strong republican
2024,Divorced,54,14,2,Not too happy,Fair,Other,Strong republican
2024,Married,64,14,1,Pretty happy,Fair,Retired,Not very strong republican
2024,Married,40,18,1,Pretty happy,Good,Working full time,"Independent, close to republican"
2024,Separated,61,13,3,Not too happy,Fair,Other,Strong republican
2024,Divorced,56,14,3,Very happy,Good,Working full time,Strong republican
2024,Married,48,15,2,Pretty happy,Good,Working full time,Not very strong republican
2024,Married,26,14,1,Very happy,Excellent,Working full time,Strong republican
2024,Married,42,12,0,Pretty happy,Good,Working full time,Not very strong republican
2024,Divorced,55,12,1,Pretty happy,Poor,Keeping house,Strong republican
2024,Married,37,18,2,Pretty happy,Good,Working full time,"Independent, close to republican"
2024,Never married,18,11,0,Very happy,Excellent,In school,Strong republican
2024,Never married,32,12,0,Pretty happy,Excellent,Working full time,Strong republican
2024,Married,56,12,1,Very happy,Excellent,Working full time,Strong republican
2024,Married,44,16,4,Very happy,Excellent,Working full time,"Independent, close to republican"
2024,Married,51,16,2,Pretty happy,Good,Working full time,Strong republican
2024,Divorced,62,19,2,Very happy,Good,Working full time,Not very strong republican
2024,Married,35,14,0,Pretty happy,Fair,Working full time,"Independent (neither, no response)"
2024,Never married,35,16,2,Very happy,Good,Working full time,Strong republican
2024,Married,75,16,4,Very happy,Good,Retired,"Independent (neither, no response)"
2024,Married,60,12,2,Pretty happy,Good,Working full time,"Independent, close to republican"
2024,Never married,37,16,0,Very happy,Good,Working full time,"Independent (neither, no response)"
2024,Married,41,16,2,Pretty happy,Good,Working full time,"Independent, close to republican"
2024,Married,58,15,2,Pretty happy,Good,Working full time,Not very strong republican
2024,Divorced,43,17,2,Not too happy,Excellent,Working full time,Not very strong republican
2024,Married,31,16,1,Very happy,Excellent,Working full time,"Independent (neither, no response)"
2024,Married,46,12,2,Pretty happy,Fair,Working full time,"Independent, close to republican"
2024,Married,39,12,2,Pretty happy,Good,Working full time,Strong republican
2024,Married,35,13,3,Pretty happy,Good,Working full time,Other party
2024,Never married,20,15,0,Pretty happy,Good,Working part time,"Independent (neither, no response)"
2024,Married,73,12,2,Very happy,Fair,Retired,Not very strong republican
2024,Married,35,19,0,Very happy,Good,Working full time,Strong republican
2024,Divorced,63,16,4,Not too happy,Good,Working part time,Not very strong republican
2024,Married,83,16,2,Pretty happy,Excellent,Retired,Strong democrat
2024,Divorced,65,12,NA,Pretty happy,Fair,"Unemployed, laid off, looking for work",Strong republican
2024,Married,58,19,3,Pretty happy,Good,Retired,Strong republican
2024,Widowed,81,13,6,Very happy,Fair,Retired,Not very strong republican
2024,Divorced,61,12,2,Pretty happy,Good,Other,Strong republican
2024,Married,65,12,2,Pretty happy,Fair,Working full time,Strong democrat
2024,Widowed,68,12,3,Not too happy,Good,Working full time,Not very strong republican
2024,Divorced,69,14,2,Pretty happy,Good,Retired,Strong republican
2024,Divorced,55,12,2,Pretty happy,Good,Working full time,"Independent (neither, no response)"
2024,Divorced,70,14,1,Not too happy,Excellent,Retired,Strong republican
2024,Never married,57,19,0,Very happy,Excellent,Working full time,Strong republican
2024,Married,70,14,0,Very happy,Good,Working full time,Not very strong republican
2024,Widowed,67,10,2,Pretty happy,Fair,Retired,Not very strong republican
2024,Widowed,71,13,3,Pretty happy,Excellent,Retired,"Independent, close to republican"
2024,Married,46,15,3,Very happy,Excellent,Working full time,Not very strong republican
2024,Married,52,9,4,Pretty happy,Good,Other,Strong republican
2024,Married,54,16,0,Pretty happy,Fair,NA,Strong republican
2024,Married,59,14,3,Pretty happy,Good,Working full time,Strong republican
2024,Married,24,15,1,Very happy,Good,Keeping house,Strong republican
2024,Never married,68,12,0,Pretty happy,Excellent,Retired,Not very strong republican
2024,Married,35,15,5,Pretty happy,Fair,Working full time,"Independent (neither, no response)"
2024,Married,82,12,2,Pretty happy,Good,Working full time,Strong republican
2024,Never married,82,12,0,Pretty happy,Fair,Retired,Strong republican
2024,Never married,55,11,0,Not too happy,Fair,"Unemployed, laid off, looking for work",Strong republican
2024,Married,31,12,2,Very happy,Fair,Keeping house,"Independent (neither, no response)"
2024,Married,46,13,3,Pretty happy,Excellent,Working part time,"Independent (neither, no response)"
2024,Divorced,58,15,4,Not too happy,Fair,Other,Not very strong republican
2024,Widowed,71,14,3,Pretty happy,Fair,Keeping house,Strong republican
2024,Never married,60,19,0,Not too happy,Good,Working full time,"Independent, close to democrat"
2024,Married,40,16,4,Pretty happy,Excellent,Working full time,Not very strong republican
2024,Divorced,68,14,3,Pretty happy,Fair,Retired,Strong republican
2024,Married,30,12,2,Very happy,Fair,Working full time,Not very strong democrat
2024,Widowed,85,13,2,Pretty happy,Fair,Retired,Not very strong republican
2024,Married,35,16,2,Pretty happy,Good,Keeping house,"Independent (neither, no response)"
2024,Widowed,89,12,7,Very happy,Good,Retired,Not very strong republican
2024,Married,75,13,2,Very happy,Fair,Retired,Not very strong republican
2024,Divorced,54,17,0,Pretty happy,Good,Working part time,Not very strong republican
2024,Divorced,61,19,2,Pretty happy,Fair,Retired,Not very strong republican
2024,Married,63,12,2,Very happy,Good,Retired,Strong republican
2024,Married,67,14,0,Pretty happy,Good,Retired,"Independent (neither, no response)"
2024,Married,29,15,1,Very happy,Good,Working full time,Not very strong republican
2024,Never married,55,16,0,Pretty happy,Good,Working full time,Strong republican
2024,Married,48,14,2,Very happy,Excellent,Working full time,Strong republican
2024,Never married,25,16,0,Pretty happy,Good,Working full time,"Independent, close to republican"
2024,Divorced,62,15,1,Pretty happy,Fair,Retired,Not very strong republican
2024,Divorced,62,16,4,Very happy,Excellent,Working full time,Strong democrat
2024,Never married,38,16,1,Pretty happy,Excellent,Working full time,Other party
2024,Divorced,47,15,1,Pretty happy,Excellent,Working full time,"Independent, close to republican"
2024,Married,74,16,2,Very happy,Good,Retired,"Independent, close to republican"
2024,Married,65,14,3,Very happy,Fair,Retired,"Independent (neither, no response)"
2024,Married,74,12,3,Very happy,Good,Retired,Strong democrat
2024,Married,83,12,2,Very happy,Excellent,Retired,Strong democrat
2024,Widowed,59,12,2,Very happy,Excellent,Retired,"Independent (neither, no response)"
2024,Widowed,69,13,3,Pretty happy,Good,Retired,Strong republican
2024,Never married,23,16,0,Not too happy,Poor,"Unemployed, laid off, looking for work",Not very strong democrat
2024,Never married,63,16,0,Pretty happy,Good,Other,Not very strong democrat
2024,Married,50,14,1,Pretty happy,Fair,Working full time,"Independent, close to republican"
2024,Widowed,60,20,0,Pretty happy,Good,Working part time,"Independent, close to democrat"
2024,Never married,18,11,0,Pretty happy,Fair,Other,"Independent (neither, no response)"
2024,Married,43,14,8,Pretty happy,Good,Working full time,Other party
2024,Married,39,17,2,Pretty happy,Good,Working full time,"Independent, close to republican"
2024,Married,78,16,3,Very happy,Good,Retired,Not very strong republican
2024,Never married,36,12,0,Pretty happy,Good,Working full time,Other party
2024,Never married,42,9,0,Pretty happy,Good,Working full time,Not very strong republican
2024,Married,51,14,2,Very happy,Good,Working part time,Not very strong democrat
2024,Married,76,11,2,Very happy,Good,Keeping house,Strong republican
2024,Divorced,57,12,2,Pretty happy,Fair,Working part time,Strong republican
2024,Married,33,16,2,Very happy,Good,Working full time,Not very strong republican
2024,Married,69,12,2,Very happy,Fair,Retired,Strong democrat
2024,Married,64,14,3,Pretty happy,Good,Other,"Independent, close to democrat"
2024,Divorced,67,13,4,Pretty happy,Good,Retired,"Independent, close to republican"
2024,Widowed,70,15,3,Very happy,Good,Retired,"Independent, close to democrat"
2024,Divorced,58,12,2,Pretty happy,Good,Working full time,Strong republican
2024,Never married,66,12,0,Pretty happy,Poor,Retired,"Independent, close to democrat"
2024,Divorced,53,12,4,Pretty happy,Excellent,Working full time,"Independent (neither, no response)"
2024,Married,70,12,2,Pretty happy,Good,Retired,"Independent, close to democrat"
2024,Divorced,79,13,1,Pretty happy,Good,Retired,"Independent (neither, no response)"
2024,Never married,31,11,2,Pretty happy,Fair,Working full time,Not very strong democrat
2024,Never married,26,12,3,Pretty happy,Good,Working full time,"Independent, close to republican"
2024,Never married,49,17,6,Pretty happy,Fair,Working full time,"Independent (neither, no response)"
2024,Married,26,12,1,Pretty happy,Good,Keeping house,"Independent, close to democrat"
2024,Never married,50,14,2,Pretty happy,Good,Working full time,Not very strong republican
2024,Widowed,80,7,4,Pretty happy,Poor,Retired,"Independent (neither, no response)"
2024,Divorced,38,12,2,Pretty happy,Good,Working full time,"Independent (neither, no response)"
2024,Married,67,15,4,Pretty happy,Good,Retired,"Independent (neither, no response)"
2024,Never married,18,12,0,Pretty happy,Good,Working part time,"Independent, close to republican"
2024,Married,40,17,0,Very happy,Excellent,Working full time,"Independent, close to democrat"
2024,Married,37,16,2,Not too happy,Good,Keeping house,"Independent (neither, no response)"
2024,Divorced,70,12,2,Not too happy,Excellent,Retired,Other party
2024,Never married,43,12,0,Not too happy,Fair,"Unemployed, laid off, looking for work",Other party
2024,Widowed,68,11,2,Not too happy,Fair,Retired,"Independent, close to republican"
2024,Divorced,62,11,3,Pretty happy,Good,Working full time,"Independent (neither, no response)"
2024,Divorced,44,14,1,Pretty happy,Poor,Keeping house,Not very strong democrat
2024,Never married,57,NA,3,Pretty happy,Good,Other,"Independent (neither, no response)"
2024,Divorced,55,10,1,Not too happy,Poor,Other,Other party
2024,Divorced,72,10,3,Pretty happy,Good,Other,Strong republican
2024,Married,65,12,2,Pretty happy,Good,Retired,"Independent, close to republican"
2024,Never married,18,9,0,Not too happy,Good,Working part time,"Independent (neither, no response)"
2024,Never married,NA,12,2,Very happy,Good,Keeping house,NA
2024,Never married,49,18,NA,Not too happy,Fair,Working full time,Other party
2024,Never married,27,14,2,Pretty happy,Good,Working full time,"Independent, close to democrat"
2024,Never married,60,11,0,Pretty happy,Fair,Working part time,"Independent, close to democrat"
2024,Separated,40,13,2,Pretty happy,Fair,Working full time,"Independent (neither, no response)"
2024,Divorced,62,15,6,Pretty happy,Fair,Working full time,Not very strong democrat
2024,Never married,45,15,2,Pretty happy,Fair,Keeping house,"Independent (neither, no response)"
2024,Married,45,14,2,Very happy,Good,Working full time,Strong democrat
2024,Never married,48,16,3,Pretty happy,Good,Working full time,Strong democrat
2024,Separated,55,14,2,Pretty happy,Fair,Working full time,Strong democrat
2024,Never married,36,16,2,Pretty happy,Good,Working full time,Not very strong democrat
2024,Never married,30,13,1,Pretty happy,Excellent,Working part time,"Independent (neither, no response)"
2024,Never married,59,10,2,Not too happy,Fair,"Unemployed, laid off, looking for work","Independent, close to democrat"
2024,Divorced,67,13,1,Pretty happy,Fair,Retired,Strong democrat
2024,Never married,47,14,2,Pretty happy,Good,Working full time,"Independent (neither, no response)"
2024,Married,64,16,0,Very happy,Good,Working part time,Not very strong democrat
2024,Never married,60,11,0,Pretty happy,Fair,Working full time,"Independent, close to democrat"
2024,Married,32,14,2,Not too happy,Good,Working full time,"Independent, close to republican"
2024,Never married,51,12,3,Not too happy,Fair,Keeping house,"Independent (neither, no response)"
2024,Never married,60,14,4,Not too happy,Fair,Retired,"Independent (neither, no response)"
2024,Divorced,62,12,0,Pretty happy,Fair,Retired,Strong democrat
2024,Never married,27,11,4,Not too happy,Good,"Unemployed, laid off, looking for work","Independent (neither, no response)"
2024,Never married,23,12,3,Pretty happy,Good,"Unemployed, laid off, looking for work","Independent (neither, no response)"
2024,Never married,25,14,2,Pretty happy,Fair,"Unemployed, laid off, looking for work",Strong democrat
2024,Never married,33,13,3,Not too happy,Excellent,Working full time,"Independent (neither, no response)"
2024,Never married,47,20,1,Pretty happy,Good,Working full time,"Independent (neither, no response)"
2024,Separated,57,15,2,Not too happy,Good,Working full time,Strong democrat
2024,Divorced,66,14,2,Not too happy,Good,Keeping house,Strong democrat
2024,Never married,39,16,3,Not too happy,Good,"Unemployed, laid off, looking for work",Strong democrat
2024,Never married,38,12,0,Not too happy,Poor,Keeping house,Strong democrat
2024,Married,75,12,8,Not too happy,Poor,Retired,Strong democrat
2024,Separated,75,12,5,Very happy,Fair,"Unemployed, laid off, looking for work","Independent (neither, no response)"
2024,Widowed,73,8,4,Pretty happy,Fair,Retired,"Independent, close to democrat"
2024,Never married,66,12,6,Pretty happy,Good,Retired,Strong democrat
2024,Never married,52,14,0,Not too happy,Good,Working full time,Strong democrat
2024,Never married,34,14,2,Pretty happy,Good,Working full time,Strong democrat
2024,Never married,61,11,0,Very happy,Good,Keeping house,Strong democrat
2024,Never married,44,12,6,Very happy,Good,Working part time,Strong democrat
2024,Separated,34,13,4,Pretty happy,Good,Working full time,Strong democrat
2024,Never married,53,11,3,Not too happy,Poor,Keeping house,"Independent, close to democrat"
2024,Married,47,12,1,Pretty happy,Excellent,Working full time,Not very strong democrat
2024,Married,43,11,5,Pretty happy,Fair,Keeping house,Strong democrat
2024,Divorced,44,12,3,Pretty happy,Fair,"Unemployed, laid off, looking for work",Strong democrat
2024,Never married,52,12,8,Not too happy,Poor,Keeping house,Strong democrat
2024,Never married,49,8,8,Very happy,Good,Keeping house,"Independent (neither, no response)"
2024,Widowed,62,12,0,Pretty happy,Good,Retired,Strong democrat
2024,Never married,28,12,0,Pretty happy,Excellent,Keeping house,"Independent (neither, no response)"
2024,Never married,39,12,4,Pretty happy,Fair,Keeping house,Not very strong republican
2024,Never married,50,14,2,Pretty happy,Good,Working full time,Strong democrat
2024,Never married,28,14,2,Pretty happy,Excellent,"Unemployed, laid off, looking for work",Not very strong democrat
2024,Never married,44,16,0,Not too happy,Fair,Working full time,Strong democrat
2024,Widowed,44,13,5,Very happy,Good,Working full time,Not very strong democrat
2024,Never married,42,13,3,Pretty happy,Excellent,Working part time,"Independent (neither, no response)"
2024,Never married,29,12,2,Pretty happy,Good,"Unemployed, laid off, looking for work",Not very strong republican
2024,Never married,24,11,0,Pretty happy,Good,"Unemployed, laid off, looking for work","Independent (neither, no response)"
2024,Never married,80,11,5,Pretty happy,Fair,Keeping house,Strong republican
2024,Divorced,63,15,1,Not too happy,Good,Retired,"Independent, close to democrat"
2024,Widowed,60,14,0,Pretty happy,Good,Working full time,Strong democrat
2024,Never married,51,16,2,Very happy,Good,Working part time,Not very strong democrat
2024,Married,42,12,3,Very happy,Good,Working full time,Strong democrat
2024,Never married,30,11,6,Pretty happy,Good,Working full time,NA
2024,Never married,64,14,4,Very happy,Good,In school,Strong democrat
2024,Never married,22,12,2,Not too happy,Fair,In school,"Independent (neither, no response)"
2024,Married,42,11,0,Pretty happy,Fair,Working part time,Strong republican
2024,Married,39,8,2,Very happy,Poor,Keeping house,"Independent (neither, no response)"
2024,Married,66,14,2,Very happy,Fair,Retired,Strong democrat
2024,Married,82,12,2,Pretty happy,Fair,Retired,"Independent, close to republican"
2024,Widowed,89,12,3,Very happy,Poor,Keeping house,"Independent (neither, no response)"
2024,Married,64,16,1,Pretty happy,Good,Retired,Not very strong democrat
2024,Separated,60,10,1,Pretty happy,Fair,Retired,Strong republican
2024,Widowed,64,11,2,Pretty happy,Fair,Other,"Independent, close to democrat"
2024,Divorced,63,18,1,Pretty happy,Good,Retired,"Independent, close to democrat"
2024,Never married,40,14,1,Not too happy,Good,"Unemployed, laid off, looking for work","Independent (neither, no response)"
2024,Married,84,16,4,Pretty happy,Fair,Retired,"Independent, close to republican"
2024,Never married,25,17,0,Not too happy,Good,Working full time,Not very strong democrat
2024,Married,85,16,5,Pretty happy,Excellent,Retired,Strong republican
2024,Married,59,19,1,Pretty happy,Good,Retired,"Independent (neither, no response)"
2024,Married,79,18,2,Pretty happy,Excellent,Retired,Strong democrat
2024,Married,67,12,2,Very happy,Good,Retired,"Independent, close to republican"
2024,Married,84,12,4,Not too happy,Excellent,Keeping house,Strong democrat
2024,Never married,52,12,0,Pretty happy,Fair,Working full time,"Independent (neither, no response)"
2024,Widowed,83,12,5,Very happy,Excellent,Retired,Strong republican
2024,Divorced,45,18,0,Not too happy,Excellent,Working full time,Not very strong republican
2024,Married,49,16,1,Very happy,Good,Working full time,"Independent (neither, no response)"
2024,Separated,48,20,2,Pretty happy,Good,"Unemployed, laid off, looking for work","Independent (neither, no response)"
2024,Widowed,75,16,2,Pretty happy,Excellent,Retired,"Independent, close to democrat"
2024,Widowed,71,20,1,Very happy,Good,Retired,Strong republican
2024,Married,65,16,0,Pretty happy,Fair,Retired,Strong democrat
2024,Married,73,12,8,Pretty happy,Good,Retired,Strong democrat
2024,Never married,55,12,0,Pretty happy,Fair,Other,Strong democrat
2024,Widowed,58,12,4,Not too happy,Good,Other,"Independent (neither, no response)"
2024,Never married,44,17,0,Not too happy,Good,Working part time,"Independent, close to democrat"
2024,Never married,62,13,1,Very happy,Good,Retired,Strong republican
2024,Divorced,55,15,2,Very happy,Good,Working full time,Strong republican
2024,Never married,48,11,8,Pretty happy,Good,Working full time,"Independent, close to democrat"
2024,Widowed,76,17,0,Not too happy,Good,Retired,Strong democrat
2024,Widowed,82,18,1,Pretty happy,Good,Retired,Other party
2024,Divorced,77,16,2,Pretty happy,Fair,Retired,Strong democrat
2024,Married,63,12,0,Pretty happy,Excellent,Working full time,"Independent, close to republican"
2024,Widowed,86,12,4,Pretty happy,Good,Retired,"Independent (neither, no response)"
2024,Married,55,18,1,Very happy,Excellent,Working part time,Not very strong democrat
2024,Married,NA,16,2,Pretty happy,Good,Working full time,"Independent, close to republican"
2024,Married,65,12,2,Very happy,Good,Retired,Not very strong democrat
2024,Married,71,13,3,Not too happy,Fair,Retired,Strong republican
2024,Divorced,76,13,3,Not too happy,Good,Retired,Strong republican
2024,Married,25,14,0,Very happy,Excellent,Working part time,Strong republican
2024,Married,75,16,2,Pretty happy,Excellent,Retired,Strong republican
2024,Married,NA,20,2,Pretty happy,Good,Retired,Not very strong republican
2024,Widowed,83,15,3,Very happy,Good,Retired,Strong democrat
2024,Never married,56,13,1,Not too happy,Good,Other,"Independent (neither, no response)"
2024,Divorced,74,13,2,Pretty happy,Excellent,Working part time,"Independent, close to republican"
2024,Married,29,13,0,Very happy,Good,Working full time,"Independent (neither, no response)"
2024,Married,38,12,2,Not too happy,Excellent,Keeping house,Not very strong republican
2024,Divorced,77,12,2,Pretty happy,Fair,Retired,Not very strong republican
2024,Divorced,45,12,1,Pretty happy,Fair,Working part time,Not very strong republican
2024,Divorced,54,13,3,Pretty happy,Good,Working full time,"Independent, close to republican"
2024,Married,58,12,0,Pretty happy,Good,Working part time,Strong republican
2024,Married,46,12,2,Very happy,Good,Other,Strong republican
2024,Never married,27,13,0,Pretty happy,Good,Working full time,Not very strong democrat
2024,Married,52,12,3,Very happy,Fair,Keeping house,"Independent, close to republican"
2024,Divorced,73,20,0,Not too happy,Fair,Keeping house,"Independent, close to democrat"
2024,Married,60,16,2,Very happy,Excellent,Retired,Not very strong republican
2024,Never married,24,12,0,Not too happy,Excellent,"With a job, but not at work because of temporary illness, vacation, strike",Not very strong democrat
2024,Married,71,16,3,Pretty happy,Excellent,Retired,Not very strong democrat
2024,Married,39,18,4,Pretty happy,Excellent,Working full time,Strong democrat
2024,Married,83,19,2,Not too happy,Good,Retired,Strong democrat
2024,Married,84,20,3,Pretty happy,Fair,Working part time,Not very strong democrat
2024,Married,68,14,4,Pretty happy,Fair,Working part time,"Independent, close to democrat"
2024,Married,74,12,3,Pretty happy,Good,Retired,"Independent (neither, no response)"
2024,Separated,51,20,3,Pretty happy,Excellent,Working full time,"Independent, close to democrat"
2024,Married,69,18,2,Pretty happy,Good,Retired,Not very strong democrat
